TAP version 13
# C5 CLI root: {"event":"created","path":"C:\\\\Users\\\\b_a_s\\\\AppData\\\\Local\\\\Temp\\\\aiboard-change-set-contract-hjk8OA"}
# C5 CLI root: {"event":"created","path":"C:\\\\Users\\\\b_a_s\\\\AppData\\\\Local\\\\Temp\\\\aiboard-change-set-ownership-JiZ6Gk"}
# Subtest: change sets require exact current criterion evidence mappings
ok 1 - change sets require exact current criterion evidence mappings
  ---
  duration_ms: 1758.9738
  type: 'test'
  ...
# C5 CLI root: {"event":"created","path":"C:\\\\Users\\\\b_a_s\\\\AppData\\\\Local\\\\Temp\\\\aiboard-change-set-actor-ownership-tHCnTB"}
# Subtest: criterion mappings reject evidence from another task or stale attempt
ok 2 - criterion mappings reject evidence from another task or stale attempt
  ---
  duration_ms: 1591.4119
  type: 'test'
  ...
# Subtest: criterion mappings bind evidence to the assigned worker or an attributed descendant
ok 3 - criterion mappings bind evidence to the assigned worker or an attributed descendant
  ---
  duration_ms: 1717.7249
  type: 'test'
  ...
# C5 CLI root: {"event":"exit","path":"C:\\\\Users\\\\b_a_s\\\\AppData\\\\Local\\\\Temp\\\\aiboard-change-set-contract-hjk8OA","existsAtExit":false}
# C5 CLI root: {"event":"exit","path":"C:\\\\Users\\\\b_a_s\\\\AppData\\\\Local\\\\Temp\\\\aiboard-change-set-ownership-JiZ6Gk","existsAtExit":false}
# C5 CLI root: {"event":"exit","path":"C:\\\\Users\\\\b_a_s\\\\AppData\\\\Local\\\\Temp\\\\aiboard-change-set-actor-ownership-tHCnTB","existsAtExit":false}
# C5 CLI root: {"event":"created","path":"C:\\\\Users\\\\b_a_s\\\\AppData\\\\Local\\\\Temp\\\\runner-grant-gqEpPD"}
# Subtest: issues a canonical opaque grant and consumes it for exactly its bound call
ok 4 - issues a canonical opaque grant and consumes it for exactly its bound call
  ---
  duration_ms: 9.1245
  type: 'test'
  ...
# C5 CLI root: {"event":"created","path":"C:\\\\Users\\\\b_a_s\\\\AppData\\\\Local\\\\Temp\\\\runner-grant-credentials-SM7rbg"}
# Subtest: retains only the bounded approved credential names in consumed claims
ok 5 - retains only the bounded approved credential names in consumed claims
  ---
  duration_ms: 2.4156
  type: 'test'
  ...
# C5 CLI root: {"event":"created","path":"C:\\\\Users\\\\b_a_s\\\\AppData\\\\Local\\\\Temp\\\\runner-grant-credential-clone-QPZfBx"}
# Subtest: clones every public credential-name result instead of sharing authority-owned arrays
ok 6 - clones every public credential-name result instead of sharing authority-owned arrays
  ---
  duration_ms: 2.1185
  type: 'test'
  ...
# C5 CLI root: {"event":"created","path":"C:\\\\Users\\\\b_a_s\\\\AppData\\\\Local\\\\Temp\\\\runner-grant-current-gyoLxo"}
# Subtest: makes consumed claims unusable after the ToolBroker revokes their opaque grant
ok 7 - makes consumed claims unusable after the ToolBroker revokes their opaque grant
  ---
  duration_ms: 2.2105
  type: 'test'
  ...
# C5 CLI root: {"event":"created","path":"C:\\\\Users\\\\b_a_s\\\\AppData\\\\Local\\\\Temp\\\\runner-grant-expiry-owner-FNeis7"}
# Subtest: observing expired consumed claims leaves exactly-once cleanup to ToolBroker revocation
ok 8 - observing expired consumed claims leaves exactly-once cleanup to ToolBroker revocation
  ---
  duration_ms: 2.0394
  type: 'test'
  ...
# C5 CLI root: {"event":"created","path":"C:\\\\Users\\\\b_a_s\\\\AppData\\\\Local\\\\Temp\\\\runner-grant-deny-dLMHi2"}
# C5 CLI root: {"event":"created","path":"C:\\\\Users\\\\b_a_s\\\\AppData\\\\Local\\\\Temp\\\\runner-grant-path-hdkZVV"}
# Subtest: denies forged, mismatched, escalated, expired, revoked, and restarted grants
ok 9 - denies forged, mismatched, escalated, expired, revoked, and restarted grants
  ---
  duration_ms: 6.5552
  type: 'test'
  ...
# Subtest: rejects access escalation and symbolic canonical roots before issuance
ok 10 - rejects access escalation and symbolic canonical roots before issuance
  ---
  duration_ms: 2.802
  type: 'test'
  ...
# C5 CLI root: {"event":"created","path":"C:\\\\Users\\\\b_a_s\\\\AppData\\\\Local\\\\Temp\\\\runner-grant-race-Y5AfX8"}
# Subtest: restart and cancellation close an asynchronous issuance barrier
ok 11 - restart and cancellation close an asynchronous issuance barrier
  ---
  duration_ms: 2.1744
  type: 'test'
  ...
# C5 CLI root: {"event":"exit","path":"C:\\\\Users\\\\b_a_s\\\\AppData\\\\Local\\\\Temp\\\\runner-grant-gqEpPD","existsAtExit":false}
# C5 CLI root: {"event":"exit","path":"C:\\\\Users\\\\b_a_s\\\\AppData\\\\Local\\\\Temp\\\\runner-grant-credentials-SM7rbg","existsAtExit":false}
# C5 CLI root: {"event":"exit","path":"C:\\\\Users\\\\b_a_s\\\\AppData\\\\Local\\\\Temp\\\\runner-grant-credential-clone-QPZfBx","existsAtExit":false}
# C5 CLI root: {"event":"exit","path":"C:\\\\Users\\\\b_a_s\\\\AppData\\\\Local\\\\Temp\\\\runner-grant-current-gyoLxo","existsAtExit":false}
# C5 CLI root: {"event":"exit","path":"C:\\\\Users\\\\b_a_s\\\\AppData\\\\Local\\\\Temp\\\\runner-grant-expiry-owner-FNeis7","existsAtExit":false}
# C5 CLI root: {"event":"exit","path":"C:\\\\Users\\\\b_a_s\\\\AppData\\\\Local\\\\Temp\\\\runner-grant-deny-dLMHi2","existsAtExit":false}
# C5 CLI root: {"event":"exit","path":"C:\\\\Users\\\\b_a_s\\\\AppData\\\\Local\\\\Temp\\\\runner-grant-path-hdkZVV","existsAtExit":false}
# C5 CLI root: {"event":"exit","path":"C:\\\\Users\\\\b_a_s\\\\AppData\\\\Local\\\\Temp\\\\runner-grant-race-Y5AfX8","existsAtExit":false}
# C5 CLI root: {"event":"created","path":"C:\\\\Users\\\\b_a_s\\\\AppData\\\\Local\\\\Temp\\\\aiboard-task10-bootstrap-Wstym3"}
# C5 CLI root: {"event":"created","path":"C:\\\\Users\\\\b_a_s\\\\AppData\\\\Local\\\\Temp\\\\aiboard-task10-bootstrap-guSFap"}
# C5 CLI root: {"event":"created","path":"C:\\\\Users\\\\b_a_s\\\\AppData\\\\Local\\\\Temp\\\\aiboard-task10-bootstrap-KXsmRX"}
# Subtest: bootstrap .gitignore symlink cannot mutate an outside object
ok 12 - bootstrap .gitignore symlink cannot mutate an outside object
  ---
  duration_ms: 57.4579
  type: 'test'
  ...
# Subtest: bootstrap .gitignore hardlink cannot mutate an outside object
ok 13 - bootstrap .gitignore hardlink cannot mutate an outside object
  ---
  duration_ms: 44.9424
  type: 'test'
  ...
# Subtest: bootstrap .gitignore refuses a stale prior read before creating Git metadata
ok 14 - bootstrap .gitignore refuses a stale prior read before creating Git metadata
  ---
  duration_ms: 57.3168
  type: 'test'
  ...
# C5 CLI root: {"event":"exit","path":"C:\\\\Users\\\\b_a_s\\\\AppData\\\\Local\\\\Temp\\\\aiboard-task10-bootstrap-Wstym3","existsAtExit":false}
# C5 CLI root: {"event":"exit","path":"C:\\\\Users\\\\b_a_s\\\\AppData\\\\Local\\\\Temp\\\\aiboard-task10-bootstrap-guSFap","existsAtExit":false}
# C5 CLI root: {"event":"exit","path":"C:\\\\Users\\\\b_a_s\\\\AppData\\\\Local\\\\Temp\\\\aiboard-task10-bootstrap-KXsmRX","existsAtExit":false}
# C5 CLI root: {"event":"created","path":"C:\\\\Users\\\\b_a_s\\\\AppData\\\\Local\\\\Temp\\\\aiboard-task10-fence-4blt7J"}
# C5 CLI root: {"event":"created","path":"C:\\\\Users\\\\b_a_s\\\\AppData\\\\Local\\\\Temp\\\\aiboard-task10-fence-bCtv6w"}
# Subtest: filesystem fence: fs.write requires the caller's expected revision
ok 15 - filesystem fence: fs.write requires the caller's expected revision
  ---
  duration_ms: 25.069
  type: 'test'
  ...
# C5 CLI root: {"event":"created","path":"C:\\\\Users\\\\b_a_s\\\\AppData\\\\Local\\\\Temp\\\\aiboard-task10-fence-MYL1Ts"}
# Subtest: filesystem fence: fs.patch requires the caller's expected revision
ok 16 - filesystem fence: fs.patch requires the caller's expected revision
  ---
  duration_ms: 7.6898
  type: 'test'
  ...
# C5 CLI root: {"event":"created","path":"C:\\\\Users\\\\b_a_s\\\\AppData\\\\Local\\\\Temp\\\\aiboard-task10-fence-UuJW56"}
# Subtest: filesystem fence: stale revision refuses replacement and supplies a current revision
ok 17 - filesystem fence: stale revision refuses replacement and supplies a current revision
  ---
  duration_ms: 9.0564
  type: 'test'
  ...
# C5 CLI root: {"event":"created","path":"C:\\\\Users\\\\b_a_s\\\\AppData\\\\Local\\\\Temp\\\\aiboard-task10-fence-uwhiAh"}
# Subtest: filesystem fence: an authorization-time create race cannot become replacement
ok 18 - filesystem fence: an authorization-time create race cannot become replacement
  ---
  duration_ms: 7.2569
  type: 'test'
  ...
# C5 CLI root: {"event":"created","path":"C:\\\\Users\\\\b_a_s\\\\AppData\\\\Local\\\\Temp\\\\aiboard-task10-fence-4I8cfZ"}
# Subtest: filesystem fence: publication is create-if-absent even after the final absence check
ok 19 - filesystem fence: publication is create-if-absent even after the final absence check
  ---
  duration_ms: 30.3212
  type: 'test'
  ...
# C5 CLI root: {"event":"created","path":"C:\\\\Users\\\\b_a_s\\\\AppData\\\\Local\\\\Temp\\\\aiboard-task10-fence-Jpi5MG"}
# C5 CLI root: {"event":"created","path":"C:\\\\Users\\\\b_a_s\\\\AppData\\\\Local\\\\Temp\\\\aiboard-task10-fence-OsfIBz"}
# C5 CLI root: {"event":"created","path":"C:\\\\Users\\\\b_a_s\\\\AppData\\\\Local\\\\Temp\\\\aiboard-task10-fence-Wuh7AY"}
# Subtest: filesystem fence: parent replacement cannot redirect an approved write
ok 20 - filesystem fence: parent replacement cannot redirect an approved write
  ---
  duration_ms: 10.8071
  type: 'test'
  ...
# Subtest: filesystem fence: target symbolic links are refused before replacement
ok 21 - filesystem fence: target symbolic links are refused before replacement
  ---
  duration_ms: 4.3238
  type: 'test'
  ...
# Subtest: filesystem fence: directory junction or reparse alias cannot redirect a write
ok 22 - filesystem fence: directory junction or reparse alias cannot redirect a write
  ---
  duration_ms: 4.9493
  type: 'test'
  ...
# C5 CLI root: {"event":"created","path":"C:\\\\Users\\\\b_a_s\\\\AppData\\\\Local\\\\Temp\\\\aiboard-task10-fence-6XOBzB"}
# C5 CLI root: {"event":"created","path":"C:\\\\Users\\\\b_a_s\\\\AppData\\\\Local\\\\Temp\\\\aiboard-task10-fence-7gaQhl"}
# Subtest: filesystem fence: retargeting an authorized parent to a junction is refused
ok 23 - filesystem fence: retargeting an authorized parent to a junction is refused
  ---
  duration_ms: 8.7478
  type: 'test'
  ...
# Subtest: filesystem fence: outside hard links are refused rather than claiming confinement
ok 24 - filesystem fence: outside hard links are refused rather than claiming confinement
  ---
  duration_ms: 4.4175
  type: 'test'
  ...
# C5 CLI root: {"event":"created","path":"C:\\\\Users\\\\b_a_s\\\\AppData\\\\Local\\\\Temp\\\\aiboard-task10-fence-D2Dbzx"}
# Subtest: filesystem fence: move destination must not overwrite an existing file
ok 25 - filesystem fence: move destination must not overwrite an existing file
  ---
  duration_ms: 10.3537
  type: 'test'
  ...
# C5 CLI root: {"event":"created","path":"C:\\\\Users\\\\b_a_s\\\\AppData\\\\Local\\\\Temp\\\\aiboard-task10-fence-BoEe9f"}
# Subtest: filesystem fence: move source substitution is refused
ok 26 - filesystem fence: move source substitution is refused
  ---
  duration_ms: 13.7988
  type: 'test'
  ...
# C5 CLI root: {"event":"created","path":"C:\\\\Users\\\\b_a_s\\\\AppData\\\\Local\\\\Temp\\\\aiboard-task10-fence-1deMIK"}
# Subtest: filesystem fence: move destination substitution is refused
ok 27 - filesystem fence: move destination substitution is refused
  ---
  duration_ms: 10.6302
  type: 'test'
  ...
# C5 CLI root: {"event":"created","path":"C:\\\\Users\\\\b_a_s\\\\AppData\\\\Local\\\\Temp\\\\aiboard-task10-fence-Y0UpJM"}
# Subtest: filesystem fence: delete identity substitution is refused
ok 28 - filesystem fence: delete identity substitution is refused
  ---
  duration_ms: 9.2031
  type: 'test'
  ...
# C5 CLI root: {"event":"created","path":"C:\\\\Users\\\\b_a_s\\\\AppData\\\\Local\\\\Temp\\\\aiboard-task10-fence-A6NwVI"}
# Subtest: filesystem fence: delete symlink substitution is refused
ok 29 - filesystem fence: delete symlink substitution is refused
  ---
  duration_ms: 9.3835
  type: 'test'
  ...
# C5 CLI root: {"event":"created","path":"C:\\\\Users\\\\b_a_s\\\\AppData\\\\Local\\\\Temp\\\\aiboard-task10-fence-Fq40BC"}
# Subtest: filesystem fence: the same call cannot reserve or perform a second filesystem mutation
ok 30 - filesystem fence: the same call cannot reserve or perform a second filesystem mutation
  ---
  duration_ms: 30.8152
  type: 'test'
  ...
# C5 CLI root: {"event":"created","path":"C:\\\\Users\\\\b_a_s\\\\AppData\\\\Local\\\\Temp\\\\aiboard-task10-fence-TPUnqY"}
# Subtest: filesystem fence: revocation at the last mile prevents writes
ok 31 - filesystem fence: revocation at the last mile prevents writes
  ---
  duration_ms: 5.1952
  type: 'test'
  ...
# C5 CLI root: {"event":"created","path":"C:\\\\Users\\\\b_a_s\\\\AppData\\\\Local\\\\Temp\\\\aiboard-task10-fence-CDyYKx"}
# Subtest: filesystem fence: controlled external writer proves replacement is not atomic CAS
ok 32 - filesystem fence: controlled external writer proves replacement is not atomic CAS
  ---
  duration_ms: 86.0196
  type: 'test'
  ...
# C5 CLI root: {"event":"created","path":"C:\\\\Users\\\\b_a_s\\\\AppData\\\\Local\\\\Temp\\\\aiboard-task10-fence-fObkmI"}
# Subtest: filesystem fence: ordinary create, revision replacement, patch, directory move and recursive delete work
ok 33 - filesystem fence: ordinary create, revision replacement, patch, directory move and recursive delete work
  ---
  duration_ms: 119.8675
  type: 'test'
  ...
# C5 CLI root: {"event":"created","path":"C:\\\\Users\\\\b_a_s\\\\AppData\\\\Local\\\\Temp\\\\aiboard-task10-fence-9ttQhO"}
# Subtest: filesystem fence: a permit cannot change its run after authorization
ok 34 - filesystem fence: a permit cannot change its run after authorization
  ---
  duration_ms: 8.1193
  type: 'test'
  ...
# C5 CLI root: {"event":"created","path":"C:\\\\Users\\\\b_a_s\\\\AppData\\\\Local\\\\Temp\\\\aiboard-task10-fence-MFP3Pd"}
# Subtest: filesystem fence: a permit cannot change its session after authorization
ok 35 - filesystem fence: a permit cannot change its session after authorization
  ---
  duration_ms: 4.525
  type: 'test'
  ...
# C5 CLI root: {"event":"created","path":"C:\\\\Users\\\\b_a_s\\\\AppData\\\\Local\\\\Temp\\\\aiboard-task10-fence-SFMcTn"}
# Subtest: filesystem fence: a permit cannot change its actor after authorization
ok 36 - filesystem fence: a permit cannot change its actor after authorization
  ---
  duration_ms: 4.0765
  type: 'test'
  ...
# C5 CLI root: {"event":"created","path":"C:\\\\Users\\\\b_a_s\\\\AppData\\\\Local\\\\Temp\\\\aiboard-task10-fence-Nf8lZs"}
# Subtest: filesystem fence: a permit cannot change its call after authorization
ok 37 - filesystem fence: a permit cannot change its call after authorization
  ---
  duration_ms: 4.644
  type: 'test'
  ...
# C5 CLI root: {"event":"created","path":"C:\\\\Users\\\\b_a_s\\\\AppData\\\\Local\\\\Temp\\\\aiboard-task10-fence-n8pcXn"}
# Subtest: filesystem fence: a permit cannot change its tool after authorization
ok 38 - filesystem fence: a permit cannot change its tool after authorization
  ---
  duration_ms: 4.1997
  type: 'test'
  ...
# C5 CLI root: {"event":"created","path":"C:\\\\Users\\\\b_a_s\\\\AppData\\\\Local\\\\Temp\\\\aiboard-task10-fence-r9WIJo"}
# Subtest: filesystem fence: a permit cannot change its grant after authorization
ok 39 - filesystem fence: a permit cannot change its grant after authorization
  ---
  duration_ms: 4.2009
  type: 'test'
  ...
# C5 CLI root: {"event":"created","path":"C:\\\\Users\\\\b_a_s\\\\AppData\\\\Local\\\\Temp\\\\aiboard-task10-fence-8iJbvC"}
# Subtest: filesystem fence: a permit cannot change its case-only path after authorization
ok 40 - filesystem fence: a permit cannot change its case-only path after authorization
  ---
  duration_ms: 4.7854
  type: 'test'
  ...
# C5 CLI root: {"event":"created","path":"C:\\\\Users\\\\b_a_s\\\\AppData\\\\Local\\\\Temp\\\\aiboard-task10-fence-9XY7aZ"}
# Subtest: filesystem fence: a new-file parent retarget cannot redirect create publication
ok 41 - filesystem fence: a new-file parent retarget cannot redirect create publication
  ---
  duration_ms: 7.7496
  type: 'test'
  ...
# C5 CLI root: {"event":"created","path":"C:\\\\Users\\\\b_a_s\\\\AppData\\\\Local\\\\Temp\\\\aiboard-task10-fence-YvrV3t"}
# Subtest: filesystem fence: fs.write rechecks revision after staging immediately before publication
ok 42 - filesystem fence: fs.write rechecks revision after staging immediately before publication
  ---
  duration_ms: 19.2099
  type: 'test'
  ...
# C5 CLI root: {"event":"created","path":"C:\\\\Users\\\\b_a_s\\\\AppData\\\\Local\\\\Temp\\\\aiboard-task10-fence-mfvHY3"}
# Subtest: filesystem fence: fs.patch rechecks revision after staging immediately before publication
ok 43 - filesystem fence: fs.patch rechecks revision after staging immediately before publication
  ---
  duration_ms: 20.1632
  type: 'test'
  ...
# C5 CLI root: {"event":"created","path":"C:\\\\Users\\\\b_a_s\\\\AppData\\\\Local\\\\Temp\\\\aiboard-task10-fence-mJTEps"}
# Subtest: filesystem fence: revocation after staging refuses publication and cleans its owned temporary
ok 44 - filesystem fence: revocation after staging refuses publication and cleans its owned temporary
  ---
  duration_ms: 23.3054
  type: 'test'
  ...
# C5 CLI root: {"event":"created","path":"C:\\\\Users\\\\b_a_s\\\\AppData\\\\Local\\\\Temp\\\\aiboard-task10-fence-Tc82kp"}
# Subtest: filesystem fence: move destination publication cannot overwrite a late race winner
ok 45 - filesystem fence: move destination publication cannot overwrite a late race winner
  ---
  duration_ms: 25.7136
  type: 'test'
  ...
# C5 CLI root: {"event":"created","path":"C:\\\\Users\\\\b_a_s\\\\AppData\\\\Local\\\\Temp\\\\aiboard-task10-fence-ZALqVO"}
# Subtest: filesystem fence: a source substitution at the move syscall is detected before unlink and reports partial effects
ok 46 - filesystem fence: a source substitution at the move syscall is detected before unlink and reports partial effects
  ---
  duration_ms: 29.9554
  type: 'test'
  ...
# C5 CLI root: {"event":"created","path":"C:\\\\Users\\\\b_a_s\\\\AppData\\\\Local\\\\Temp\\\\aiboard-task10-fence-e1rIv4"}
# Subtest: filesystem fence: fs.move refuses changed recursive directory membership before any effect
ok 47 - filesystem fence: fs.move refuses changed recursive directory membership before any effect
  ---
  duration_ms: 16.1568
  type: 'test'
  ...
# C5 CLI root: {"event":"created","path":"C:\\\\Users\\\\b_a_s\\\\AppData\\\\Local\\\\Temp\\\\aiboard-task10-fence-fRd8Ki"}
# Subtest: filesystem fence: fs.delete refuses changed recursive directory membership before any effect
ok 48 - filesystem fence: fs.delete refuses changed recursive directory membership before any effect
  ---
  duration_ms: 8.1777
  type: 'test'
  ...
# C5 CLI root: {"event":"created","path":"C:\\\\Users\\\\b_a_s\\\\AppData\\\\Local\\\\Temp\\\\aiboard-task10-fence-ccXzcE"}
# C5 CLI root: {"event":"created","path":"C:\\\\Users\\\\b_a_s\\\\AppData\\\\Local\\\\Temp\\\\aiboard-task10-fence-5jT3lN"}
# Subtest: filesystem fence: delete requires the original grant's destructive approval
ok 49 - filesystem fence: delete requires the original grant's destructive approval
  ---
  duration_ms: 5.7405
  type: 'test'
  ...
# Subtest: filesystem fence: a configured workspace junction cannot bypass the original grant root policy
ok 50 - filesystem fence: a configured workspace junction cannot bypass the original grant root policy
  ---
  duration_ms: 2.6408
  type: 'test'
  ...
# C5 CLI root: {"event":"created","path":"C:\\\\Users\\\\b_a_s\\\\AppData\\\\Local\\\\Temp\\\\aiboard-task10-fence-83klVM"}
# Subtest: filesystem fence: unprovable staging identity returns an explicit retained-resource failure
ok 51 - filesystem fence: unprovable staging identity returns an explicit retained-resource failure
  ---
  duration_ms: 14.7314
  type: 'test'
  ...
# C5 CLI root: {"event":"created","path":"C:\\\\Users\\\\b_a_s\\\\AppData\\\\Local\\\\Temp\\\\aiboard-task10-fence-FGONKe"}
# C5 CLI root: {"event":"created","path":"C:\\\\Users\\\\b_a_s\\\\AppData\\\\Local\\\\Temp\\\\aiboard-task10-fence-o35hJv"}
# Subtest: filesystem fence: POSIX identity contract does not treat ctime fallback as immutable creation time
ok 52 - filesystem fence: POSIX identity contract does not treat ctime fallback as immutable creation time
  ---
  duration_ms: 39.7064
  type: 'test'
  ...
# Subtest: filesystem fence: recursive capture has a typed depth bound before mutation
ok 53 - filesystem fence: recursive capture has a typed depth bound before mutation
  ---
  duration_ms: 314.3402
  type: 'test'
  ...
# C5 CLI root: {"event":"created","path":"C:\\\\Users\\\\b_a_s\\\\AppData\\\\Local\\\\Temp\\\\aiboard-task10-fence-tAGBhF"}
# Subtest: filesystem fence: Windows open destination causes a typed refusal without losing the file
ok 54 - filesystem fence: Windows open destination causes a typed refusal without losing the file
  ---
  duration_ms: 24.6752
  type: 'test'
  ...
# C5 CLI root: {"event":"created","path":"C:\\\\Users\\\\b_a_s\\\\AppData\\\\Local\\\\Temp\\\\aiboard-task10-fence-oqH5e4"}
# Subtest: filesystem fence: an unobserved entry after recursive preflight survives the removal syscall
ok 55 - filesystem fence: an unobserved entry after recursive preflight survives the removal syscall
  ---
  duration_ms: 13.4034
  type: 'test'
  ...
# C5 CLI root: {"event":"created","path":"C:\\\\Users\\\\b_a_s\\\\AppData\\\\Local\\\\Temp\\\\aiboard-task10-fence-z67IDq"}
# Subtest: filesystem fence: POSIX distinct birthtime still detects a generation change
ok 56 - filesystem fence: POSIX distinct birthtime still detects a generation change
  ---
  duration_ms: 9.1137
  type: 'test'
  ...
# C5 CLI root: {"event":"created","path":"C:\\\\Users\\\\b_a_s\\\\AppData\\\\Local\\\\Temp\\\\aiboard-task10-fence-mNdTt3"}
# Subtest: filesystem fence: fs.write refuses a hard link introduced after authorization
ok 57 - filesystem fence: fs.write refuses a hard link introduced after authorization
  ---
  duration_ms: 8.3129
  type: 'test'
  ...
# C5 CLI root: {"event":"created","path":"C:\\\\Users\\\\b_a_s\\\\AppData\\\\Local\\\\Temp\\\\aiboard-task10-fence-UUSkhE"}
# Subtest: filesystem fence: fs.move refuses a hard link introduced after authorization
ok 58 - filesystem fence: fs.move refuses a hard link introduced after authorization
  ---
  duration_ms: 11.9032
  type: 'test'
  ...
# C5 CLI root: {"event":"created","path":"C:\\\\Users\\\\b_a_s\\\\AppData\\\\Local\\\\Temp\\\\aiboard-task10-fence-HgL1m5"}
# Subtest: filesystem fence: fs.delete refuses a hard link introduced after authorization
ok 59 - filesystem fence: fs.delete refuses a hard link introduced after authorization
  ---
  duration_ms: 8.1442
  type: 'test'
  ...
# C5 CLI root: {"event":"created","path":"C:\\\\Users\\\\b_a_s\\\\AppData\\\\Local\\\\Temp\\\\aiboard-task10-fence-oeFjZo"}
# Subtest: filesystem fence: consuming diagnostics authority prevents a subsequent filesystem effect
ok 60 - filesystem fence: consuming diagnostics authority prevents a subsequent filesystem effect
  ---
  duration_ms: 5.2854
  type: 'test'
  ...
# C5 CLI root: {"event":"created","path":"C:\\\\Users\\\\b_a_s\\\\AppData\\\\Local\\\\Temp\\\\aiboard-task10-fence-fvj35X"}
# Subtest: filesystem fence: project policy preserves logical move approval and denies unapproved outside writes
ok 61 - filesystem fence: project policy preserves logical move approval and denies unapproved outside writes
  ---
  duration_ms: 37.4553
  type: 'test'
  ...
# C5 CLI root: {"event":"created","path":"C:\\\\Users\\\\b_a_s\\\\AppData\\\\Local\\\\Temp\\\\aiboard-task10-fence-tozZLL"}
# C5 CLI root: {"event":"created","path":"C:\\\\Users\\\\b_a_s\\\\AppData\\\\Local\\\\Temp\\\\aiboard-task10-fence-sBkFym"}
# Subtest: filesystem fence: OS refusal is durably completed and replayed rather than left in doubt
ok 62 - filesystem fence: OS refusal is durably completed and replayed rather than left in doubt
  ---
  duration_ms: 52.1389
  type: 'test'
  ...
# Subtest: filesystem fence: Windows device, alternate stream and ambiguous names are refused
ok 63 - filesystem fence: Windows device, alternate stream and ambiguous names are refused
  ---
  duration_ms: 2.526
  type: 'test'
  ...
# C5 CLI root: {"event":"created","path":"C:\\\\Users\\\\b_a_s\\\\AppData\\\\Local\\\\Temp\\\\aiboard-task10-fence-dvMxPf"}
# Subtest: filesystem fence: review2: create link refusal EPERM is actionable and cleans staging
ok 64 - filesystem fence: review2: create link refusal EPERM is actionable and cleans staging
  ---
  duration_ms: 24.7478
  type: 'test'
  ...
# C5 CLI root: {"event":"created","path":"C:\\\\Users\\\\b_a_s\\\\AppData\\\\Local\\\\Temp\\\\aiboard-task10-fence-cdGu68"}
# Subtest: filesystem fence: review2: create link refusal EACCES is actionable and cleans staging
ok 65 - filesystem fence: review2: create link refusal EACCES is actionable and cleans staging
  ---
  duration_ms: 28.3223
  type: 'test'
  ...
# C5 CLI root: {"event":"created","path":"C:\\\\Users\\\\b_a_s\\\\AppData\\\\Local\\\\Temp\\\\aiboard-task10-fence-JfdY9x"}
# C5 CLI root: {"event":"created","path":"C:\\\\Users\\\\b_a_s\\\\AppData\\\\Local\\\\Temp\\\\aiboard-task10-fence-uE5HAc"}
# Subtest: filesystem fence: review2: create link refusal EMLINK is actionable and cleans staging
ok 66 - filesystem fence: review2: create link refusal EMLINK is actionable and cleans staging
  ---
  duration_ms: 28.2073
  type: 'test'
  ...
# Subtest: filesystem fence: review2: POSIX canonical spelling refusal supplies the exact retry path without broadening authority
ok 67 - filesystem fence: review2: POSIX canonical spelling refusal supplies the exact retry path without broadening authority
  ---
  duration_ms: 5.7315
  type: 'test'
  ...
# C5 CLI root: {"event":"created","path":"C:\\\\Users\\\\b_a_s\\\\AppData\\\\Local\\\\Temp\\\\aiboard-task10-fence-vhdWub"}
# Subtest: filesystem fence: review2: POSIX catches a same-object writer after the final revision read
ok 68 - filesystem fence: review2: POSIX catches a same-object writer after the final revision read
  ---
  duration_ms: 30.9901
  type: 'test'
  ...
# C5 CLI root: {"event":"created","path":"C:\\\\Users\\\\b_a_s\\\\AppData\\\\Local\\\\Temp\\\\aiboard-task10-fence-ikgmZT"}
# Subtest: filesystem fence: review2: POSIX positioned rehash and handle cleanup contract (0 bytes)
ok 69 - filesystem fence: review2: POSIX positioned rehash and handle cleanup contract (0 bytes)
  ---
  duration_ms: 27.7519
  type: 'test'
  ...
# C5 CLI root: {"event":"created","path":"C:\\\\Users\\\\b_a_s\\\\AppData\\\\Local\\\\Temp\\\\aiboard-task10-fence-nWFxs5"}
# Subtest: filesystem fence: review2: POSIX positioned rehash and handle cleanup contract (131073 bytes)
ok 70 - filesystem fence: review2: POSIX positioned rehash and handle cleanup contract (131073 bytes)
  ---
  duration_ms: 35.9062
  type: 'test'
  ...
# C5 CLI root: {"event":"created","path":"C:\\\\Users\\\\b_a_s\\\\AppData\\\\Local\\\\Temp\\\\aiboard-task10-fence-fv59jE"}
# Subtest: filesystem fence: review2: missing intermediate parent needs explicit createDirectories
ok 71 - filesystem fence: review2: missing intermediate parent needs explicit createDirectories
  ---
  duration_ms: 14.1302
  type: 'test'
  ...
# C5 CLI root: {"event":"created","path":"C:\\\\Users\\\\b_a_s\\\\AppData\\\\Local\\\\Temp\\\\aiboard-task10-fence-egbf4D"}
# Subtest: filesystem fence: review2: mkdir race never takes over the winning directory
ok 72 - filesystem fence: review2: mkdir race never takes over the winning directory
  ---
  duration_ms: 17.1534
  type: 'test'
  ...
# Subtest: filesystem fence: review2: cross-device move refuses without copying or deleting the source
ok 73 - filesystem fence: review2: cross-device move refuses without copying or deleting the source
  ---
  duration_ms: 21.5558
  type: 'test'
  ...
# C5 CLI root: {"event":"exit","path":"C:\\\\Users\\\\b_a_s\\\\AppData\\\\Local\\\\Temp\\\\aiboard-task10-fence-4blt7J","existsAtExit":false}
# C5 CLI root: {"event":"exit","path":"C:\\\\Users\\\\b_a_s\\\\AppData\\\\Local\\\\Temp\\\\aiboard-task10-fence-bCtv6w","existsAtExit":false}
# C5 CLI root: {"event":"exit","path":"C:\\\\Users\\\\b_a_s\\\\AppData\\\\Local\\\\Temp\\\\aiboard-task10-fence-MYL1Ts","existsAtExit":false}
# C5 CLI root: {"event":"exit","path":"C:\\\\Users\\\\b_a_s\\\\AppData\\\\Local\\\\Temp\\\\aiboard-task10-fence-UuJW56","existsAtExit":false}
# C5 CLI root: {"event":"exit","path":"C:\\\\Users\\\\b_a_s\\\\AppData\\\\Local\\\\Temp\\\\aiboard-task10-fence-uwhiAh","existsAtExit":false}
# C5 CLI root: {"event":"exit","path":"C:\\\\Users\\\\b_a_s\\\\AppData\\\\Local\\\\Temp\\\\aiboard-task10-fence-4I8cfZ","existsAtExit":false}
# C5 CLI root: {"event":"exit","path":"C:\\\\Users\\\\b_a_s\\\\AppData\\\\Local\\\\Temp\\\\aiboard-task10-fence-Jpi5MG","existsAtExit":false}
# C5 CLI root: {"event":"exit","path":"C:\\\\Users\\\\b_a_s\\\\AppData\\\\Local\\\\Temp\\\\aiboard-task10-fence-OsfIBz","existsAtExit":false}
# C5 CLI root: {"event":"exit","path":"C:\\\\Users\\\\b_a_s\\\\AppData\\\\Local\\\\Temp\\\\aiboard-task10-fence-Wuh7AY","existsAtExit":false}
# C5 CLI root: {"event":"exit","path":"C:\\\\Users\\\\b_a_s\\\\AppData\\\\Local\\\\Temp\\\\aiboard-task10-fence-6XOBzB","existsAtExit":false}
# C5 CLI root: {"event":"exit","path":"C:\\\\Users\\\\b_a_s\\\\AppData\\\\Local\\\\Temp\\\\aiboard-task10-fence-7gaQhl","existsAtExit":false}
# C5 CLI root: {"event":"exit","path":"C:\\\\Users\\\\b_a_s\\\\AppData\\\\Local\\\\Temp\\\\aiboard-task10-fence-D2Dbzx","existsAtExit":false}
# C5 CLI root: {"event":"exit","path":"C:\\\\Users\\\\b_a_s\\\\AppData\\\\Local\\\\Temp\\\\aiboard-task10-fence-BoEe9f","existsAtExit":false}
# C5 CLI root: {"event":"exit","path":"C:\\\\Users\\\\b_a_s\\\\AppData\\\\Local\\\\Temp\\\\aiboard-task10-fence-1deMIK","existsAtExit":false}
# C5 CLI root: {"event":"exit","path":"C:\\\\Users\\\\b_a_s\\\\AppData\\\\Local\\\\Temp\\\\aiboard-task10-fence-Y0UpJM","existsAtExit":false}
# C5 CLI root: {"event":"exit","path":"C:\\\\Users\\\\b_a_s\\\\AppData\\\\Local\\\\Temp\\\\aiboard-task10-fence-A6NwVI","existsAtExit":false}
# C5 CLI root: {"event":"exit","path":"C:\\\\Users\\\\b_a_s\\\\AppData\\\\Local\\\\Temp\\\\aiboard-task10-fence-Fq40BC","existsAtExit":false}
# C5 CLI root: {"event":"exit","path":"C:\\\\Users\\\\b_a_s\\\\AppData\\\\Local\\\\Temp\\\\aiboard-task10-fence-TPUnqY","existsAtExit":false}
# C5 CLI root: {"event":"exit","path":"C:\\\\Users\\\\b_a_s\\\\AppData\\\\Local\\\\Temp\\\\aiboard-task10-fence-CDyYKx","existsAtExit":false}
# C5 CLI root: {"event":"exit","path":"C:\\\\Users\\\\b_a_s\\\\AppData\\\\Local\\\\Temp\\\\aiboard-task10-fence-fObkmI","existsAtExit":false}
# C5 CLI root: {"event":"exit","path":"C:\\\\Users\\\\b_a_s\\\\AppData\\\\Local\\\\Temp\\\\aiboard-task10-fence-9ttQhO","existsAtExit":false}
# C5 CLI root: {"event":"exit","path":"C:\\\\Users\\\\b_a_s\\\\AppData\\\\Local\\\\Temp\\\\aiboard-task10-fence-MFP3Pd","existsAtExit":false}
# C5 CLI root: {"event":"exit","path":"C:\\\\Users\\\\b_a_s\\\\AppData\\\\Local\\\\Temp\\\\aiboard-task10-fence-SFMcTn","existsAtExit":false}
# C5 CLI root: {"event":"exit","path":"C:\\\\Users\\\\b_a_s\\\\AppData\\\\Local\\\\Temp\\\\aiboard-task10-fence-Nf8lZs","existsAtExit":false}
# C5 CLI root: {"event":"exit","path":"C:\\\\Users\\\\b_a_s\\\\AppData\\\\Local\\\\Temp\\\\aiboard-task10-fence-n8pcXn","existsAtExit":false}
# C5 CLI root: {"event":"exit","path":"C:\\\\Users\\\\b_a_s\\\\AppData\\\\Local\\\\Temp\\\\aiboard-task10-fence-r9WIJo","existsAtExit":false}
# C5 CLI root: {"event":"exit","path":"C:\\\\Users\\\\b_a_s\\\\AppData\\\\Local\\\\Temp\\\\aiboard-task10-fence-8iJbvC","existsAtExit":false}
# C5 CLI root: {"event":"exit","path":"C:\\\\Users\\\\b_a_s\\\\AppData\\\\Local\\\\Temp\\\\aiboard-task10-fence-9XY7aZ","existsAtExit":false}
# C5 CLI root: {"event":"exit","path":"C:\\\\Users\\\\b_a_s\\\\AppData\\\\Local\\\\Temp\\\\aiboard-task10-fence-YvrV3t","existsAtExit":false}
# C5 CLI root: {"event":"exit","path":"C:\\\\Users\\\\b_a_s\\\\AppData\\\\Local\\\\Temp\\\\aiboard-task10-fence-mfvHY3","existsAtExit":false}
# C5 CLI root: {"event":"exit","path":"C:\\\\Users\\\\b_a_s\\\\AppData\\\\Local\\\\Temp\\\\aiboard-task10-fence-mJTEps","existsAtExit":false}
# C5 CLI root: {"event":"exit","path":"C:\\\\Users\\\\b_a_s\\\\AppData\\\\Local\\\\Temp\\\\aiboard-task10-fence-Tc82kp","existsAtExit":false}
# C5 CLI root: {"event":"exit","path":"C:\\\\Users\\\\b_a_s\\\\AppData\\\\Local\\\\Temp\\\\aiboard-task10-fence-ZALqVO","existsAtExit":false}
# C5 CLI root: {"event":"exit","path":"C:\\\\Users\\\\b_a_s\\\\AppData\\\\Local\\\\Temp\\\\aiboard-task10-fence-e1rIv4","existsAtExit":false}
# C5 CLI root: {"event":"exit","path":"C:\\\\Users\\\\b_a_s\\\\AppData\\\\Local\\\\Temp\\\\aiboard-task10-fence-fRd8Ki","existsAtExit":false}
# C5 CLI root: {"event":"exit","path":"C:\\\\Users\\\\b_a_s\\\\AppData\\\\Local\\\\Temp\\\\aiboard-task10-fence-ccXzcE","existsAtExit":false}
# C5 CLI root: {"event":"exit","path":"C:\\\\Users\\\\b_a_s\\\\AppData\\\\Local\\\\Temp\\\\aiboard-task10-fence-5jT3lN","existsAtExit":false}
# C5 CLI root: {"event":"exit","path":"C:\\\\Users\\\\b_a_s\\\\AppData\\\\Local\\\\Temp\\\\aiboard-task10-fence-83klVM","existsAtExit":false}
# C5 CLI root: {"event":"exit","path":"C:\\\\Users\\\\b_a_s\\\\AppData\\\\Local\\\\Temp\\\\aiboard-task10-fence-FGONKe","existsAtExit":false}
# C5 CLI root: {"event":"exit","path":"C:\\\\Users\\\\b_a_s\\\\AppData\\\\Local\\\\Temp\\\\aiboard-task10-fence-o35hJv","existsAtExit":false}
# C5 CLI root: {"event":"exit","path":"C:\\\\Users\\\\b_a_s\\\\AppData\\\\Local\\\\Temp\\\\aiboard-task10-fence-tAGBhF","existsAtExit":false}
# C5 CLI root: {"event":"exit","path":"C:\\\\Users\\\\b_a_s\\\\AppData\\\\Local\\\\Temp\\\\aiboard-task10-fence-oqH5e4","existsAtExit":false}
# C5 CLI root: {"event":"exit","path":"C:\\\\Users\\\\b_a_s\\\\AppData\\\\Local\\\\Temp\\\\aiboard-task10-fence-z67IDq","existsAtExit":false}
# C5 CLI root: {"event":"exit","path":"C:\\\\Users\\\\b_a_s\\\\AppData\\\\Local\\\\Temp\\\\aiboard-task10-fence-mNdTt3","existsAtExit":false}
# C5 CLI root: {"event":"exit","path":"C:\\\\Users\\\\b_a_s\\\\AppData\\\\Local\\\\Temp\\\\aiboard-task10-fence-UUSkhE","existsAtExit":false}
# C5 CLI root: {"event":"exit","path":"C:\\\\Users\\\\b_a_s\\\\AppData\\\\Local\\\\Temp\\\\aiboard-task10-fence-HgL1m5","existsAtExit":false}
# C5 CLI root: {"event":"exit","path":"C:\\\\Users\\\\b_a_s\\\\AppData\\\\Local\\\\Temp\\\\aiboard-task10-fence-oeFjZo","existsAtExit":false}
# C5 CLI root: {"event":"exit","path":"C:\\\\Users\\\\b_a_s\\\\AppData\\\\Local\\\\Temp\\\\aiboard-task10-fence-fvj35X","existsAtExit":false}
# C5 CLI root: {"event":"exit","path":"C:\\\\Users\\\\b_a_s\\\\AppData\\\\Local\\\\Temp\\\\aiboard-task10-fence-tozZLL","existsAtExit":false}
# C5 CLI root: {"event":"exit","path":"C:\\\\Users\\\\b_a_s\\\\AppData\\\\Local\\\\Temp\\\\aiboard-task10-fence-sBkFym","existsAtExit":false}
# C5 CLI root: {"event":"exit","path":"C:\\\\Users\\\\b_a_s\\\\AppData\\\\Local\\\\Temp\\\\aiboard-task10-fence-dvMxPf","existsAtExit":false}
# C5 CLI root: {"event":"exit","path":"C:\\\\Users\\\\b_a_s\\\\AppData\\\\Local\\\\Temp\\\\aiboard-task10-fence-cdGu68","existsAtExit":false}
# C5 CLI root: {"event":"exit","path":"C:\\\\Users\\\\b_a_s\\\\AppData\\\\Local\\\\Temp\\\\aiboard-task10-fence-JfdY9x","existsAtExit":false}
# C5 CLI root: {"event":"exit","path":"C:\\\\Users\\\\b_a_s\\\\AppData\\\\Local\\\\Temp\\\\aiboard-task10-fence-uE5HAc","existsAtExit":false}
# C5 CLI root: {"event":"exit","path":"C:\\\\Users\\\\b_a_s\\\\AppData\\\\Local\\\\Temp\\\\aiboard-task10-fence-vhdWub","existsAtExit":false}
# C5 CLI root: {"event":"exit","path":"C:\\\\Users\\\\b_a_s\\\\AppData\\\\Local\\\\Temp\\\\aiboard-task10-fence-ikgmZT","existsAtExit":false}
# C5 CLI root: {"event":"exit","path":"C:\\\\Users\\\\b_a_s\\\\AppData\\\\Local\\\\Temp\\\\aiboard-task10-fence-nWFxs5","existsAtExit":false}
# C5 CLI root: {"event":"exit","path":"C:\\\\Users\\\\b_a_s\\\\AppData\\\\Local\\\\Temp\\\\aiboard-task10-fence-fv59jE","existsAtExit":false}
# C5 CLI root: {"event":"exit","path":"C:\\\\Users\\\\b_a_s\\\\AppData\\\\Local\\\\Temp\\\\aiboard-task10-fence-egbf4D","existsAtExit":false}
# Subtest: native filesystem mutation-capable imports have a closed reviewed ownership boundary
ok 74 - native filesystem mutation-capable imports have a closed reviewed ownership boundary
  ---
  duration_ms: 365.5877
  type: 'test'
  ...
# Subtest: all four native mutations and bootstrap content route through the trusted seam
ok 75 - all four native mutations and bootstrap content route through the trusted seam
  ---
  duration_ms: 0.5999
  type: 'test'
  ...
# C5 CLI root: {"event":"created","path":"C:\\\\Users\\\\b_a_s\\\\AppData\\\\Local\\\\Temp\\\\aiboard-fs-tools-xOTL8m"}
# C5 CLI root: {"event":"created","path":"C:\\\\Users\\\\b_a_s\\\\AppData\\\\Local\\\\Temp\\\\aiboard-fs-patch-crlf-89JshP"}
# Subtest: filesystem tools read, inspect, list, search, and preserve CRLF edits
ok 76 - filesystem tools read, inspect, list, search, and preserve CRLF edits
  ---
  duration_ms: 203.9797
  type: 'test'
  ...
# C5 CLI root: {"event":"created","path":"C:\\\\Users\\\\b_a_s\\\\AppData\\\\Local\\\\Temp\\\\aiboard-fs-git-aware-qLY9VU"}
# Subtest: fs.patch accepts LF multiline edits for CRLF files without mixing line endings
ok 77 - fs.patch accepts LF multiline edits for CRLF files without mixing line endings
  ---
  duration_ms: 37.8392
  type: 'test'
  ...
# C5 CLI root: {"event":"created","path":"C:\\\\Users\\\\b_a_s\\\\AppData\\\\Local\\\\Temp\\\\aiboard-fs-mutations-bXIL9z"}
# Subtest: directory listing and search follow Git discovery and classification
ok 78 - directory listing and search follow Git discovery and classification
  ---
  duration_ms: 641.0303
  type: 'test'
  ...
# C5 CLI root: {"event":"created","path":"C:\\\\Users\\\\b_a_s\\\\AppData\\\\Local\\\\Temp\\\\aiboard-fs-diagnostics-hjTgm8"}
# Subtest: filesystem mutations are revision-aware, serialized, movable, and deletable
ok 79 - filesystem mutations are revision-aware, serialized, movable, and deletable
  ---
  duration_ms: 82.707
  type: 'test'
  ...
# C5 CLI root: {"event":"created","path":"C:\\\\Users\\\\b_a_s\\\\AppData\\\\Local\\\\Temp\\\\aiboard-fs-diagnostic-failure-Us2wTh"}
# Subtest: text mutations attach changed-file TypeScript diagnostics
ok 80 - text mutations attach changed-file TypeScript diagnostics
  ---
  duration_ms: 301.9193
  type: 'test'
  ...
# C5 CLI root: {"event":"created","path":"C:\\\\Users\\\\b_a_s\\\\AppData\\\\Local\\\\Temp\\\\aiboard-fs-benchmark-policy-ARQWxx"}
# Subtest: diagnostic failures never roll back a successful atomic mutation
ok 81 - diagnostic failures never roll back a successful atomic mutation
  ---
  duration_ms: 28.6931
  type: 'test'
  ...
# Subtest: benchmark filesystem policy hides oracle files and protects verifier assets
ok 82 - benchmark filesystem policy hides oracle files and protects verifier assets
  ---
  duration_ms: 110.6696
  type: 'test'
  ...
# C5 CLI root: {"event":"exit","path":"C:\\\\Users\\\\b_a_s\\\\AppData\\\\Local\\\\Temp\\\\aiboard-fs-tools-xOTL8m","existsAtExit":false}
# C5 CLI root: {"event":"exit","path":"C:\\\\Users\\\\b_a_s\\\\AppData\\\\Local\\\\Temp\\\\aiboard-fs-patch-crlf-89JshP","existsAtExit":false}
# C5 CLI root: {"event":"exit","path":"C:\\\\Users\\\\b_a_s\\\\AppData\\\\Local\\\\Temp\\\\aiboard-fs-git-aware-qLY9VU","existsAtExit":false}
# C5 CLI root: {"event":"exit","path":"C:\\\\Users\\\\b_a_s\\\\AppData\\\\Local\\\\Temp\\\\aiboard-fs-mutations-bXIL9z","existsAtExit":false}
# C5 CLI root: {"event":"exit","path":"C:\\\\Users\\\\b_a_s\\\\AppData\\\\Local\\\\Temp\\\\aiboard-fs-diagnostics-hjTgm8","existsAtExit":false}
# C5 CLI root: {"event":"exit","path":"C:\\\\Users\\\\b_a_s\\\\AppData\\\\Local\\\\Temp\\\\aiboard-fs-diagnostic-failure-Us2wTh","existsAtExit":false}
# C5 CLI root: {"event":"exit","path":"C:\\\\Users\\\\b_a_s\\\\AppData\\\\Local\\\\Temp\\\\aiboard-fs-benchmark-policy-ARQWxx","existsAtExit":false}
# C5 CLI root: {"event":"created","path":"C:\\\\Users\\\\b_a_s\\\\AppData\\\\Local\\\\Temp\\\\aiboard-final-verification-browser-complete-HZIdKK"}
# C5 CLI root: {"event":"created","path":"C:\\\\Users\\\\b_a_s\\\\AppData\\\\Local\\\\Temp\\\\aiboard-final-verification-browser-missing-screenshot-A1tZj5"}
# Subtest: browser verification records complete URL, DOM, screenshot, and event facts
ok 83 - browser verification records complete URL, DOM, screenshot, and event facts
  ---
  duration_ms: 2567.9027
  type: 'test'
  ...
# C5 CLI root: {"event":"created","path":"C:\\\\Users\\\\b_a_s\\\\AppData\\\\Local\\\\Temp\\\\aiboard-final-verification-browser-redirect-6P8Kn1"}
# Subtest: browser verification rejects missing screenshot evidence
ok 84 - browser verification rejects missing screenshot evidence
  ---
  duration_ms: 2824.2233
  type: 'test'
  ...
# C5 CLI root: {"event":"created","path":"C:\\\\Users\\\\b_a_s\\\\AppData\\\\Local\\\\Temp\\\\aiboard-final-verification-browser-policy-RdnBYL"}
# Subtest: browser verification preserves the requested URL across a normal redirect
ok 85 - browser verification preserves the requested URL across a normal redirect
  ---
  duration_ms: 2755.873
  type: 'test'
  ...
# C5 CLI root: {"event":"created","path":"C:\\\\Users\\\\b_a_s\\\\AppData\\\\Local\\\\Temp\\\\aiboard-final-verification-browser-navigation-thrown-DXKLd5"}
# Subtest: browser verification rejects unallowed console and failed-network events
ok 86 - browser verification rejects unallowed console and failed-network events
  ---
  duration_ms: 2727.6892
  type: 'test'
  ...
# C5 CLI root: {"event":"created","path":"C:\\\\Users\\\\b_a_s\\\\AppData\\\\Local\\\\Temp\\\\aiboard-final-verification-browser-navigation-cancelled-HB8qGo"}
# Subtest: browser verification closes once after thrown or cancelled navigation
ok 87 - browser verification closes once after thrown or cancelled navigation
  ---
  duration_ms: 4870.0388
  type: 'test'
  ...
# C5 CLI root: {"event":"exit","path":"C:\\\\Users\\\\b_a_s\\\\AppData\\\\Local\\\\Temp\\\\aiboard-final-verification-browser-complete-HZIdKK","existsAtExit":false}
# C5 CLI root: {"event":"exit","path":"C:\\\\Users\\\\b_a_s\\\\AppData\\\\Local\\\\Temp\\\\aiboard-final-verification-browser-missing-screenshot-A1tZj5","existsAtExit":false}
# C5 CLI root: {"event":"exit","path":"C:\\\\Users\\\\b_a_s\\\\AppData\\\\Local\\\\Temp\\\\aiboard-final-verification-browser-redirect-6P8Kn1","existsAtExit":false}
# C5 CLI root: {"event":"exit","path":"C:\\\\Users\\\\b_a_s\\\\AppData\\\\Local\\\\Temp\\\\aiboard-final-verification-browser-policy-RdnBYL","existsAtExit":false}
# C5 CLI root: {"event":"exit","path":"C:\\\\Users\\\\b_a_s\\\\AppData\\\\Local\\\\Temp\\\\aiboard-final-verification-browser-navigation-thrown-DXKLd5","existsAtExit":false}
# C5 CLI root: {"event":"exit","path":"C:\\\\Users\\\\b_a_s\\\\AppData\\\\Local\\\\Temp\\\\aiboard-final-verification-browser-navigation-cancelled-HB8qGo","existsAtExit":false}
# C5 CLI root: {"event":"created","path":"C:\\\\Users\\\\b_a_s\\\\AppData\\\\Local\\\\Temp\\\\aiboard-fv-cleanup-archive-IZi0mI"}
# C5 CLI root: {"event":"created","path":"C:\\\\Users\\\\b_a_s\\\\AppData\\\\Local\\\\Temp\\\\aiboard-fv-cleanup-structured-redaction-6OSLCF"}
# Subtest: failed verification diagnostics archive dirty files before exact cleanup
ok 88 - failed verification diagnostics archive dirty files before exact cleanup
  ---
  duration_ms: 2852.5927
  type: 'test'
  ...
# C5 CLI root: {"event":"created","path":"C:\\\\Users\\\\b_a_s\\\\AppData\\\\Local\\\\Temp\\\\aiboard-fv-cleanup-crash-after-workspace-delete-oimMxj"}
# Subtest: diagnostics redact structured keys, argv pairs, bearer values, and URL credentials
ok 89 - diagnostics redact structured keys, argv pairs, bearer values, and URL credentials
  ---
  duration_ms: 2281.5279
  type: 'test'
  ...
# C5 CLI root: {"event":"created","path":"C:\\\\Users\\\\b_a_s\\\\AppData\\\\Local\\\\Temp\\\\aiboard-fv-cleanup-legacy-archive-repair-j3v2Sj"}
# Subtest: failed cleanup converges after a crash between workspace deletion and receipt persistence
ok 90 - failed cleanup converges after a crash between workspace deletion and receipt persistence
  ---
  duration_ms: 2361.1691
  type: 'test'
  ...
# C5 CLI root: {"event":"created","path":"C:\\\\Users\\\\b_a_s\\\\AppData\\\\Local\\\\Temp\\\\aiboard-fv-cleanup-archive-rebind-xtcyBZ"}
# Subtest: restart repairs a legacy unsafe diagnostics archive after its cleanup receipt was rejected
ok 91 - restart repairs a legacy unsafe diagnostics archive after its cleanup receipt was rejected
  ---
  duration_ms: 2457.7451
  type: 'test'
  ...
# C5 CLI root: {"event":"created","path":"C:\\\\Users\\\\b_a_s\\\\AppData\\\\Local\\\\Temp\\\\aiboard-fv-cleanup-forged-receipt-GTcUSf"}
# Subtest: an existing diagnostics archive cannot be rebound to different failure facts
ok 92 - an existing diagnostics archive cannot be rebound to different failure facts
  ---
  duration_ms: 2397.8798
  type: 'test'
  ...
# C5 CLI root: {"event":"created","path":"C:\\\\Users\\\\b_a_s\\\\AppData\\\\Local\\\\Temp\\\\aiboard-fv-cleanup-diagnostic-failure-5pk77D"}
# Subtest: a forged cleanup receipt cannot inject an unowned diagnostics path
ok 93 - a forged cleanup receipt cannot inject an unowned diagnostics path
  ---
  duration_ms: 2148.6596
  type: 'test'
  ...
# C5 CLI root: {"event":"created","path":"C:\\\\Users\\\\b_a_s\\\\AppData\\\\Local\\\\Temp\\\\aiboard-fv-cleanup-process-failure-y3UmWt"}
# Subtest: diagnostics failure retains verification workspace
ok 94 - diagnostics failure retains verification workspace
  ---
  duration_ms: 2200.7312
  type: 'test'
  ...
# C5 CLI root: {"event":"created","path":"C:\\\\Users\\\\b_a_s\\\\AppData\\\\Local\\\\Temp\\\\aiboard-fv-cleanup-owner-idempotent-afytyb"}
# Subtest: process stop failure never falls through to workspace removal
ok 95 - process stop failure never falls through to workspace removal
  ---
  duration_ms: 2349.902
  type: 'test'
  ...
# C5 CLI root: {"event":"created","path":"C:\\\\Users\\\\b_a_s\\\\AppData\\\\Local\\\\Temp\\\\aiboard-fv-cleanup-multiple-generations-M6Nxd6"}
# Subtest: wrong workspace ownership refuses deletion and successful cleanup is idempotent
ok 96 - wrong workspace ownership refuses deletion and successful cleanup is idempotent
  ---
  duration_ms: 2357.4207
  type: 'test'
  ...
# C5 CLI root: {"event":"created","path":"C:\\\\Users\\\\b_a_s\\\\AppData\\\\Local\\\\Temp\\\\aiboard-fv-cleanup-guidance-retirement-UmZ0Jp"}
# Subtest: later generation cleanup is not skipped and quiesce preserves its workspace
ok 97 - later generation cleanup is not skipped and quiesce preserves its workspace
  ---
  duration_ms: 3172.1364
  type: 'test'
  ...
# C5 CLI root: {"event":"created","path":"C:\\\\Users\\\\b_a_s\\\\AppData\\\\Local\\\\Temp\\\\aiboard-fv-cleanup-concurrent-guidance-retirement-AMJnUm"}
# Subtest: guidance retirement removes dirty verification state and releases its lease before same-revision restart
ok 98 - guidance retirement removes dirty verification state and releases its lease before same-revision restart
  ---
  duration_ms: 3093.4497
  type: 'test'
  ...
# C5 CLI root: {"event":"created","path":"C:\\\\Users\\\\b_a_s\\\\AppData\\\\Local\\\\Temp\\\\aiboard-fv-cleanup-guidance-adopts-newer-generation-q5TJBH"}
# Subtest: concurrent exact-generation cleanup and guidance retirement share one owned cleanup transaction
ok 99 - concurrent exact-generation cleanup and guidance retirement share one owned cleanup transaction
  ---
  duration_ms: 2315.9014
  type: 'test'
  ...
# Subtest: recovery adoption preserves the newer generation workspace and shared lease
ok 100 - recovery adoption preserves the newer generation workspace and shared lease
  ---
  duration_ms: 2248.311
  type: 'test'
  ...
# C5 CLI root: {"event":"exit","path":"C:\\\\Users\\\\b_a_s\\\\AppData\\\\Local\\\\Temp\\\\aiboard-fv-cleanup-archive-IZi0mI","existsAtExit":false}
# C5 CLI root: {"event":"exit","path":"C:\\\\Users\\\\b_a_s\\\\AppData\\\\Local\\\\Temp\\\\aiboard-fv-cleanup-structured-redaction-6OSLCF","existsAtExit":false}
# C5 CLI root: {"event":"exit","path":"C:\\\\Users\\\\b_a_s\\\\AppData\\\\Local\\\\Temp\\\\aiboard-fv-cleanup-crash-after-workspace-delete-oimMxj","existsAtExit":false}
# C5 CLI root: {"event":"exit","path":"C:\\\\Users\\\\b_a_s\\\\AppData\\\\Local\\\\Temp\\\\aiboard-fv-cleanup-legacy-archive-repair-j3v2Sj","existsAtExit":false}
# C5 CLI root: {"event":"exit","path":"C:\\\\Users\\\\b_a_s\\\\AppData\\\\Local\\\\Temp\\\\aiboard-fv-cleanup-archive-rebind-xtcyBZ","existsAtExit":false}
# C5 CLI root: {"event":"exit","path":"C:\\\\Users\\\\b_a_s\\\\AppData\\\\Local\\\\Temp\\\\aiboard-fv-cleanup-forged-receipt-GTcUSf","existsAtExit":false}
# C5 CLI root: {"event":"exit","path":"C:\\\\Users\\\\b_a_s\\\\AppData\\\\Local\\\\Temp\\\\aiboard-fv-cleanup-diagnostic-failure-5pk77D","existsAtExit":false}
# C5 CLI root: {"event":"exit","path":"C:\\\\Users\\\\b_a_s\\\\AppData\\\\Local\\\\Temp\\\\aiboard-fv-cleanup-process-failure-y3UmWt","existsAtExit":false}
# C5 CLI root: {"event":"exit","path":"C:\\\\Users\\\\b_a_s\\\\AppData\\\\Local\\\\Temp\\\\aiboard-fv-cleanup-owner-idempotent-afytyb","existsAtExit":false}
# C5 CLI root: {"event":"exit","path":"C:\\\\Users\\\\b_a_s\\\\AppData\\\\Local\\\\Temp\\\\aiboard-fv-cleanup-multiple-generations-M6Nxd6","existsAtExit":false}
# C5 CLI root: {"event":"exit","path":"C:\\\\Users\\\\b_a_s\\\\AppData\\\\Local\\\\Temp\\\\aiboard-fv-cleanup-guidance-retirement-UmZ0Jp","existsAtExit":false}
# C5 CLI root: {"event":"exit","path":"C:\\\\Users\\\\b_a_s\\\\AppData\\\\Local\\\\Temp\\\\aiboard-fv-cleanup-concurrent-guidance-retirement-AMJnUm","existsAtExit":false}
# C5 CLI root: {"event":"exit","path":"C:\\\\Users\\\\b_a_s\\\\AppData\\\\Local\\\\Temp\\\\aiboard-fv-cleanup-guidance-adopts-newer-generation-q5TJBH","existsAtExit":false}
# C5 CLI root: {"event":"created","path":"C:\\\\Users\\\\b_a_s\\\\AppData\\\\Local\\\\Temp\\\\aiboard-verification-profile-E4Iwis"}
# C5 CLI root: {"event":"created","path":"C:\\\\Users\\\\b_a_s\\\\AppData\\\\Local\\\\Temp\\\\aiboard-verification-profile-authority-iP3onU"}
# C5 CLI root: {"event":"created","path":"C:\\\\Users\\\\b_a_s\\\\AppData\\\\Local\\\\Temp\\\\aiboard-verification-profile-invalid-JY2k7d"}
# Subtest: runner-owned exact-revision signals reject an Architect all-not-applicable plan
ok 101 - runner-owned exact-revision signals reject an Architect all-not-applicable plan
  ---
  duration_ms: 1720.6923
  type: 'test'
  ...
# Subtest: SQLite generation append fails closed without runner-owned profile authority
ok 102 - SQLite generation append fails closed without runner-owned profile authority
  ---
  duration_ms: 22.8405
  type: 'test'
  ...
# C5 CLI root: {"event":"created","path":"C:\\\\Users\\\\b_a_s\\\\AppData\\\\Local\\\\Temp\\\\aiboard-verification-profile-replay-Ox9Zzz"}
# Subtest: missing, stale, or uninspected execution profiles cannot create a generation
ok 103 - missing, stale, or uninspected execution profiles cannot create a generation
  ---
  duration_ms: 1527.0464
  type: 'test'
  ...
# C5 CLI root: {"event":"created","path":"C:\\\\Users\\\\b_a_s\\\\AppData\\\\Local\\\\Temp\\\\aiboard-verification-policy-authority-9mnYwh"}
# C5 CLI root: {"event":"created","path":"C:\\\\Users\\\\b_a_s\\\\AppData\\\\Local\\\\Temp\\\\aiboard-verification-policy-authority-u3UWJ6"}
# C5 CLI root: {"event":"created","path":"C:\\\\Users\\\\b_a_s\\\\AppData\\\\Local\\\\Temp\\\\aiboard-verification-manager-3YVt5X"}
# Subtest: durable execution profile is idempotent and rejects append and replay tampering
ok 104 - durable execution profile is idempotent and rejects append and replay tampering
  ---
  duration_ms: 1513.1212
  type: 'test'
  ...
# Subtest: browser policy shape is rejected before profile clone can normalize malformed allowlists
ok 105 - browser policy shape is rejected before profile clone can normalize malformed allowlists
  ---
  duration_ms: 0.858
  type: 'test'
  ...
# Subtest: runner-owned profile authority rejects malformed browser policy at append
ok 106 - runner-owned profile authority rejects malformed browser policy at append
  ---
  duration_ms: 25.1188
  type: 'test'
  ...
# Subtest: runner-owned profile authority rejects malformed browser policy during replay
ok 107 - runner-owned profile authority rejects malformed browser policy during replay
  ---
  duration_ms: 30.6275
  type: 'test'
  ...
# C5 CLI root: {"event":"created","path":"C:\\\\Users\\\\b_a_s\\\\AppData\\\\Local\\\\Temp\\\\aiboard-verification-manager-9E3lPV"}
# C5 CLI root: {"event":"created","path":"C:\\\\Users\\\\b_a_s\\\\AppData\\\\Local\\\\Temp\\\\aiboard-verification-manager-cfz3iH"}
# C5 CLI root: {"event":"created","path":"C:\\\\Users\\\\b_a_s\\\\AppData\\\\Local\\\\Temp\\\\aiboard-verification-manager-En8YKB"}
# Subtest: exact-revision package-manager inspection binds npm, pnpm, and yarn provisioning argv
ok 108 - exact-revision package-manager inspection binds npm, pnpm, and yarn provisioning argv
  ---
  duration_ms: 4688.892
  type: 'test'
  ...
# C5 CLI root: {"event":"created","path":"C:\\\\Users\\\\b_a_s\\\\AppData\\\\Local\\\\Temp\\\\aiboard-verification-manager-NOzqO9"}
# Subtest: package-manager inspection fails closed on declaration/lock conflict
ok 109 - package-manager inspection fails closed on declaration/lock conflict
  ---
  duration_ms: 1512.8567
  type: 'test'
  ...
# C5 CLI root: {"event":"created","path":"C:\\\\Users\\\\b_a_s\\\\AppData\\\\Local\\\\Temp\\\\aiboard-verification-manager-qfvcaY"}
# C5 CLI root: {"event":"created","path":"C:\\\\Users\\\\b_a_s\\\\AppData\\\\Local\\\\Temp\\\\aiboard-verification-ports-vDgz5t"}
# Subtest: lockfile-only workspaces are provisioned and unlocked dependencies fail closed
ok 110 - lockfile-only workspaces are provisioned and unlocked dependencies fail closed
  ---
  duration_ms: 3024.9309
  type: 'test'
  ...
# C5 CLI root: {"event":"created","path":"C:\\\\Users\\\\b_a_s\\\\AppData\\\\Local\\\\Temp\\\\aiboard-verification-port-revision-hCLVqy"}
# Subtest: runner-owned application ports isolate concurrent profiles and release cleanly
ok 111 - runner-owned application ports isolate concurrent profiles and release cleanly
  ---
  duration_ms: 15.9291
  type: 'test'
  ...
# C5 CLI root: {"event":"created","path":"C:\\\\Users\\\\b_a_s\\\\AppData\\\\Local\\\\Temp\\\\aiboard-verification-server-manager-9tGy2A"}
# Subtest: port leases survive restart and rotate across integration revisions without stale conflicts
ok 112 - port leases survive restart and rotate across integration revisions without stale conflicts
  ---
  duration_ms: 20.8393
  type: 'test'
  ...
# C5 CLI root: {"event":"created","path":"C:\\\\Users\\\\b_a_s\\\\AppData\\\\Local\\\\Temp\\\\aiboard-verification-server-manager-t01oRz"}
# Subtest: failed profile persistence releases only its newly created active port lease
ok 113 - failed profile persistence releases only its newly created active port lease
  ---
  duration_ms: 1503.0931
  type: 'test'
  ...
# C5 CLI root: {"event":"created","path":"C:\\\\Users\\\\b_a_s\\\\AppData\\\\Local\\\\Temp\\\\aiboard-verification-server-manager-kuxJoE"}
# Subtest: failed profile replay preserves a pre-existing active port lease
ok 114 - failed profile replay preserves a pre-existing active port lease
  ---
  duration_ms: 1551.5359
  type: 'test'
  ...
# C5 CLI root: {"event":"created","path":"C:\\\\Users\\\\b_a_s\\\\AppData\\\\Local\\\\Temp\\\\aiboard-verification-server-manager-MJpeL0"}
# Subtest: rejected Architect planning releases its inspected port before a later valid plan
ok 115 - rejected Architect planning releases its inspected port before a later valid plan
  ---
  duration_ms: 1688.4805
  type: 'test'
  ...
# Subtest: mechanically rejected generation append releases the inspected port lease
ok 116 - mechanically rejected generation append releases the inspected port lease
  ---
  duration_ms: 1500.4974
  type: 'test'
  ...
# C5 CLI root: {"event":"exit","path":"C:\\\\Users\\\\b_a_s\\\\AppData\\\\Local\\\\Temp\\\\aiboard-verification-profile-E4Iwis","existsAtExit":false}
# C5 CLI root: {"event":"exit","path":"C:\\\\Users\\\\b_a_s\\\\AppData\\\\Local\\\\Temp\\\\aiboard-verification-profile-authority-iP3onU","existsAtExit":false}
# C5 CLI root: {"event":"exit","path":"C:\\\\Users\\\\b_a_s\\\\AppData\\\\Local\\\\Temp\\\\aiboard-verification-profile-invalid-JY2k7d","existsAtExit":false}
# C5 CLI root: {"event":"exit","path":"C:\\\\Users\\\\b_a_s\\\\AppData\\\\Local\\\\Temp\\\\aiboard-verification-profile-replay-Ox9Zzz","existsAtExit":false}
# C5 CLI root: {"event":"exit","path":"C:\\\\Users\\\\b_a_s\\\\AppData\\\\Local\\\\Temp\\\\aiboard-verification-policy-authority-9mnYwh","existsAtExit":false}
# C5 CLI root: {"event":"exit","path":"C:\\\\Users\\\\b_a_s\\\\AppData\\\\Local\\\\Temp\\\\aiboard-verification-policy-authority-u3UWJ6","existsAtExit":false}
# C5 CLI root: {"event":"exit","path":"C:\\\\Users\\\\b_a_s\\\\AppData\\\\Local\\\\Temp\\\\aiboard-verification-manager-3YVt5X","existsAtExit":false}
# C5 CLI root: {"event":"exit","path":"C:\\\\Users\\\\b_a_s\\\\AppData\\\\Local\\\\Temp\\\\aiboard-verification-manager-9E3lPV","existsAtExit":false}
# C5 CLI root: {"event":"exit","path":"C:\\\\Users\\\\b_a_s\\\\AppData\\\\Local\\\\Temp\\\\aiboard-verification-manager-cfz3iH","existsAtExit":false}
# C5 CLI root: {"event":"exit","path":"C:\\\\Users\\\\b_a_s\\\\AppData\\\\Local\\\\Temp\\\\aiboard-verification-manager-En8YKB","existsAtExit":false}
# C5 CLI root: {"event":"exit","path":"C:\\\\Users\\\\b_a_s\\\\AppData\\\\Local\\\\Temp\\\\aiboard-verification-manager-NOzqO9","existsAtExit":false}
# C5 CLI root: {"event":"exit","path":"C:\\\\Users\\\\b_a_s\\\\AppData\\\\Local\\\\Temp\\\\aiboard-verification-manager-qfvcaY","existsAtExit":false}
# C5 CLI root: {"event":"exit","path":"C:\\\\Users\\\\b_a_s\\\\AppData\\\\Local\\\\Temp\\\\aiboard-verification-ports-vDgz5t","existsAtExit":false}
# C5 CLI root: {"event":"exit","path":"C:\\\\Users\\\\b_a_s\\\\AppData\\\\Local\\\\Temp\\\\aiboard-verification-port-revision-hCLVqy","existsAtExit":false}
# C5 CLI root: {"event":"exit","path":"C:\\\\Users\\\\b_a_s\\\\AppData\\\\Local\\\\Temp\\\\aiboard-verification-server-manager-9tGy2A","existsAtExit":false}
# C5 CLI root: {"event":"exit","path":"C:\\\\Users\\\\b_a_s\\\\AppData\\\\Local\\\\Temp\\\\aiboard-verification-server-manager-t01oRz","existsAtExit":false}
# C5 CLI root: {"event":"exit","path":"C:\\\\Users\\\\b_a_s\\\\AppData\\\\Local\\\\Temp\\\\aiboard-verification-server-manager-kuxJoE","existsAtExit":false}
# C5 CLI root: {"event":"exit","path":"C:\\\\Users\\\\b_a_s\\\\AppData\\\\Local\\\\Temp\\\\aiboard-verification-server-manager-MJpeL0","existsAtExit":false}
# C5 CLI root: {"event":"created","path":"C:\\\\Users\\\\b_a_s\\\\AppData\\\\Local\\\\Temp\\\\aiboard-final-verification-b1-smoke success-6NSLuj"}
# C5 CLI root: {"event":"created","path":"C:\\\\Users\\\\b_a_s\\\\AppData\\\\Local\\\\Temp\\\\aiboard-windows-semantic-duplex-AvJQYz"}
# C5 CLI root: {"event":"created","path":"C:\\\\Users\\\\b_a_s\\\\AppData\\\\Local\\\\Temp\\\\aiboard-windows-semantic-batch-6eYSKs"}
# C5 CLI root: {"event":"created","path":"C:\\\\Users\\\\b_a_s\\\\AppData\\\\Local\\\\Temp\\\\aiboard-windows-semantic-tree-IkNRQ7"}
# C5 CLI root: {"event":"created","path":"C:\\\\Users\\\\b_a_s\\\\AppData\\\\Local\\\\Temp\\\\aiboard-production-one-shot-7Qy8BS"}
# C5 CLI root: {"event":"created","path":"C:\\\\Users\\\\b_a_s\\\\AppData\\\\Local\\\\Temp\\\\aiboard-final-verification-b1-smoke timeout-tyKcHE"}
# Subtest: runtime smoke waits for health, records endpoint/output facts, and releases its port
not ok 117 - runtime smoke waits for health, records endpoint/output facts, and releases its port
  ---
  duration_ms: 5827.6365
  type: 'test'
  location: 'D:\\repos\\ai-discussion-board\\.worktrees\\runner-v2-robust-build\\runner-v2\\test\\final-verification-runtime-b1.test.ts:1:922'
  failureType: 'testCodeFailure'
  error: |-
    Expected values to be strictly equal:
    
    false !== true
    
  code: 'ERR_ASSERTION'
  name: 'AssertionError'
  expected: true
  actual: false
  operator: 'strictEqual'
  stack: |-
    TestContext.<anonymous> (D:\repos\ai-discussion-board\.worktrees\runner-v2-robust-build\runner-v2\test\final-verification-runtime-b1.test.ts:68:12)
    async Test.run (node:internal/test_runner/test:1332:7)
    async startSubtestAfterBootstrap (node:internal/test_runner/harness:385:3)
  ...
# C5 CLI root: {"event":"created","path":"C:\\\\Users\\\\b_a_s\\\\AppData\\\\Local\\\\Temp\\\\aiboard-windows-semantic-duplex-8Ovatb"}
# C5 CLI root: {"event":"created","path":"C:\\\\Users\\\\b_a_s\\\\AppData\\\\Local\\\\Temp\\\\aiboard-windows-semantic-batch-KXxyZ6"}
# C5 CLI root: {"event":"created","path":"C:\\\\Users\\\\b_a_s\\\\AppData\\\\Local\\\\Temp\\\\aiboard-windows-semantic-tree-VbkZWD"}
# C5 CLI root: {"event":"created","path":"C:\\\\Users\\\\b_a_s\\\\AppData\\\\Local\\\\Temp\\\\aiboard-production-one-shot-QEEIDO"}
# C5 CLI root: {"event":"created","path":"C:\\\\Users\\\\b_a_s\\\\AppData\\\\Local\\\\Temp\\\\aiboard-final-verification-b1-smoke unhealthy exit-j5zIbi"}
# Subtest: runtime smoke timeout is non-green and cleans up the owned process
ok 118 - runtime smoke timeout is non-green and cleans up the owned process
  ---
  duration_ms: 5469.0833
  type: 'test'
  ...
# C5 CLI root: {"event":"created","path":"C:\\\\Users\\\\b_a_s\\\\AppData\\\\Local\\\\Temp\\\\aiboard-windows-semantic-duplex-YoiknJ"}
# C5 CLI root: {"event":"created","path":"C:\\\\Users\\\\b_a_s\\\\AppData\\\\Local\\\\Temp\\\\aiboard-windows-semantic-batch-eyN5vC"}
# C5 CLI root: {"event":"created","path":"C:\\\\Users\\\\b_a_s\\\\AppData\\\\Local\\\\Temp\\\\aiboard-windows-semantic-tree-hEfNk9"}
# C5 CLI root: {"event":"created","path":"C:\\\\Users\\\\b_a_s\\\\AppData\\\\Local\\\\Temp\\\\aiboard-production-one-shot-CQdhZC"}
# C5 CLI root: {"event":"created","path":"C:\\\\Users\\\\b_a_s\\\\AppData\\\\Local\\\\Temp\\\\aiboard-final-verification-b1-smoke cancellation-rlc4oe"}
# Subtest: runtime smoke marks an unhealthy process exit non-green and still stops it
not ok 119 - runtime smoke marks an unhealthy process exit non-green and still stops it
  ---
  duration_ms: 5383.7004
  type: 'test'
  location: 'D:\\repos\\ai-discussion-board\\.worktrees\\runner-v2-robust-build\\runner-v2\\test\\final-verification-runtime-b1.test.ts:1:4203'
  failureType: 'testCodeFailure'
  error: |-
    Expected values to be strictly equal:
    
    134 !== 7
    
  code: 'ERR_ASSERTION'
  name: 'AssertionError'
  expected: 7
  actual: 134
  operator: 'strictEqual'
  stack: |-
    TestContext.<anonymous> (D:\repos\ai-discussion-board\.worktrees\runner-v2-robust-build\runner-v2\test\final-verification-runtime-b1.test.ts:160:12)
    async Test.run (node:internal/test_runner/test:1332:7)
    async Test.processPendingSubtests (node:internal/test_runner/test:911:7)
  ...
# C5 CLI root: {"event":"created","path":"C:\\\\Users\\\\b_a_s\\\\AppData\\\\Local\\\\Temp\\\\aiboard-windows-semantic-duplex-KPgdke"}
# C5 CLI root: {"event":"created","path":"C:\\\\Users\\\\b_a_s\\\\AppData\\\\Local\\\\Temp\\\\aiboard-windows-semantic-batch-e53FxZ"}
# C5 CLI root: {"event":"created","path":"C:\\\\Users\\\\b_a_s\\\\AppData\\\\Local\\\\Temp\\\\aiboard-windows-semantic-tree-i6QyJn"}
# C5 CLI root: {"event":"created","path":"C:\\\\Users\\\\b_a_s\\\\AppData\\\\Local\\\\Temp\\\\aiboard-production-one-shot-GQzsd0"}
# Subtest: runtime smoke cancellation stops the process tree and releases the port
ok 120 - runtime smoke cancellation stops the process tree and releases the port
  ---
  duration_ms: 5304.0299
  type: 'test'
  ...
# C5 CLI root: {"event":"exit","path":"C:\\\\Users\\\\b_a_s\\\\AppData\\\\Local\\\\Temp\\\\aiboard-final-verification-b1-smoke success-6NSLuj","existsAtExit":false}
# C5 CLI root: {"event":"exit","path":"C:\\\\Users\\\\b_a_s\\\\AppData\\\\Local\\\\Temp\\\\aiboard-windows-semantic-duplex-AvJQYz","existsAtExit":true}
# C5 CLI root: {"event":"exit","path":"C:\\\\Users\\\\b_a_s\\\\AppData\\\\Local\\\\Temp\\\\aiboard-windows-semantic-batch-6eYSKs","existsAtExit":true}
# C5 CLI root: {"event":"exit","path":"C:\\\\Users\\\\b_a_s\\\\AppData\\\\Local\\\\Temp\\\\aiboard-windows-semantic-tree-IkNRQ7","existsAtExit":true}
# C5 CLI root: {"event":"exit","path":"C:\\\\Users\\\\b_a_s\\\\AppData\\\\Local\\\\Temp\\\\aiboard-production-one-shot-7Qy8BS","existsAtExit":false}
# C5 CLI root: {"event":"exit","path":"C:\\\\Users\\\\b_a_s\\\\AppData\\\\Local\\\\Temp\\\\aiboard-final-verification-b1-smoke timeout-tyKcHE","existsAtExit":false}
# C5 CLI root: {"event":"exit","path":"C:\\\\Users\\\\b_a_s\\\\AppData\\\\Local\\\\Temp\\\\aiboard-windows-semantic-duplex-8Ovatb","existsAtExit":true}
# C5 CLI root: {"event":"exit","path":"C:\\\\Users\\\\b_a_s\\\\AppData\\\\Local\\\\Temp\\\\aiboard-windows-semantic-batch-KXxyZ6","existsAtExit":true}
# C5 CLI root: {"event":"exit","path":"C:\\\\Users\\\\b_a_s\\\\AppData\\\\Local\\\\Temp\\\\aiboard-windows-semantic-tree-VbkZWD","existsAtExit":true}
# C5 CLI root: {"event":"exit","path":"C:\\\\Users\\\\b_a_s\\\\AppData\\\\Local\\\\Temp\\\\aiboard-production-one-shot-QEEIDO","existsAtExit":false}
# C5 CLI root: {"event":"exit","path":"C:\\\\Users\\\\b_a_s\\\\AppData\\\\Local\\\\Temp\\\\aiboard-final-verification-b1-smoke unhealthy exit-j5zIbi","existsAtExit":false}
# C5 CLI root: {"event":"exit","path":"C:\\\\Users\\\\b_a_s\\\\AppData\\\\Local\\\\Temp\\\\aiboard-windows-semantic-duplex-YoiknJ","existsAtExit":true}
# C5 CLI root: {"event":"exit","path":"C:\\\\Users\\\\b_a_s\\\\AppData\\\\Local\\\\Temp\\\\aiboard-windows-semantic-batch-eyN5vC","existsAtExit":true}
# C5 CLI root: {"event":"exit","path":"C:\\\\Users\\\\b_a_s\\\\AppData\\\\Local\\\\Temp\\\\aiboard-windows-semantic-tree-hEfNk9","existsAtExit":true}
# C5 CLI root: {"event":"exit","path":"C:\\\\Users\\\\b_a_s\\\\AppData\\\\Local\\\\Temp\\\\aiboard-production-one-shot-CQdhZC","existsAtExit":false}
# C5 CLI root: {"event":"exit","path":"C:\\\\Users\\\\b_a_s\\\\AppData\\\\Local\\\\Temp\\\\aiboard-final-verification-b1-smoke cancellation-rlc4oe","existsAtExit":false}
# C5 CLI root: {"event":"exit","path":"C:\\\\Users\\\\b_a_s\\\\AppData\\\\Local\\\\Temp\\\\aiboard-windows-semantic-duplex-KPgdke","existsAtExit":true}
# C5 CLI root: {"event":"exit","path":"C:\\\\Users\\\\b_a_s\\\\AppData\\\\Local\\\\Temp\\\\aiboard-windows-semantic-batch-e53FxZ","existsAtExit":true}
# C5 CLI root: {"event":"exit","path":"C:\\\\Users\\\\b_a_s\\\\AppData\\\\Local\\\\Temp\\\\aiboard-windows-semantic-tree-i6QyJn","existsAtExit":true}
# C5 CLI root: {"event":"exit","path":"C:\\\\Users\\\\b_a_s\\\\AppData\\\\Local\\\\Temp\\\\aiboard-production-one-shot-GQzsd0","existsAtExit":false}
# C5 CLI root: {"event":"created","path":"C:\\\\Users\\\\b_a_s\\\\AppData\\\\Local\\\\Temp\\\\aiboard-final-verification-spill-output-mnLZdW"}
# C5 CLI root: {"event":"created","path":"C:\\\\Users\\\\b_a_s\\\\AppData\\\\Local\\\\Temp\\\\aiboard-final-verification-spill-missing-hxxkBI"}
# Subtest: final verification ingests runtime spill output and log volume alone stays green
ok 121 - final verification ingests runtime spill output and log volume alone stays green
  ---
  duration_ms: 2478.3225
  type: 'test'
  ...
# C5 CLI root: {"event":"created","path":"C:\\\\Users\\\\b_a_s\\\\AppData\\\\Local\\\\Temp\\\\aiboard-final-verification-spill-corrupt-G72m3F"}
# Subtest: final verification falls back to bounded tails for missing or corrupt spills
    # Subtest: missing
    ok 1 - missing
      ---
      duration_ms: 2806.7092
      type: 'test'
      ...
# C5 CLI root: {"event":"created","path":"C:\\\\Users\\\\b_a_s\\\\AppData\\\\Local\\\\Temp\\\\aiboard-final-verification-typed-isolation_capability_unavailable-EgQfYQ"}
    # Subtest: corrupt
    ok 2 - corrupt
      ---
      duration_ms: 2393.4432
      type: 'test'
      ...
    1..2
ok 122 - final verification falls back to bounded tails for missing or corrupt spills
  ---
  duration_ms: 5200.8471
  type: 'test'
  ...
# C5 CLI root: {"event":"created","path":"C:\\\\Users\\\\b_a_s\\\\AppData\\\\Local\\\\Temp\\\\aiboard-final-verification-typed-isolation_revocation_failed-0m4bON"}
# Subtest: final verification preserves stable isolation and runtime failure codes
    # Subtest: isolation_capability_unavailable
    ok 1 - isolation_capability_unavailable
      ---
      duration_ms: 2361.2989
      type: 'test'
      ...
# C5 CLI root: {"event":"created","path":"C:\\\\Users\\\\b_a_s\\\\AppData\\\\Local\\\\Temp\\\\aiboard-final-verification-typed-outcome_unknown-2keeSJ"}
    # Subtest: isolation_revocation_failed
    ok 2 - isolation_revocation_failed
      ---
      duration_ms: 2268.8273
      type: 'test'
      ...
# C5 CLI root: {"event":"created","path":"C:\\\\Users\\\\b_a_s\\\\AppData\\\\Local\\\\Temp\\\\aiboard-final-verification-production-output-matrix-DDJHDP"}
    # Subtest: outcome_unknown
    ok 3 - outcome_unknown
      ---
      duration_ms: 2360.7546
      type: 'test'
      ...
    1..3
ok 123 - final verification preserves stable isolation and runtime failure codes
  ---
  duration_ms: 6991.6357
  type: 'test'
  ...
# C5 CLI root: {"event":"created","path":"C:\\\\Users\\\\b_a_s\\\\AppData\\\\Local\\\\Temp\\\\aiboard-production-one-shot-cenQXj"}
# C5 CLI root: {"event":"created","path":"C:\\\\Users\\\\b_a_s\\\\AppData\\\\Local\\\\Temp\\\\aiboard-final-verification-production-spill-fault-XOwytd"}
# Subtest: final-verification production graph scrubs inherited secrets and survives output beyond spill capacity
ok 124 - final-verification production graph scrubs inherited secrets and survives output beyond spill capacity
  ---
  duration_ms: 26052.674
  type: 'test'
  ...
# C5 CLI root: {"event":"created","path":"C:\\\\Users\\\\b_a_s\\\\AppData\\\\Local\\\\Temp\\\\aiboard-production-one-shot-VeiPpx"}
# C5 CLI root: {"event":"created","path":"C:\\\\Users\\\\b_a_s\\\\AppData\\\\Local\\\\Temp\\\\aiboard-final-verification-success-3OKL5x"}
# Subtest: final-verification production graph stays mechanically green on spill setup failure
ok 125 - final-verification production graph stays mechanically green on spill setup failure
  ---
  duration_ms: 6760.1383
  type: 'test'
  ...
# C5 CLI root: {"event":"created","path":"C:\\\\Users\\\\b_a_s\\\\AppData\\\\Local\\\\Temp\\\\aiboard-production-one-shot-pnzQMi"}
# C5 CLI root: {"event":"created","path":"C:\\\\Users\\\\b_a_s\\\\AppData\\\\Local\\\\Temp\\\\aiboard-final-verification-dependency-provisioning-amqIC0"}
# Subtest: runs build and test commands in the pinned workspace and records immutable evidence
ok 126 - runs build and test commands in the pinned workspace and records immutable evidence
  ---
  duration_ms: 7575.5184
  type: 'test'
  ...
# C5 CLI root: {"event":"created","path":"C:\\\\Users\\\\b_a_s\\\\AppData\\\\Local\\\\Temp\\\\aiboard-production-one-shot-YVAoYO"}
# C5 CLI root: {"event":"created","path":"C:\\\\Users\\\\b_a_s\\\\AppData\\\\Local\\\\Temp\\\\aiboard-final-verification-single-category-osgLQs"}
# Subtest: provisions dependencies in the disposable workspace before project commands
ok 127 - provisions dependencies in the disposable workspace before project commands
  ---
  duration_ms: 7411.9794
  type: 'test'
  ...
# C5 CLI root: {"event":"created","path":"C:\\\\Users\\\\b_a_s\\\\AppData\\\\Local\\\\Temp\\\\aiboard-production-one-shot-KdGuPd"}
# C5 CLI root: {"event":"created","path":"C:\\\\Users\\\\b_a_s\\\\AppData\\\\Local\\\\Temp\\\\aiboard-final-verification-failures-gpjjct"}
# Subtest: executes one scheduler-selected category with the durable generation identity
ok 128 - executes one scheduler-selected category with the durable generation identity
  ---
  duration_ms: 6424.9365
  type: 'test'
  ...
# C5 CLI root: {"event":"created","path":"C:\\\\Users\\\\b_a_s\\\\AppData\\\\Local\\\\Temp\\\\aiboard-production-one-shot-pJQqjk"}
# C5 CLI root: {"event":"created","path":"C:\\\\Users\\\\b_a_s\\\\AppData\\\\Local\\\\Temp\\\\aiboard-final-verification-process-tree-23yqMR"}
# Subtest: nonzero, timeout, and cancellation outcomes are mechanically non-green
ok 129 - nonzero, timeout, and cancellation outcomes are mechanically non-green
  ---
  duration_ms: 6182.4741
  type: 'test'
  ...
# C5 CLI root: {"event":"created","path":"C:\\\\Users\\\\b_a_s\\\\AppData\\\\Local\\\\Temp\\\\aiboard-production-one-shot-hElAw6"}
# C5 CLI root: {"event":"created","path":"C:\\\\Users\\\\b_a_s\\\\AppData\\\\Local\\\\Temp\\\\aiboard-final-verification-stale-am7BMi"}
# Subtest: cancellation terminates descendant processes and leaves no late process output
ok 130 - cancellation terminates descendant processes and leaves no late process output
  ---
  duration_ms: 5198.3318
  type: 'test'
  ...
# C5 CLI root: {"event":"created","path":"C:\\\\Users\\\\b_a_s\\\\AppData\\\\Local\\\\Temp\\\\aiboard-production-one-shot-ZtKSTa"}
# Subtest: rejects a workspace that is stale relative to the current integration revision
ok 131 - rejects a workspace that is stale relative to the current integration revision
  ---
  duration_ms: 2742.4625
  type: 'test'
  ...
# C5 CLI root: {"event":"exit","path":"C:\\\\Users\\\\b_a_s\\\\AppData\\\\Local\\\\Temp\\\\aiboard-final-verification-spill-output-mnLZdW","existsAtExit":false}
# C5 CLI root: {"event":"exit","path":"C:\\\\Users\\\\b_a_s\\\\AppData\\\\Local\\\\Temp\\\\aiboard-final-verification-spill-missing-hxxkBI","existsAtExit":false}
# C5 CLI root: {"event":"exit","path":"C:\\\\Users\\\\b_a_s\\\\AppData\\\\Local\\\\Temp\\\\aiboard-final-verification-spill-corrupt-G72m3F","existsAtExit":false}
# C5 CLI root: {"event":"exit","path":"C:\\\\Users\\\\b_a_s\\\\AppData\\\\Local\\\\Temp\\\\aiboard-final-verification-typed-isolation_capability_unavailable-EgQfYQ","existsAtExit":false}
# C5 CLI root: {"event":"exit","path":"C:\\\\Users\\\\b_a_s\\\\AppData\\\\Local\\\\Temp\\\\aiboard-final-verification-typed-isolation_revocation_failed-0m4bON","existsAtExit":false}
# C5 CLI root: {"event":"exit","path":"C:\\\\Users\\\\b_a_s\\\\AppData\\\\Local\\\\Temp\\\\aiboard-final-verification-typed-outcome_unknown-2keeSJ","existsAtExit":false}
# C5 CLI root: {"event":"exit","path":"C:\\\\Users\\\\b_a_s\\\\AppData\\\\Local\\\\Temp\\\\aiboard-final-verification-production-output-matrix-DDJHDP","existsAtExit":false}
# C5 CLI root: {"event":"exit","path":"C:\\\\Users\\\\b_a_s\\\\AppData\\\\Local\\\\Temp\\\\aiboard-production-one-shot-cenQXj","existsAtExit":false}
# C5 CLI root: {"event":"exit","path":"C:\\\\Users\\\\b_a_s\\\\AppData\\\\Local\\\\Temp\\\\aiboard-final-verification-production-spill-fault-XOwytd","existsAtExit":false}
# C5 CLI root: {"event":"exit","path":"C:\\\\Users\\\\b_a_s\\\\AppData\\\\Local\\\\Temp\\\\aiboard-production-one-shot-VeiPpx","existsAtExit":false}
# C5 CLI root: {"event":"exit","path":"C:\\\\Users\\\\b_a_s\\\\AppData\\\\Local\\\\Temp\\\\aiboard-final-verification-success-3OKL5x","existsAtExit":false}
# C5 CLI root: {"event":"exit","path":"C:\\\\Users\\\\b_a_s\\\\AppData\\\\Local\\\\Temp\\\\aiboard-production-one-shot-pnzQMi","existsAtExit":false}
# C5 CLI root: {"event":"exit","path":"C:\\\\Users\\\\b_a_s\\\\AppData\\\\Local\\\\Temp\\\\aiboard-final-verification-dependency-provisioning-amqIC0","existsAtExit":false}
# C5 CLI root: {"event":"exit","path":"C:\\\\Users\\\\b_a_s\\\\AppData\\\\Local\\\\Temp\\\\aiboard-production-one-shot-YVAoYO","existsAtExit":false}
# C5 CLI root: {"event":"exit","path":"C:\\\\Users\\\\b_a_s\\\\AppData\\\\Local\\\\Temp\\\\aiboard-final-verification-single-category-osgLQs","existsAtExit":false}
# C5 CLI root: {"event":"exit","path":"C:\\\\Users\\\\b_a_s\\\\AppData\\\\Local\\\\Temp\\\\aiboard-production-one-shot-KdGuPd","existsAtExit":false}
# C5 CLI root: {"event":"exit","path":"C:\\\\Users\\\\b_a_s\\\\AppData\\\\Local\\\\Temp\\\\aiboard-final-verification-failures-gpjjct","existsAtExit":false}
# C5 CLI root: {"event":"exit","path":"C:\\\\Users\\\\b_a_s\\\\AppData\\\\Local\\\\Temp\\\\aiboard-production-one-shot-pJQqjk","existsAtExit":false}
# C5 CLI root: {"event":"exit","path":"C:\\\\Users\\\\b_a_s\\\\AppData\\\\Local\\\\Temp\\\\aiboard-final-verification-process-tree-23yqMR","existsAtExit":false}
# C5 CLI root: {"event":"exit","path":"C:\\\\Users\\\\b_a_s\\\\AppData\\\\Local\\\\Temp\\\\aiboard-production-one-shot-hElAw6","existsAtExit":false}
# C5 CLI root: {"event":"exit","path":"C:\\\\Users\\\\b_a_s\\\\AppData\\\\Local\\\\Temp\\\\aiboard-final-verification-stale-am7BMi","existsAtExit":false}
# C5 CLI root: {"event":"exit","path":"C:\\\\Users\\\\b_a_s\\\\AppData\\\\Local\\\\Temp\\\\aiboard-production-one-shot-ZtKSTa","existsAtExit":false}
# C5 CLI root: {"event":"created","path":"C:\\\\Users\\\\b_a_s\\\\AppData\\\\Local\\\\Temp\\\\aiboard-baseline-dirty-Lej1DB"}
# C5 CLI root: {"event":"created","path":"C:\\\\Users\\\\b_a_s\\\\AppData\\\\Local\\\\Temp\\\\aiboard-baseline-new-sS9xsZ"}
# Subtest: dirty repository baseline preserves branch, HEAD, index, status, and files
ok 132 - dirty repository baseline preserves branch, HEAD, index, status, and files
  ---
  duration_ms: 1576.4552
  type: 'test'
  ...
# C5 CLI root: {"event":"created","path":"C:\\\\Users\\\\b_a_s\\\\AppData\\\\Local\\\\Temp\\\\aiboard-baseline-unborn-mHaXez"}
# Subtest: non-repository bootstrap creates an initial safe baseline without global identity
ok 133 - non-repository bootstrap creates an initial safe baseline without global identity
  ---
  duration_ms: 899.3768
  type: 'test'
  ...
# Subtest: unborn repository bootstrap creates HEAD and applies safe ignore defaults
ok 134 - unborn repository bootstrap creates HEAD and applies safe ignore defaults
  ---
  duration_ms: 791.0066
  type: 'test'
  ...
# C5 CLI root: {"event":"exit","path":"C:\\\\Users\\\\b_a_s\\\\AppData\\\\Local\\\\Temp\\\\aiboard-baseline-dirty-Lej1DB","existsAtExit":false}
# C5 CLI root: {"event":"exit","path":"C:\\\\Users\\\\b_a_s\\\\AppData\\\\Local\\\\Temp\\\\aiboard-baseline-new-sS9xsZ","existsAtExit":false}
# C5 CLI root: {"event":"exit","path":"C:\\\\Users\\\\b_a_s\\\\AppData\\\\Local\\\\Temp\\\\aiboard-baseline-unborn-mHaXez","existsAtExit":false}
# C5 CLI root: {"event":"created","path":"C:\\\\Users\\\\b_a_s\\\\AppData\\\\Local\\\\Temp\\\\p6-git-bootstrap-0yJtX8"}
# Subtest: baseline bootstrap full binds the real run/profile and closes its owner before returning
ok 135 - baseline bootstrap full binds the real run/profile and closes its owner before returning
  ---
  duration_ms: 8.6529
  type: 'test'
  ...
# exact synthetic bootstrap acquired: C:\\Users\\b_a_s\\AppData\\Local\\Temp\\p6-git-bootstrap-0yJtX8
# synthetic bootstrap fixture removed: C:\\Users\\b_a_s\\AppData\\Local\\Temp\\p6-git-bootstrap-0yJtX8
# C5 CLI root: {"event":"created","path":"C:\\\\Users\\\\b_a_s\\\\AppData\\\\Local\\\\Temp\\\\p6-git-bootstrap-MSKNma"}
# Subtest: baseline bootstrap project binds the real run/profile and closes its owner before returning
ok 136 - baseline bootstrap project binds the real run/profile and closes its owner before returning
  ---
  duration_ms: 3.3229
  type: 'test'
  ...
# exact synthetic bootstrap acquired: C:\\Users\\b_a_s\\AppData\\Local\\Temp\\p6-git-bootstrap-MSKNma
# synthetic bootstrap fixture removed: C:\\Users\\b_a_s\\AppData\\Local\\Temp\\p6-git-bootstrap-MSKNma
# C5 CLI root: {"event":"created","path":"C:\\\\Users\\\\b_a_s\\\\AppData\\\\Local\\\\Temp\\\\p6-git-bootstrap-jp35qI"}
# Subtest: baseline bootstrap guarded binds the real run/profile and closes its owner before returning
ok 137 - baseline bootstrap guarded binds the real run/profile and closes its owner before returning
  ---
  duration_ms: 3.3739
  type: 'test'
  ...
# exact synthetic bootstrap acquired: C:\\Users\\b_a_s\\AppData\\Local\\Temp\\p6-git-bootstrap-jp35qI
# synthetic bootstrap fixture removed: C:\\Users\\b_a_s\\AppData\\Local\\Temp\\p6-git-bootstrap-jp35qI
# C5 CLI root: {"event":"created","path":"C:\\\\Users\\\\b_a_s\\\\AppData\\\\Local\\\\Temp\\\\p6-git-history-HzxjTW"}
# C5 CLI root: {"event":"created","path":"C:\\\\Users\\\\b_a_s\\\\AppData\\\\Local\\\\Temp\\\\aiboard-git-inspection-nzOGXt"}
# C5 CLI root: {"event":"created","path":"C:\\\\Users\\\\b_a_s\\\\AppData\\\\Local\\\\Temp\\\\aiboard-git-inspection-ofbL42"}
# C5 CLI root: {"event":"created","path":"C:\\\\Users\\\\b_a_s\\\\AppData\\\\Local\\\\Temp\\\\aiboard-git-inspection-WfuOso"}
# Subtest: historical Git query owns separate transient state and exposes no active-run writer
ok 138 - historical Git query owns separate transient state and exposes no active-run writer
  ---
  duration_ms: 147.3699
  type: 'test'
  ...
# exact non-native historical fixture acquired: C:\\Users\\b_a_s\\AppData\\Local\\Temp\\p6-git-history-HzxjTW
# historical fixture removed, original history unchanged: C:\\Users\\b_a_s\\AppData\\Local\\Temp\\p6-git-history-HzxjTW
# C5 CLI root: {"event":"exit","path":"C:\\\\Users\\\\b_a_s\\\\AppData\\\\Local\\\\Temp\\\\p6-git-bootstrap-0yJtX8","existsAtExit":false}
# C5 CLI root: {"event":"exit","path":"C:\\\\Users\\\\b_a_s\\\\AppData\\\\Local\\\\Temp\\\\p6-git-bootstrap-MSKNma","existsAtExit":false}
# C5 CLI root: {"event":"exit","path":"C:\\\\Users\\\\b_a_s\\\\AppData\\\\Local\\\\Temp\\\\p6-git-bootstrap-jp35qI","existsAtExit":false}
# C5 CLI root: {"event":"exit","path":"C:\\\\Users\\\\b_a_s\\\\AppData\\\\Local\\\\Temp\\\\p6-git-history-HzxjTW","existsAtExit":false}
# C5 CLI root: {"event":"exit","path":"C:\\\\Users\\\\b_a_s\\\\AppData\\\\Local\\\\Temp\\\\aiboard-git-inspection-nzOGXt","existsAtExit":false}
# C5 CLI root: {"event":"exit","path":"C:\\\\Users\\\\b_a_s\\\\AppData\\\\Local\\\\Temp\\\\aiboard-git-inspection-ofbL42","existsAtExit":false}
# C5 CLI root: {"event":"exit","path":"C:\\\\Users\\\\b_a_s\\\\AppData\\\\Local\\\\Temp\\\\aiboard-git-inspection-WfuOso","existsAtExit":true}
# Subtest: Git compatibility wrappers delegate only to the explicit exact runner
ok 139 - Git compatibility wrappers delegate only to the explicit exact runner
  ---
  duration_ms: 2.0946
  type: 'test'
  ...
# Subtest: Git wrappers refuse absent injection before any operating-system effect
ok 140 - Git wrappers refuse absent injection before any operating-system effect
  ---
  duration_ms: 0.7717
  type: 'test'
  ...
# Subtest: Git tools bind every subcommand to the actual ToolBroker call
ok 141 - Git tools bind every subcommand to the actual ToolBroker call
  ---
  duration_ms: 0.8036
  type: 'test'
  ...
# C5 CLI root: {"event":"created","path":"C:\\\\Users\\\\b_a_s\\\\AppData\\\\Local\\\\Temp\\\\p6-git-caller-AiI0hL"}
# Subtest: Repository intelligence uses its injected runner for every Git query
ok 142 - Repository intelligence uses its injected runner for every Git query
  ---
  duration_ms: 7.2345
  type: 'test'
  ...
# exact caller fixture acquired: C:\\Users\\b_a_s\\AppData\\Local\\Temp\\p6-git-caller-AiI0hL
# exact caller fixture removed: C:\\Users\\b_a_s\\AppData\\Local\\Temp\\p6-git-caller-AiI0hL
# C5 CLI root: {"event":"created","path":"C:\\\\Users\\\\b_a_s\\\\AppData\\\\Local\\\\Temp\\\\p6-git-baseline-guard-ggyhb2"}
# Subtest: Baseline refuses missing Git authority before changing a project or its index
ok 143 - Baseline refuses missing Git authority before changing a project or its index
  ---
  duration_ms: 1.5899
  type: 'test'
  ...
# exact baseline guard fixture acquired: C:\\Users\\b_a_s\\AppData\\Local\\Temp\\p6-git-baseline-guard-ggyhb2
# exact baseline guard fixture removed: C:\\Users\\b_a_s\\AppData\\Local\\Temp\\p6-git-baseline-guard-ggyhb2
# Subtest: standalone preflight refuses an absent closed owner instead of constructing ambient execution
ok 144 - standalone preflight refuses an absent closed owner instead of constructing ambient execution
  ---
  duration_ms: 0.536
  type: 'test'
  ...
# C5 CLI root: {"event":"exit","path":"C:\\\\Users\\\\b_a_s\\\\AppData\\\\Local\\\\Temp\\\\p6-git-caller-AiI0hL","existsAtExit":false}
# C5 CLI root: {"event":"exit","path":"C:\\\\Users\\\\b_a_s\\\\AppData\\\\Local\\\\Temp\\\\p6-git-baseline-guard-ggyhb2","existsAtExit":false}
# C5 CLI root: {"event":"created","path":"C:\\\\Users\\\\b_a_s\\\\AppData\\\\Local\\\\Temp\\\\p6-git-context-22H8rt"}
# Subtest: run Git context gives several commands distinct child authority under the same real ToolBroker call
ok 145 - run Git context gives several commands distinct child authority under the same real ToolBroker call
  ---
  duration_ms: 12.689
  type: 'test'
  ...
# new synthetic Git context root: C:\\Users\\b_a_s\\AppData\\Local\\Temp\\p6-git-context-22H8rt
# released grants; removed exact root: C:\\Users\\b_a_s\\AppData\\Local\\Temp\\p6-git-context-22H8rt
# C5 CLI root: {"event":"created","path":"C:\\\\Users\\\\b_a_s\\\\AppData\\\\Local\\\\Temp\\\\p6-git-context-Dy1Gze"}
# Subtest: run Git context rejects changed actor/run/call identity even when reusing a genuine token
ok 146 - run Git context rejects changed actor/run/call identity even when reusing a genuine token
  ---
  duration_ms: 3.6954
  type: 'test'
  ...
# new synthetic Git context root: C:\\Users\\b_a_s\\AppData\\Local\\Temp\\p6-git-context-Dy1Gze
# released grants; removed exact root: C:\\Users\\b_a_s\\AppData\\Local\\Temp\\p6-git-context-Dy1Gze
# C5 CLI root: {"event":"created","path":"C:\\\\Users\\\\b_a_s\\\\AppData\\\\Local\\\\Temp\\\\p6-git-context-yheluL"}
# Subtest: model Git authority cannot escape its original access through the working directory
ok 147 - model Git authority cannot escape its original access through the working directory
  ---
  duration_ms: 2.7781
  type: 'test'
  ...
# new synthetic Git context root: C:\\Users\\b_a_s\\AppData\\Local\\Temp\\p6-git-context-yheluL
# released grants; removed exact root: C:\\Users\\b_a_s\\AppData\\Local\\Temp\\p6-git-context-yheluL
# C5 CLI root: {"event":"created","path":"C:\\\\Users\\\\b_a_s\\\\AppData\\\\Local\\\\Temp\\\\p6-git-context-NTdaOg"}
# C5 CLI root: {"event":"created","path":"C:\\\\Users\\\\b_a_s\\\\AppData\\\\Local\\\\Temp\\\\p6-git-context-eqvmSH"}
# Subtest: Git lifecycle uses declared run ownership, never a fabricated model actor or the unrestricted host state root
ok 148 - Git lifecycle uses declared run ownership, never a fabricated model actor or the unrestricted host state root
  ---
  duration_ms: 7.4638
  type: 'test'
  ...
# new synthetic Git context root: C:\\Users\\b_a_s\\AppData\\Local\\Temp\\p6-git-context-NTdaOg
# released grants; removed exact root: C:\\Users\\b_a_s\\AppData\\Local\\Temp\\p6-git-context-NTdaOg
# Subtest: Git lifecycle refuses a foreign working directory and network command before grant issuance
ok 149 - Git lifecycle refuses a foreign working directory and network command before grant issuance
  ---
  duration_ms: 3.0457
  type: 'test'
  ...
# new synthetic Git context root: C:\\Users\\b_a_s\\AppData\\Local\\Temp\\p6-git-context-eqvmSH
# released grants; removed exact root: C:\\Users\\b_a_s\\AppData\\Local\\Temp\\p6-git-context-eqvmSH
# C5 CLI root: {"event":"created","path":"C:\\\\Users\\\\b_a_s\\\\AppData\\\\Local\\\\Temp\\\\p6-git-context-boWEbW"}
# Subtest: Git lifecycle canonicalization refuses a junction escape from an owned working root
ok 150 - Git lifecycle canonicalization refuses a junction escape from an owned working root
  ---
  duration_ms: 3.2147
  type: 'test'
  ...
# new synthetic Git context root: C:\\Users\\b_a_s\\AppData\\Local\\Temp\\p6-git-context-boWEbW
# C5 CLI root: {"event":"created","path":"C:\\\\Users\\\\b_a_s\\\\AppData\\\\Local\\\\Temp\\\\p6-git-context-XgueWh"}
# released grants; removed exact root: C:\\Users\\b_a_s\\AppData\\Local\\Temp\\p6-git-context-boWEbW
# Subtest: strict Git isolation unavailability is retained without another executable or Full retry
ok 151 - strict Git isolation unavailability is retained without another executable or Full retry
  ---
  duration_ms: 4.1593
  type: 'test'
  ...
# new synthetic Git context root: C:\\Users\\b_a_s\\AppData\\Local\\Temp\\p6-git-context-XgueWh
# C5 CLI root: {"event":"created","path":"C:\\\\Users\\\\b_a_s\\\\AppData\\\\Local\\\\Temp\\\\p6-git-context-XPdz7y"}
# released grants; removed exact root: C:\\Users\\b_a_s\\AppData\\Local\\Temp\\p6-git-context-XgueWh
# Subtest: closed run and missing ToolBroker authority never fall back to stateless Git execution
ok 152 - closed run and missing ToolBroker authority never fall back to stateless Git execution
  ---
  duration_ms: 3.6945
  type: 'test'
  ...
# new synthetic Git context root: C:\\Users\\b_a_s\\AppData\\Local\\Temp\\p6-git-context-XPdz7y
# released grants; removed exact root: C:\\Users\\b_a_s\\AppData\\Local\\Temp\\p6-git-context-XPdz7y
# C5 CLI root: {"event":"created","path":"C:\\\\Users\\\\b_a_s\\\\AppData\\\\Local\\\\Temp\\\\p6-git-context-Izgl0Y"}
# Subtest: nested repository Git reads retain separate call identity across asynchronous interleaving
ok 153 - nested repository Git reads retain separate call identity across asynchronous interleaving
  ---
  duration_ms: 4.658
  type: 'test'
  ...
# new synthetic Git context root: C:\\Users\\b_a_s\\AppData\\Local\\Temp\\p6-git-context-Izgl0Y
# released grants; removed exact root: C:\\Users\\b_a_s\\AppData\\Local\\Temp\\p6-git-context-Izgl0Y
# C5 CLI root: {"event":"created","path":"C:\\\\Users\\\\b_a_s\\\\AppData\\\\Local\\\\Temp\\\\p6-git-context-7oCnYp"}
# Subtest: evidence revision read and its command share one original call without consuming it twice
ok 154 - evidence revision read and its command share one original call without consuming it twice
  ---
  duration_ms: 3.7551
  type: 'test'
  ...
# new synthetic Git context root: C:\\Users\\b_a_s\\AppData\\Local\\Temp\\p6-git-context-7oCnYp
# released grants; removed exact root: C:\\Users\\b_a_s\\AppData\\Local\\Temp\\p6-git-context-7oCnYp
# C5 CLI root: {"event":"created","path":"C:\\\\Users\\\\b_a_s\\\\AppData\\\\Local\\\\Temp\\\\p6-git-context-onDcYN"}
# Subtest: scoped nested Git reads never manufacture lifecycle authority when no call is active
ok 155 - scoped nested Git reads never manufacture lifecycle authority when no call is active
  ---
  duration_ms: 2.2862
  type: 'test'
  ...
# new synthetic Git context root: C:\\Users\\b_a_s\\AppData\\Local\\Temp\\p6-git-context-onDcYN
# released grants; removed exact root: C:\\Users\\b_a_s\\AppData\\Local\\Temp\\p6-git-context-onDcYN
# C5 CLI root: {"event":"created","path":"C:\\\\Users\\\\b_a_s\\\\AppData\\\\Local\\\\Temp\\\\p6-git-context-e0fuWO"}
# Subtest: run-owned workspace cleanup permits its required exact ref inventory
ok 156 - run-owned workspace cleanup permits its required exact ref inventory
  ---
  duration_ms: 5.2416
  type: 'test'
  ...
# new synthetic Git context root: C:\\Users\\b_a_s\\AppData\\Local\\Temp\\p6-git-context-e0fuWO
# released grants; removed exact root: C:\\Users\\b_a_s\\AppData\\Local\\Temp\\p6-git-context-e0fuWO
# C5 CLI root: {"event":"created","path":"C:\\\\Users\\\\b_a_s\\\\AppData\\\\Local\\\\Temp\\\\p6-git-context-y6cLw9"}
# Subtest: historical inspection cannot reinterpret an admitted read verb as a ref mutation
ok 157 - historical inspection cannot reinterpret an admitted read verb as a ref mutation
  ---
  duration_ms: 2.496
  type: 'test'
  ...
# new synthetic Git context root: C:\\Users\\b_a_s\\AppData\\Local\\Temp\\p6-git-context-y6cLw9
# released grants; removed exact root: C:\\Users\\b_a_s\\AppData\\Local\\Temp\\p6-git-context-y6cLw9
# C5 CLI root: {"event":"created","path":"C:\\\\Users\\\\b_a_s\\\\AppData\\\\Local\\\\Temp\\\\p6-git-context-AHdg7v"}
# Subtest: actual ToolBroker carries exact per-call Git authority without changing guarded approval policy
ok 158 - actual ToolBroker carries exact per-call Git authority without changing guarded approval policy
  ---
  duration_ms: 5.7159
  type: 'test'
  ...
# new synthetic Git context root: C:\\Users\\b_a_s\\AppData\\Local\\Temp\\p6-git-context-AHdg7v
# released grants; removed exact root: C:\\Users\\b_a_s\\AppData\\Local\\Temp\\p6-git-context-AHdg7v
# C5 CLI root: {"event":"exit","path":"C:\\\\Users\\\\b_a_s\\\\AppData\\\\Local\\\\Temp\\\\p6-git-context-22H8rt","existsAtExit":false}
# C5 CLI root: {"event":"exit","path":"C:\\\\Users\\\\b_a_s\\\\AppData\\\\Local\\\\Temp\\\\p6-git-context-Dy1Gze","existsAtExit":false}
# C5 CLI root: {"event":"exit","path":"C:\\\\Users\\\\b_a_s\\\\AppData\\\\Local\\\\Temp\\\\p6-git-context-yheluL","existsAtExit":false}
# C5 CLI root: {"event":"exit","path":"C:\\\\Users\\\\b_a_s\\\\AppData\\\\Local\\\\Temp\\\\p6-git-context-NTdaOg","existsAtExit":false}
# C5 CLI root: {"event":"exit","path":"C:\\\\Users\\\\b_a_s\\\\AppData\\\\Local\\\\Temp\\\\p6-git-context-eqvmSH","existsAtExit":false}
# C5 CLI root: {"event":"exit","path":"C:\\\\Users\\\\b_a_s\\\\AppData\\\\Local\\\\Temp\\\\p6-git-context-boWEbW","existsAtExit":false}
# C5 CLI root: {"event":"exit","path":"C:\\\\Users\\\\b_a_s\\\\AppData\\\\Local\\\\Temp\\\\p6-git-context-XgueWh","existsAtExit":false}
# C5 CLI root: {"event":"exit","path":"C:\\\\Users\\\\b_a_s\\\\AppData\\\\Local\\\\Temp\\\\p6-git-context-XPdz7y","existsAtExit":false}
# C5 CLI root: {"event":"exit","path":"C:\\\\Users\\\\b_a_s\\\\AppData\\\\Local\\\\Temp\\\\p6-git-context-Izgl0Y","existsAtExit":false}
# C5 CLI root: {"event":"exit","path":"C:\\\\Users\\\\b_a_s\\\\AppData\\\\Local\\\\Temp\\\\p6-git-context-7oCnYp","existsAtExit":false}
# C5 CLI root: {"event":"exit","path":"C:\\\\Users\\\\b_a_s\\\\AppData\\\\Local\\\\Temp\\\\p6-git-context-onDcYN","existsAtExit":false}
# C5 CLI root: {"event":"exit","path":"C:\\\\Users\\\\b_a_s\\\\AppData\\\\Local\\\\Temp\\\\p6-git-context-e0fuWO","existsAtExit":false}
# C5 CLI root: {"event":"exit","path":"C:\\\\Users\\\\b_a_s\\\\AppData\\\\Local\\\\Temp\\\\p6-git-context-y6cLw9","existsAtExit":false}
# C5 CLI root: {"event":"exit","path":"C:\\\\Users\\\\b_a_s\\\\AppData\\\\Local\\\\Temp\\\\p6-git-context-AHdg7v","existsAtExit":false}
# C5 CLI root: {"event":"created","path":"C:\\\\Users\\\\b_a_s\\\\AppData\\\\Local\\\\Temp\\\\aiboard-git-tools-kQpPbP"}
# Subtest: task-safe Git tools inspect and commit only the worker branch
ok 159 - task-safe Git tools inspect and commit only the worker branch
  ---
  duration_ms: 2123.2657
  type: 'test'
  ...
# C5 CLI root: {"event":"exit","path":"C:\\\\Users\\\\b_a_s\\\\AppData\\\\Local\\\\Temp\\\\aiboard-git-tools-kQpPbP","existsAtExit":false}
# C5 CLI root: {"event":"created","path":"C:\\\\Users\\\\b_a_s\\\\AppData\\\\Local\\\\Temp\\\\aiboard-integration-ordered-XAiQXl"}
# C5 CLI root: {"event":"created","path":"C:\\\\Users\\\\b_a_s\\\\AppData\\\\Local\\\\Temp\\\\aiboard-integration-conflict-GqNIEw"}
# Subtest: change sets integrate serially and retries do not duplicate commits
ok 160 - change sets integrate serially and retries do not duplicate commits
  ---
  duration_ms: 5239.1609
  type: 'test'
  ...
# C5 CLI root: {"event":"created","path":"C:\\\\Users\\\\b_a_s\\\\AppData\\\\Local\\\\Temp\\\\aiboard-integration-attempt-base-VzHsf4"}
# Subtest: integration conflicts are mechanical results and leave canonical integration clean
ok 161 - integration conflicts are mechanical results and leave canonical integration clean
  ---
  duration_ms: 3988.3948
  type: 'test'
  ...
# C5 CLI root: {"event":"created","path":"C:\\\\Users\\\\b_a_s\\\\AppData\\\\Local\\\\Temp\\\\aiboard-integration-no-change-GJjVcp"}
# Subtest: a later attempt can integrate from the current integration revision
ok 162 - a later attempt can integrate from the current integration revision
  ---
  duration_ms: 4080.9529
  type: 'test'
  ...
# C5 CLI root: {"event":"created","path":"C:\\\\Users\\\\b_a_s\\\\AppData\\\\Local\\\\Temp\\\\aiboard-integration-handoff-apply-HRMWfJ"}
# Subtest: evidence-backed no-change tasks integrate without fabricating commits
ok 163 - evidence-backed no-change tasks integrate without fabricating commits
  ---
  duration_ms: 1766.207
  type: 'test'
  ...
# C5 CLI root: {"event":"created","path":"C:\\\\Users\\\\b_a_s\\\\AppData\\\\Local\\\\Temp\\\\aiboard-integration-handoff-dirty-K0u4QA"}
# Subtest: final handoff applies the integrated diff only after a successful dry run
ok 164 - final handoff applies the integrated diff only after a successful dry run
  ---
  duration_ms: 4812.3839
  type: 'test'
  ...
# C5 CLI root: {"event":"created","path":"C:\\\\Users\\\\b_a_s\\\\AppData\\\\Local\\\\Temp\\\\aiboard-integration-handoff-crash-repair-bpZXD4"}
# Subtest: final handoff rejects dirty projects without changing their worktree, index, or revision
ok 165 - final handoff rejects dirty projects without changing their worktree, index, or revision
  ---
  duration_ms: 3416.3255
  type: 'test'
  ...
# C5 CLI root: {"event":"created","path":"C:\\\\Users\\\\b_a_s\\\\AppData\\\\Local\\\\Temp\\\\aiboard-integration-handoff-real-crash-mtqhfK"}
# Subtest: a fresh manager repairs the exact journaled post-ref crash state
ok 166 - a fresh manager repairs the exact journaled post-ref crash state
  ---
  duration_ms: 5558.2868
  type: 'test'
  ...
# C5 CLI root: {"event":"created","path":"C:\\\\Users\\\\b_a_s\\\\AppData\\\\Local\\\\Temp\\\\aiboard-integration-handoff-ignored-crash-Gi0NOO"}
# Subtest: the real apply path leaves a recoverable journal when the process dies after update-ref
ok 167 - the real apply path leaves a recoverable journal when the process dies after update-ref
  ---
  duration_ms: 5038.4265
  type: 'test'
  ...
# C5 CLI root: {"event":"created","path":"C:\\\\Users\\\\b_a_s\\\\AppData\\\\Local\\\\Temp\\\\aiboard-integration-handoff-ignored-race-SvWpKu"}
# Subtest: crash recovery never overwrites an ignored untracked target path
ok 168 - crash recovery never overwrites an ignored untracked target path
  ---
  duration_ms: 4841.7015
  type: 'test'
  ...
# C5 CLI root: {"event":"created","path":"C:\\\\Users\\\\b_a_s\\\\AppData\\\\Local\\\\Temp\\\\aiboard-integration-handoff-concurrent-journals-0SMy7k"}
# Subtest: the live checkout rechecks ignored target paths after advancing the ref
ok 169 - the live checkout rechecks ignored target paths after advancing the ref
  ---
  duration_ms: 4530.9706
  type: 'test'
  ...
# Subtest: runner-v2\\test\\integration-manager.test.ts
not ok 17 - runner-v2\\test\\integration-manager.test.ts
  ---
  duration_ms: 504518.8838
  type: 'test'
  location: 'D:\\repos\\ai-discussion-board\\.worktrees\\runner-v2-robust-build\\runner-v2\\test\\integration-manager.test.ts:1:1'
  failureType: 'testCodeFailure'
  exitCode: 4294967295
  signal: ~
  error: 'test failed'
  code: 'ERR_TEST_FAILURE'
  ...
# C5 CLI root: {"event":"created","path":"C:\\\\Users\\\\b_a_s\\\\AppData\\\\Local\\\\Temp\\\\p683-context-V5Nkpa"}
# Subtest: LSP invocation propagates the exact original code.workspace_symbols grant and identity
ok 171 - LSP invocation propagates the exact original code.workspace_symbols grant and identity
  ---
  duration_ms: 14.4349
  type: 'test'
  ...
# invocation root acquired: C:\\Users\\b_a_s\\AppData\\Local\\Temp\\p683-context-V5Nkpa
# invocation root removed: C:\\Users\\b_a_s\\AppData\\Local\\Temp\\p683-context-V5Nkpa
# C5 CLI root: {"event":"created","path":"C:\\\\Users\\\\b_a_s\\\\AppData\\\\Local\\\\Temp\\\\p683-context-gMC7gO"}
# Subtest: LSP invocation propagates the exact original code.definition grant and identity
ok 172 - LSP invocation propagates the exact original code.definition grant and identity
  ---
  duration_ms: 2.8858
  type: 'test'
  ...
# invocation root acquired: C:\\Users\\b_a_s\\AppData\\Local\\Temp\\p683-context-gMC7gO
# invocation root removed: C:\\Users\\b_a_s\\AppData\\Local\\Temp\\p683-context-gMC7gO
# C5 CLI root: {"event":"created","path":"C:\\\\Users\\\\b_a_s\\\\AppData\\\\Local\\\\Temp\\\\p683-context-CKstMX"}
# Subtest: LSP invocation propagates the exact original code.references grant and identity
ok 173 - LSP invocation propagates the exact original code.references grant and identity
  ---
  duration_ms: 1.8973
  type: 'test'
  ...
# invocation root acquired: C:\\Users\\b_a_s\\AppData\\Local\\Temp\\p683-context-CKstMX
# invocation root removed: C:\\Users\\b_a_s\\AppData\\Local\\Temp\\p683-context-CKstMX
# C5 CLI root: {"event":"created","path":"C:\\\\Users\\\\b_a_s\\\\AppData\\\\Local\\\\Temp\\\\p683-context-9sOJBu"}
# Subtest: LSP invocation propagates the exact original code.diagnostics grant and identity
ok 174 - LSP invocation propagates the exact original code.diagnostics grant and identity
  ---
  duration_ms: 2.0203
  type: 'test'
  ...
# invocation root acquired: C:\\Users\\b_a_s\\AppData\\Local\\Temp\\p683-context-9sOJBu
# invocation root removed: C:\\Users\\b_a_s\\AppData\\Local\\Temp\\p683-context-9sOJBu
# C5 CLI root: {"event":"created","path":"C:\\\\Users\\\\b_a_s\\\\AppData\\\\Local\\\\Temp\\\\p683-context-Ek99k7"}
# Subtest: LSP invocation propagates the exact original fs.write grant and identity
ok 175 - LSP invocation propagates the exact original fs.write grant and identity
  ---
  duration_ms: 28.3973
  type: 'test'
  ...
# invocation root acquired: C:\\Users\\b_a_s\\AppData\\Local\\Temp\\p683-context-Ek99k7
# invocation root removed: C:\\Users\\b_a_s\\AppData\\Local\\Temp\\p683-context-Ek99k7
# C5 CLI root: {"event":"exit","path":"C:\\\\Users\\\\b_a_s\\\\AppData\\\\Local\\\\Temp\\\\p683-context-V5Nkpa","existsAtExit":false}
# C5 CLI root: {"event":"exit","path":"C:\\\\Users\\\\b_a_s\\\\AppData\\\\Local\\\\Temp\\\\p683-context-gMC7gO","existsAtExit":false}
# C5 CLI root: {"event":"exit","path":"C:\\\\Users\\\\b_a_s\\\\AppData\\\\Local\\\\Temp\\\\p683-context-CKstMX","existsAtExit":false}
# C5 CLI root: {"event":"exit","path":"C:\\\\Users\\\\b_a_s\\\\AppData\\\\Local\\\\Temp\\\\p683-context-9sOJBu","existsAtExit":false}
# C5 CLI root: {"event":"exit","path":"C:\\\\Users\\\\b_a_s\\\\AppData\\\\Local\\\\Temp\\\\p683-context-Ek99k7","existsAtExit":false}
# C5 CLI root: {"event":"created","path":"C:\\\\Users\\\\b_a_s\\\\AppData\\\\Local\\\\Temp\\\\p683-native-TDR1Jx"}
# C5 CLI root: {"event":"created","path":"C:\\\\Users\\\\b_a_s\\\\AppData\\\\Local\\\\Temp\\\\aiboard-windows-semantic-duplex-cFl2I6"}
# C5 CLI root: {"event":"created","path":"C:\\\\Users\\\\b_a_s\\\\AppData\\\\Local\\\\Temp\\\\aiboard-windows-semantic-batch-xGGpcA"}
# C5 CLI root: {"event":"created","path":"C:\\\\Users\\\\b_a_s\\\\AppData\\\\Local\\\\Temp\\\\aiboard-windows-semantic-tree-8PvS05"}
# Subtest: LSP real shared host is lazy and code plus filesystem diagnostics retain exact fresh ToolBroker authority
ok 176 - LSP real shared host is lazy and code plus filesystem diagnostics retain exact fresh ToolBroker authority
  ---
  duration_ms: 24563.3854
  type: 'test'
  ...
# exact native LSP fixture acquired: C:\\Users\\b_a_s\\AppData\\Local\\Temp\\p683-native-TDR1Jx
# actual code grant, actual post-write grant, separate agent, protocol shutdown and shared release verified
# certified native LSP fixture removed: C:\\Users\\b_a_s\\AppData\\Local\\Temp\\p683-native-TDR1Jx
# C5 CLI root: {"event":"exit","path":"C:\\\\Users\\\\b_a_s\\\\AppData\\\\Local\\\\Temp\\\\p683-native-TDR1Jx","existsAtExit":false}
# C5 CLI root: {"event":"exit","path":"C:\\\\Users\\\\b_a_s\\\\AppData\\\\Local\\\\Temp\\\\aiboard-windows-semantic-duplex-cFl2I6","existsAtExit":false}
# C5 CLI root: {"event":"exit","path":"C:\\\\Users\\\\b_a_s\\\\AppData\\\\Local\\\\Temp\\\\aiboard-windows-semantic-batch-xGGpcA","existsAtExit":false}
# C5 CLI root: {"event":"exit","path":"C:\\\\Users\\\\b_a_s\\\\AppData\\\\Local\\\\Temp\\\\aiboard-windows-semantic-tree-8PvS05","existsAtExit":false}
# C5 CLI root: {"event":"created","path":"C:\\\\Users\\\\b_a_s\\\\AppData\\\\Local\\\\Temp\\\\aiboard-architect-reassigned-review-pUpacv"}
# Subtest: Architect model calls carry direct durable role attribution
ok 177 - Architect model calls carry direct durable role attribution
  ---
  duration_ms: 0.8862
  type: 'test'
  ...
# Subtest: Architect review context carries the submitted criterion evidence mapping
ok 178 - Architect review context carries the submitted criterion evidence mapping
  ---
  duration_ms: 0.5929
  type: 'test'
  ...
# C5 CLI root: {"event":"created","path":"C:\\\\Users\\\\b_a_s\\\\AppData\\\\Local\\\\Temp\\\\aiboard-native-architect-steering-wxTSm9"}
# Subtest: Architect review loads the revised worker session instead of the legacy same-attempt session
ok 179 - Architect review loads the revised worker session instead of the legacy same-attempt session
  ---
  duration_ms: 49.6886
  type: 'test'
  ...
# Subtest: Architect skill routing prioritizes the task named by the current action
ok 180 - Architect skill routing prioritizes the task named by the current action
  ---
  duration_ms: 0.8602
  type: 'test'
  ...
# Subtest: Architect reviews inspect the submitted attempt workspace instead of the project root
ok 181 - Architect reviews inspect the submitted attempt workspace instead of the project root
  ---
  duration_ms: 0.1568
  type: 'test'
  ...
# C5 CLI root: {"event":"created","path":"C:\\\\Users\\\\b_a_s\\\\AppData\\\\Local\\\\Temp\\\\aiboard-native-architect-tQPpz8"}
# Subtest: Native Architect steering cancellation does not create a user-decision pause
ok 182 - Native Architect steering cancellation does not create a user-decision pause
  ---
  duration_ms: 134.1859
  type: 'test'
  ...
# C5 CLI root: {"event":"created","path":"C:\\\\Users\\\\b_a_s\\\\AppData\\\\Local\\\\Temp\\\\aiboard-architect-extension-project-sb1Jmb"}
# Subtest: Architect provider failure pauses for user-selected handoff before planning
ok 183 - Architect provider failure pauses for user-selected handoff before planning
  ---
  duration_ms: 226.7083
  type: 'test'
  ...
# C5 CLI root: {"event":"created","path":"C:\\\\Users\\\\b_a_s\\\\AppData\\\\Local\\\\Temp\\\\aiboard-architect-extension-full-doFpFr"}
# C5 CLI root: {"event":"created","path":"C:\\\\Users\\\\b_a_s\\\\AppData\\\\Local\\\\Temp\\\\aiboard-plan-only-tools-3MAvXF"}
# C5 CLI root: {"event":"created","path":"C:\\\\Users\\\\b_a_s\\\\AppData\\\\Local\\\\Temp\\\\aiboard-architect-resume-KZJSTS"}
# Subtest: Architect excludes mutating extension tools under Project and Full access
ok 184 - Architect excludes mutating extension tools under Project and Full access
  ---
  duration_ms: 262.4974
  type: 'test'
  ...
# Subtest: Plan-only rejects forged mutating browser and MCP calls even under Full access
ok 185 - Plan-only rejects forged mutating browser and MCP calls even under Full access
  ---
  duration_ms: 1.8193
  type: 'test'
  ...
# Subtest: resumed Architect action receives a fresh mechanical reminder
ok 186 - resumed Architect action receives a fresh mechanical reminder
  ---
  duration_ms: 134.4151
  type: 'test'
  ...
# C5 CLI root: {"event":"exit","path":"C:\\\\Users\\\\b_a_s\\\\AppData\\\\Local\\\\Temp\\\\aiboard-architect-reassigned-review-pUpacv","existsAtExit":false}
# C5 CLI root: {"event":"exit","path":"C:\\\\Users\\\\b_a_s\\\\AppData\\\\Local\\\\Temp\\\\aiboard-native-architect-steering-wxTSm9","existsAtExit":false}
# C5 CLI root: {"event":"exit","path":"C:\\\\Users\\\\b_a_s\\\\AppData\\\\Local\\\\Temp\\\\aiboard-native-architect-tQPpz8","existsAtExit":false}
# C5 CLI root: {"event":"exit","path":"C:\\\\Users\\\\b_a_s\\\\AppData\\\\Local\\\\Temp\\\\aiboard-architect-extension-project-sb1Jmb","existsAtExit":false}
# C5 CLI root: {"event":"exit","path":"C:\\\\Users\\\\b_a_s\\\\AppData\\\\Local\\\\Temp\\\\aiboard-architect-extension-full-doFpFr","existsAtExit":false}
# C5 CLI root: {"event":"exit","path":"C:\\\\Users\\\\b_a_s\\\\AppData\\\\Local\\\\Temp\\\\aiboard-plan-only-tools-3MAvXF","existsAtExit":false}
# C5 CLI root: {"event":"exit","path":"C:\\\\Users\\\\b_a_s\\\\AppData\\\\Local\\\\Temp\\\\aiboard-architect-resume-KZJSTS","existsAtExit":false}
# C5 CLI root: {"event":"created","path":"C:\\\\Users\\\\b_a_s\\\\AppData\\\\Local\\\\Temp\\\\aiboard-native-capabilities-execution-host-mcp-order-9H8w2H"}
# C5 CLI root: {"event":"created","path":"C:\\\\Users\\\\b_a_s\\\\AppData\\\\Local\\\\Temp\\\\aiboard-windows-semantic-duplex-V09dky"}
# C5 CLI root: {"event":"created","path":"C:\\\\Users\\\\b_a_s\\\\AppData\\\\Local\\\\Temp\\\\aiboard-windows-semantic-batch-FpUMsH"}
# C5 CLI root: {"event":"created","path":"C:\\\\Users\\\\b_a_s\\\\AppData\\\\Local\\\\Temp\\\\aiboard-windows-semantic-tree-s3ODUp"}
# C5 CLI root: {"event":"created","path":"C:\\\\Users\\\\b_a_s\\\\AppData\\\\Local\\\\Temp\\\\aiboard-native-capabilities-metadata-mUYszc"}
# Subtest: production composition settles its owned MCP and run binding while retaining history and isolating another run
ok 187 - production composition settles its owned MCP and run binding while retaining history and isolating another run
  ---
  duration_ms: 74368.046
  type: 'test'
  ...
# C5 CLI root: {"event":"created","path":"C:\\\\Users\\\\b_a_s\\\\AppData\\\\Local\\\\Temp\\\\aiboard-native-capabilities-metadata-mUYszc\\\\state\\\\capability-snapshots\\\\.staging-QiTsF5"}
# C5 CLI root: {"event":"created","path":"C:\\\\Users\\\\b_a_s\\\\AppData\\\\Local\\\\Temp\\\\aiboard-native-capabilities-metadata-mUYszc\\\\state\\\\builds\\\\capability-metadata-9edcc03a39\\\\extension-executions\\\\.0677af4400a8cb12-VGlr87"}
# C5 CLI root: {"event":"created","path":"C:\\\\Users\\\\b_a_s\\\\AppData\\\\Local\\\\Temp\\\\aiboard-windows-semantic-duplex-LpkTHd"}
# C5 CLI root: {"event":"created","path":"C:\\\\Users\\\\b_a_s\\\\AppData\\\\Local\\\\Temp\\\\aiboard-windows-semantic-batch-jfdJKR"}
# C5 CLI root: {"event":"created","path":"C:\\\\Users\\\\b_a_s\\\\AppData\\\\Local\\\\Temp\\\\aiboard-windows-semantic-tree-VoY2dV"}
# C5 CLI root: {"event":"created","path":"C:\\\\Users\\\\b_a_s\\\\AppData\\\\Local\\\\Temp\\\\aiboard-native-capabilities-recovery-preflight-start-cleanup-bwGu4q"}
# Subtest: NativeBuildFactory loads configured capabilities and reports provider audit metadata
ok 188 - NativeBuildFactory loads configured capabilities and reports provider audit metadata
  ---
  duration_ms: 13688.5452
  type: 'test'
  ...
# C5 CLI root: {"event":"created","path":"C:\\\\Users\\\\b_a_s\\\\AppData\\\\Local\\\\Temp\\\\aiboard-native-capabilities-recovery-preflight-start-cleanup-bwGu4q\\\\state\\\\capability-snapshots\\\\.staging-g01ogp"}
# C5 CLI root: {"event":"created","path":"C:\\\\Users\\\\b_a_s\\\\AppData\\\\Local\\\\Temp\\\\aiboard-native-capabilities-standalone-preflight-close-retry-Is0fY5"}
# Subtest: active recovery validates matching snapshots without starting extension lifecycle code
ok 189 - active recovery validates matching snapshots without starting extension lifecycle code
  ---
  duration_ms: 26.2969
  type: 'test'
  ...
# C5 CLI root: {"event":"created","path":"C:\\\\Users\\\\b_a_s\\\\AppData\\\\Local\\\\Temp\\\\aiboard-native-capabilities-standalone-preflight-close-retry-Is0fY5\\\\state\\\\extension-executions\\\\.3ceaab75a4e558c2-4UwoIG"}
# C5 CLI root: {"event":"created","path":"C:\\\\Users\\\\b_a_s\\\\AppData\\\\Local\\\\Temp\\\\aiboard-native-capabilities-partial-start-disposer-retry-c1scOg"}
# Subtest: standalone capability preflight sweeps retryable close failures before releasing ownership
ok 190 - standalone capability preflight sweeps retryable close failures before releasing ownership
  ---
  duration_ms: 69.0577
  type: 'test'
  ...
# C5 CLI root: {"event":"created","path":"C:\\\\Users\\\\b_a_s\\\\AppData\\\\Local\\\\Temp\\\\aiboard-native-capabilities-partial-start-disposer-retry-c1scOg\\\\state\\\\extension-executions\\\\.bef6069c44697cb9-1NeMaQ"}
# C5 CLI root: {"event":"created","path":"C:\\\\Users\\\\b_a_s\\\\AppData\\\\Local\\\\Temp\\\\aiboard-native-capabilities-router-collision-disposer-retry-6kmZTq"}
# Subtest: capability startup retries a failed partial-start disposer until its child exits
ok 191 - capability startup retries a failed partial-start disposer until its child exits
  ---
  duration_ms: 77.3107
  type: 'test'
  ...
# C5 finalizer10 acquired exact capability fixture: C:\\Users\\b_a_s\\AppData\\Local\\Temp\\aiboard-native-capabilities-partial-start-disposer-retry-c1scOg
# C5 finalizer10 removed certified capability fixture: C:\\Users\\b_a_s\\AppData\\Local\\Temp\\aiboard-native-capabilities-partial-start-disposer-retry-c1scOg
# C5 CLI root: {"event":"created","path":"C:\\\\Users\\\\b_a_s\\\\AppData\\\\Local\\\\Temp\\\\aiboard-native-capabilities-router-collision-disposer-retry-6kmZTq\\\\state\\\\extension-executions\\\\.f3d7786ed56e164e-C3fvNn"}
# C5 CLI root: {"event":"created","path":"C:\\\\Users\\\\b_a_s\\\\AppData\\\\Local\\\\Temp\\\\aiboard-native-capabilities-recovery-preflight-evaluation-S0pRBx"}
# Subtest: capability startup retries post-start router-collision cleanup in exact order
ok 192 - capability startup retries post-start router-collision cleanup in exact order
  ---
  duration_ms: 73.1075
  type: 'test'
  ...
# C5 finalizer10 acquired exact capability fixture: C:\\Users\\b_a_s\\AppData\\Local\\Temp\\aiboard-native-capabilities-router-collision-disposer-retry-6kmZTq
# C5 finalizer10 removed certified capability fixture: C:\\Users\\b_a_s\\AppData\\Local\\Temp\\aiboard-native-capabilities-router-collision-disposer-retry-6kmZTq
# C5 CLI root: {"event":"created","path":"C:\\\\Users\\\\b_a_s\\\\AppData\\\\Local\\\\Temp\\\\aiboard-native-capabilities-recovery-preflight-evaluation-S0pRBx\\\\state\\\\capability-snapshots\\\\.staging-5oddVW"}
# C5 CLI root: {"event":"created","path":"C:\\\\Users\\\\b_a_s\\\\AppData\\\\Local\\\\Temp\\\\aiboard-native-capabilities-recovery-preflight-factory-NLDJ77"}
# C5 CLI root: {"event":"created","path":"C:\\\\Users\\\\b_a_s\\\\AppData\\\\Local\\\\Temp\\\\aiboard-native-capabilities-recovery-preflight-factory-NLDJ77\\\\state\\\\capability-snapshots\\\\.staging-R8aHo6"}
# C5 CLI root: {"event":"created","path":"C:\\\\Users\\\\b_a_s\\\\AppData\\\\Local\\\\Temp\\\\aiboard-native-capabilities-recovery-preflight-missing-snapshot-QPNrzV"}
# Subtest: active recovery never evaluates matching snapshot modules or extension factories
ok 193 - active recovery never evaluates matching snapshot modules or extension factories
  ---
  duration_ms: 51.0176
  type: 'test'
  ...
# C5 CLI root: {"event":"created","path":"C:\\\\Users\\\\b_a_s\\\\AppData\\\\Local\\\\Temp\\\\aiboard-native-capabilities-recovery-preflight-missing-snapshot-QPNrzV\\\\state\\\\capability-snapshots\\\\.staging-6xKAyI"}
# C5 CLI root: {"event":"created","path":"C:\\\\Users\\\\b_a_s\\\\AppData\\\\Local\\\\Temp\\\\aiboard-native-capabilities-recovery-preflight-corrupt-snapshot-BLZNLO"}
# Subtest: active recovery validates a missing snapshot before evaluating an extension
ok 194 - active recovery validates a missing snapshot before evaluating an extension
  ---
  duration_ms: 19.1043
  type: 'test'
  ...
# C5 CLI root: {"event":"created","path":"C:\\\\Users\\\\b_a_s\\\\AppData\\\\Local\\\\Temp\\\\aiboard-native-capabilities-recovery-preflight-corrupt-snapshot-BLZNLO\\\\state\\\\capability-snapshots\\\\.staging-pudm7a"}
# C5 CLI root: {"event":"created","path":"C:\\\\Users\\\\b_a_s\\\\AppData\\\\Local\\\\Temp\\\\aiboard-native-capabilities-recovery-preflight-lsp-kPpnaC"}
# Subtest: active recovery validates a corrupt snapshot before evaluating an extension
ok 195 - active recovery validates a corrupt snapshot before evaluating an extension
  ---
  duration_ms: 22.2157
  type: 'test'
  ...
# C5 CLI root: {"event":"created","path":"C:\\\\Users\\\\b_a_s\\\\AppData\\\\Local\\\\Temp\\\\aiboard-native-capabilities-recovery-contract-xsLz9t"}
# Subtest: active recovery statically attests configured language servers without spawning them
ok 196 - active recovery statically attests configured language servers without spawning them
  ---
  duration_ms: 168.7068
  type: 'test'
  ...
# C5 CLI root: {"event":"created","path":"C:\\\\Users\\\\b_a_s\\\\AppData\\\\Local\\\\Temp\\\\aiboard-native-capabilities-recovery-contract-xsLz9t\\\\state\\\\capability-snapshots\\\\.staging-BEw6Ja"}
# C5 CLI root: {"event":"created","path":"C:\\\\Users\\\\b_a_s\\\\AppData\\\\Local\\\\Temp\\\\aiboard-native-capabilities-helper-dependency-contract-w4i2MH"}
# Subtest: NativeBuildFactory persists and validates a capability contract before recovery
ok 197 - NativeBuildFactory persists and validates a capability contract before recovery
  ---
  duration_ms: 974.3213
  type: 'test'
  ...
# C5 CLI root: {"event":"created","path":"C:\\\\Users\\\\b_a_s\\\\AppData\\\\Local\\\\Temp\\\\aiboard-native-capabilities-helper-dependency-contract-w4i2MH\\\\state\\\\capability-snapshots\\\\.staging-acHMcb"}
# C5 CLI root: {"event":"created","path":"C:\\\\Users\\\\b_a_s\\\\AppData\\\\Local\\\\Temp\\\\aiboard-native-capabilities-legacy-capability-contract-Yj2kmy"}
# Subtest: NativeBuildFactory rejects an active contract when a local extension helper changes
ok 198 - NativeBuildFactory rejects an active contract when a local extension helper changes
  ---
  duration_ms: 769.6424
  type: 'test'
  ...
# C5 CLI root: {"event":"created","path":"C:\\\\Users\\\\b_a_s\\\\AppData\\\\Local\\\\Temp\\\\aiboard-native-capabilities-legacy-capability-contract-Yj2kmy\\\\state\\\\capability-snapshots\\\\.staging-x3UsmK"}
# C5 CLI root: {"event":"created","path":"C:\\\\Users\\\\b_a_s\\\\AppData\\\\Local\\\\Temp\\\\aiboard-native-capabilities-historical-execution-safety-contract-AZOVQR"}
# Subtest: NativeBuildFactory fails closed when an active legacy capability contract lacks an immutable closure
ok 199 - NativeBuildFactory fails closed when an active legacy capability contract lacks an immutable closure
  ---
  duration_ms: 752.5179
  type: 'test'
  ...
# C5 CLI root: {"event":"created","path":"C:\\\\Users\\\\b_a_s\\\\AppData\\\\Local\\\\Temp\\\\aiboard-native-capabilities-extension-snapshot-replacement-GFT2qU"}
# Subtest: NativeBuildFactory fails closed when an active historical contract lacks execution safety
ok 200 - NativeBuildFactory fails closed when an active historical contract lacks execution safety
  ---
  duration_ms: 763.9775
  type: 'test'
  ...
# C5 CLI root: {"event":"created","path":"C:\\\\Users\\\\b_a_s\\\\AppData\\\\Local\\\\Temp\\\\aiboard-native-capabilities-extension-snapshot-replacement-GFT2qU\\\\state\\\\capability-snapshots\\\\.staging-xguGp8"}
# C5 CLI root: {"event":"created","path":"C:\\\\Users\\\\b_a_s\\\\AppData\\\\Local\\\\Temp\\\\aiboard-native-capabilities-extension-snapshot-replacement-GFT2qU\\\\state\\\\builds\\\\capability-extension-snapshot-replacemen-ac50b6f312\\\\extension-executions\\\\.02add0e1b1838345-8tAYts"}
# C5 CLI root: {"event":"created","path":"C:\\\\Users\\\\b_a_s\\\\AppData\\\\Local\\\\Temp\\\\aiboard-windows-semantic-duplex-PEJ0NS"}
# C5 CLI root: {"event":"created","path":"C:\\\\Users\\\\b_a_s\\\\AppData\\\\Local\\\\Temp\\\\aiboard-windows-semantic-batch-kvsj8u"}
# C5 CLI root: {"event":"created","path":"C:\\\\Users\\\\b_a_s\\\\AppData\\\\Local\\\\Temp\\\\aiboard-windows-semantic-tree-Xsn0st"}
# C5 CLI root: {"event":"created","path":"C:\\\\Users\\\\b_a_s\\\\AppData\\\\Local\\\\Temp\\\\aiboard-native-capabilities-extension-tool-observation-bjs3WW"}
# Subtest: NativeBuildFactory loads an extension snapshot after source replacement following validation
ok 201 - NativeBuildFactory loads an extension snapshot after source replacement following validation
  ---
  duration_ms: 14375.2105
  type: 'test'
  ...
# C5 CLI root: {"event":"created","path":"C:\\\\Users\\\\b_a_s\\\\AppData\\\\Local\\\\Temp\\\\aiboard-native-capabilities-extension-tool-observation-bjs3WW\\\\state\\\\capability-snapshots\\\\.staging-YVdNTs"}
# C5 CLI root: {"event":"created","path":"C:\\\\Users\\\\b_a_s\\\\AppData\\\\Local\\\\Temp\\\\aiboard-native-capabilities-extension-tool-observation-bjs3WW\\\\state\\\\builds\\\\capability-extension-tool-observation-5edb5eb1bf\\\\extension-executions\\\\.0677af4400a8cb12-cf2Kin"}
# C5 CLI root: {"event":"created","path":"C:\\\\Users\\\\b_a_s\\\\AppData\\\\Local\\\\Temp\\\\aiboard-windows-semantic-duplex-3VSR2E"}
# C5 CLI root: {"event":"created","path":"C:\\\\Users\\\\b_a_s\\\\AppData\\\\Local\\\\Temp\\\\aiboard-windows-semantic-batch-y7sTSK"}
# C5 CLI root: {"event":"created","path":"C:\\\\Users\\\\b_a_s\\\\AppData\\\\Local\\\\Temp\\\\aiboard-windows-semantic-tree-Kboxu9"}
# C5 CLI root: {"event":"created","path":"C:\\\\Users\\\\b_a_s\\\\AppData\\\\Local\\\\Temp\\\\aiboard-native-capabilities-extension-language-close-ZYmIzi"}
# Subtest: NativeBuildFactory snapshot preserves attribution for a live extension tool call
ok 202 - NativeBuildFactory snapshot preserves attribution for a live extension tool call
  ---
  duration_ms: 14594.0226
  type: 'test'
  ...
# C5 CLI root: {"event":"created","path":"C:\\\\Users\\\\b_a_s\\\\AppData\\\\Local\\\\Temp\\\\aiboard-native-capabilities-extension-language-close-ZYmIzi\\\\state\\\\capability-snapshots\\\\.staging-GKGdpI"}
# C5 CLI root: {"event":"created","path":"C:\\\\Users\\\\b_a_s\\\\AppData\\\\Local\\\\Temp\\\\aiboard-native-capabilities-extension-language-close-ZYmIzi\\\\state\\\\builds\\\\capability-extension-language-close-a6f485b07d\\\\extension-executions\\\\.3c5f4d73efafb169-zMRjxd"}
# C5 CLI root: {"event":"created","path":"C:\\\\Users\\\\b_a_s\\\\AppData\\\\Local\\\\Temp\\\\aiboard-windows-semantic-duplex-U6UucB"}
# C5 CLI root: {"event":"created","path":"C:\\\\Users\\\\b_a_s\\\\AppData\\\\Local\\\\Temp\\\\aiboard-windows-semantic-batch-OjjXSH"}
# C5 CLI root: {"event":"created","path":"C:\\\\Users\\\\b_a_s\\\\AppData\\\\Local\\\\Temp\\\\aiboard-windows-semantic-tree-z5pgUG"}
# C5 CLI root: {"event":"created","path":"C:\\\\Users\\\\b_a_s\\\\AppData\\\\Local\\\\Temp\\\\aiboard-native-capabilities-atomic-CxB6dG"}
# Subtest: NativeBuildFactory closes extension language providers before their extension instance
ok 203 - NativeBuildFactory closes extension language providers before their extension instance
  ---
  duration_ms: 14037.2897
  type: 'test'
  ...
# C5 CLI root: {"event":"created","path":"C:\\\\Users\\\\b_a_s\\\\AppData\\\\Local\\\\Temp\\\\aiboard-native-capabilities-atomic-CxB6dG\\\\state\\\\capability-snapshots\\\\.staging-yhk2OO"}
# C5 CLI root: {"event":"created","path":"C:\\\\Users\\\\b_a_s\\\\AppData\\\\Local\\\\Temp\\\\aiboard-native-capabilities-atomic-CxB6dG\\\\state\\\\builds\\\\capability-atomic-f3e56529da\\\\extension-executions\\\\.4a1ebe8af4c5b5b1-NsHVvh"}
# C5 CLI root: {"event":"created","path":"C:\\\\Users\\\\b_a_s\\\\AppData\\\\Local\\\\Temp\\\\aiboard-native-capabilities-reserved-T9VjNZ"}
# Subtest: NativeBuildFactory closes extension providers before instances when language provider startup validation fails
ok 204 - NativeBuildFactory closes extension providers before instances when language provider startup validation fails
  ---
  duration_ms: 1024.8938
  type: 'test'
  ...
# C5 CLI root: {"event":"created","path":"C:\\\\Users\\\\b_a_s\\\\AppData\\\\Local\\\\Temp\\\\aiboard-native-capabilities-reserved-T9VjNZ\\\\state\\\\capability-snapshots\\\\.staging-e08akK"}
# C5 CLI root: {"event":"created","path":"C:\\\\Users\\\\b_a_s\\\\AppData\\\\Local\\\\Temp\\\\aiboard-native-capabilities-reserved-T9VjNZ\\\\state\\\\builds\\\\capability-reserved-3f9cfa92ac\\\\extension-executions\\\\.4bdbf80681b45464-PK7SOV"}
# C5 CLI root: {"event":"created","path":"C:\\\\Users\\\\b_a_s\\\\AppData\\\\Local\\\\Temp\\\\aiboard-native-capabilities-runtime-construction-execution_isolation-WuqSZ9"}
# Subtest: NativeBuildFactory reserves built-in tool names before any extension starts
ok 205 - NativeBuildFactory reserves built-in tool names before any extension starts
  ---
  duration_ms: 825.4247
  type: 'test'
  ...
# C5 CLI root: {"event":"created","path":"C:\\\\Users\\\\b_a_s\\\\AppData\\\\Local\\\\Temp\\\\aiboard-native-capabilities-runtime-construction-execution_isolation-WuqSZ9\\\\state\\\\capability-snapshots\\\\.staging-nBX18J"}
# C5 CLI root: {"event":"created","path":"C:\\\\Users\\\\b_a_s\\\\AppData\\\\Local\\\\Temp\\\\aiboard-native-capabilities-runtime-construction-capabilities-kqgw1W"}
# C5 CLI root: {"event":"created","path":"C:\\\\Users\\\\b_a_s\\\\AppData\\\\Local\\\\Temp\\\\aiboard-native-capabilities-runtime-construction-capabilities-kqgw1W\\\\state\\\\capability-snapshots\\\\.staging-kh8d0G"}
# C5 CLI root: {"event":"created","path":"C:\\\\Users\\\\b_a_s\\\\AppData\\\\Local\\\\Temp\\\\aiboard-native-capabilities-runtime-construction-capabilities-kqgw1W\\\\state\\\\builds\\\\runtime-construction-capabilities-c2144e95b5\\\\extension-executions\\\\.0677af4400a8cb12-IuHsCc"}
# C5 CLI root: {"event":"created","path":"C:\\\\Users\\\\b_a_s\\\\AppData\\\\Local\\\\Temp\\\\aiboard-native-capabilities-runtime-construction-evidence_store-atHAmb"}
# C5 CLI root: {"event":"created","path":"C:\\\\Users\\\\b_a_s\\\\AppData\\\\Local\\\\Temp\\\\aiboard-native-capabilities-runtime-construction-evidence_store-atHAmb\\\\state\\\\capability-snapshots\\\\.staging-JS3Jim"}
# C5 CLI root: {"event":"created","path":"C:\\\\Users\\\\b_a_s\\\\AppData\\\\Local\\\\Temp\\\\aiboard-native-capabilities-runtime-construction-evidence_store-atHAmb\\\\state\\\\builds\\\\runtime-construction-evidence-store-18e527f405\\\\extension-executions\\\\.0677af4400a8cb12-tJr8b3"}
# C5 CLI root: {"event":"created","path":"C:\\\\Users\\\\b_a_s\\\\AppData\\\\Local\\\\Temp\\\\aiboard-native-capabilities-runtime-construction-scheduler_store-usHx4x"}
# C5 CLI root: {"event":"created","path":"C:\\\\Users\\\\b_a_s\\\\AppData\\\\Local\\\\Temp\\\\aiboard-native-capabilities-runtime-construction-scheduler_store-usHx4x\\\\state\\\\capability-snapshots\\\\.staging-FDeVCC"}
# C5 CLI root: {"event":"created","path":"C:\\\\Users\\\\b_a_s\\\\AppData\\\\Local\\\\Temp\\\\aiboard-native-capabilities-runtime-construction-scheduler_store-usHx4x\\\\state\\\\builds\\\\runtime-construction-scheduler-store-c4cfcb6c97\\\\extension-executions\\\\.0677af4400a8cb12-3ZEbzP"}
# C5 CLI root: {"event":"created","path":"C:\\\\Users\\\\b_a_s\\\\AppData\\\\Local\\\\Temp\\\\aiboard-native-capabilities-runtime-construction-session_store-D5fsDU"}
# C5 CLI root: {"event":"created","path":"C:\\\\Users\\\\b_a_s\\\\AppData\\\\Local\\\\Temp\\\\aiboard-native-capabilities-runtime-construction-session_store-D5fsDU\\\\state\\\\capability-snapshots\\\\.staging-oex242"}
# C5 CLI root: {"event":"created","path":"C:\\\\Users\\\\b_a_s\\\\AppData\\\\Local\\\\Temp\\\\aiboard-native-capabilities-runtime-construction-session_store-D5fsDU\\\\state\\\\builds\\\\runtime-construction-session-store-86eaeb0ad5\\\\extension-executions\\\\.0677af4400a8cb12-dbmwGH"}
# C5 CLI root: {"event":"created","path":"C:\\\\Users\\\\b_a_s\\\\AppData\\\\Local\\\\Temp\\\\aiboard-native-capabilities-runtime-construction-tool_ledger-YiWi2m"}
# C5 CLI root: {"event":"created","path":"C:\\\\Users\\\\b_a_s\\\\AppData\\\\Local\\\\Temp\\\\aiboard-native-capabilities-runtime-construction-tool_ledger-YiWi2m\\\\state\\\\capability-snapshots\\\\.staging-kRpeaa"}
# C5 CLI root: {"event":"created","path":"C:\\\\Users\\\\b_a_s\\\\AppData\\\\Local\\\\Temp\\\\aiboard-native-capabilities-runtime-construction-tool_ledger-YiWi2m\\\\state\\\\builds\\\\runtime-construction-tool-ledger-29381f9a8e\\\\extension-executions\\\\.0677af4400a8cb12-WqSipk"}
# C5 CLI root: {"event":"created","path":"C:\\\\Users\\\\b_a_s\\\\AppData\\\\Local\\\\Temp\\\\aiboard-native-capabilities-runtime-construction-budget_ledger-NU5hY5"}
# C5 CLI root: {"event":"created","path":"C:\\\\Users\\\\b_a_s\\\\AppData\\\\Local\\\\Temp\\\\aiboard-native-capabilities-runtime-construction-budget_ledger-NU5hY5\\\\state\\\\capability-snapshots\\\\.staging-lYbIXw"}
# C5 CLI root: {"event":"created","path":"C:\\\\Users\\\\b_a_s\\\\AppData\\\\Local\\\\Temp\\\\aiboard-native-capabilities-runtime-construction-budget_ledger-NU5hY5\\\\state\\\\builds\\\\runtime-construction-budget-ledger-0779643d62\\\\extension-executions\\\\.0677af4400a8cb12-cF6NYi"}
# C5 CLI root: {"event":"created","path":"C:\\\\Users\\\\b_a_s\\\\AppData\\\\Local\\\\Temp\\\\aiboard-native-capabilities-runtime-construction-workspace_manager-3rd93k"}
# C5 CLI root: {"event":"created","path":"C:\\\\Users\\\\b_a_s\\\\AppData\\\\Local\\\\Temp\\\\aiboard-native-capabilities-runtime-construction-workspace_manager-3rd93k\\\\state\\\\capability-snapshots\\\\.staging-maYJZo"}
# C5 CLI root: {"event":"created","path":"C:\\\\Users\\\\b_a_s\\\\AppData\\\\Local\\\\Temp\\\\aiboard-native-capabilities-runtime-construction-workspace_manager-3rd93k\\\\state\\\\builds\\\\runtime-construction-workspace-manager-0d5c1a0cd6\\\\extension-executions\\\\.0677af4400a8cb12-PYvhpz"}
# C5 CLI root: {"event":"created","path":"C:\\\\Users\\\\b_a_s\\\\AppData\\\\Local\\\\Temp\\\\aiboard-native-capabilities-runtime-construction-integration_workspace-9yJCzc"}
# C5 CLI root: {"event":"created","path":"C:\\\\Users\\\\b_a_s\\\\AppData\\\\Local\\\\Temp\\\\aiboard-native-capabilities-runtime-construction-integration_workspace-9yJCzc\\\\state\\\\capability-snapshots\\\\.staging-h7PXHN"}
# C5 CLI root: {"event":"created","path":"C:\\\\Users\\\\b_a_s\\\\AppData\\\\Local\\\\Temp\\\\aiboard-native-capabilities-runtime-construction-integration_workspace-9yJCzc\\\\state\\\\builds\\\\runtime-construction-integration-workspa-efec5553ad\\\\extension-executions\\\\.0677af4400a8cb12-QWE0Wz"}
# C5 CLI root: {"event":"created","path":"C:\\\\Users\\\\b_a_s\\\\AppData\\\\Local\\\\Temp\\\\aiboard-native-capabilities-runtime-construction-verification_workspace-MgfwaB"}
# C5 CLI root: {"event":"created","path":"C:\\\\Users\\\\b_a_s\\\\AppData\\\\Local\\\\Temp\\\\aiboard-native-capabilities-runtime-construction-verification_workspace-MgfwaB\\\\state\\\\capability-snapshots\\\\.staging-0wmXwN"}
# C5 CLI root: {"event":"created","path":"C:\\\\Users\\\\b_a_s\\\\AppData\\\\Local\\\\Temp\\\\aiboard-native-capabilities-runtime-construction-verification_workspace-MgfwaB\\\\state\\\\builds\\\\runtime-construction-verification-worksp-b289e3e05a\\\\extension-executions\\\\.0677af4400a8cb12-ivB663"}
# C5 CLI root: {"event":"created","path":"C:\\\\Users\\\\b_a_s\\\\AppData\\\\Local\\\\Temp\\\\aiboard-native-capabilities-runtime-construction-independent_verifier_workspace-HfkTul"}
# C5 CLI root: {"event":"created","path":"C:\\\\Users\\\\b_a_s\\\\AppData\\\\Local\\\\Temp\\\\aiboard-native-capabilities-runtime-construction-independent_verifier_workspace-HfkTul\\\\state\\\\capability-snapshots\\\\.staging-aCGnnN"}
# C5 CLI root: {"event":"created","path":"C:\\\\Users\\\\b_a_s\\\\AppData\\\\Local\\\\Temp\\\\aiboard-native-capabilities-runtime-construction-independent_verifier_workspace-HfkTul\\\\state\\\\builds\\\\runtime-construction-independent-verifie-3fd6daeb82\\\\extension-executions\\\\.0677af4400a8cb12-FfXJ7f"}
# C5 CLI root: {"event":"created","path":"C:\\\\Users\\\\b_a_s\\\\AppData\\\\Local\\\\Temp\\\\aiboard-native-capabilities-runtime-construction-memory_store-TmKzXG"}
# C5 CLI root: {"event":"created","path":"C:\\\\Users\\\\b_a_s\\\\AppData\\\\Local\\\\Temp\\\\aiboard-native-capabilities-runtime-construction-memory_store-TmKzXG\\\\state\\\\capability-snapshots\\\\.staging-TGhlnU"}
# C5 CLI root: {"event":"created","path":"C:\\\\Users\\\\b_a_s\\\\AppData\\\\Local\\\\Temp\\\\aiboard-native-capabilities-runtime-construction-memory_store-TmKzXG\\\\state\\\\builds\\\\runtime-construction-memory-store-440a0a3e6c\\\\extension-executions\\\\.0677af4400a8cb12-CMT2IR"}
# C5 CLI root: {"event":"created","path":"C:\\\\Users\\\\b_a_s\\\\AppData\\\\Local\\\\Temp\\\\aiboard-native-capabilities-runtime-construction-managed_process_service-TDwr7Y"}
# C5 CLI root: {"event":"created","path":"C:\\\\Users\\\\b_a_s\\\\AppData\\\\Local\\\\Temp\\\\aiboard-native-capabilities-runtime-construction-managed_process_service-TDwr7Y\\\\state\\\\capability-snapshots\\\\.staging-maPqQs"}
# C5 CLI root: {"event":"created","path":"C:\\\\Users\\\\b_a_s\\\\AppData\\\\Local\\\\Temp\\\\aiboard-native-capabilities-runtime-construction-managed_process_service-TDwr7Y\\\\state\\\\builds\\\\runtime-construction-managed-process-ser-fccb111fe3\\\\extension-executions\\\\.0677af4400a8cb12-FDCLJy"}
# C5 CLI root: {"event":"created","path":"C:\\\\Users\\\\b_a_s\\\\AppData\\\\Local\\\\Temp\\\\aiboard-native-capabilities-runtime-handle-close-ownership-nNdGGH"}
# Subtest: NativeBuildFactory reverses every acquired runtime resource after construction faults
ok 206 - NativeBuildFactory reverses every acquired runtime resource after construction faults
  ---
  duration_ms: 15962.3152
  type: 'test'
  ...
# C5 CLI root: {"event":"created","path":"C:\\\\Users\\\\b_a_s\\\\AppData\\\\Local\\\\Temp\\\\aiboard-native-capabilities-runtime-handle-close-ownership-nNdGGH\\\\state\\\\capability-snapshots\\\\.staging-esURnS"}
# C5 CLI root: {"event":"created","path":"C:\\\\Users\\\\b_a_s\\\\AppData\\\\Local\\\\Temp\\\\aiboard-native-capabilities-runtime-handle-close-ownership-nNdGGH\\\\state\\\\builds\\\\runtime-handle-close-ownership-da59f740f0\\\\extension-executions\\\\.0677af4400a8cb12-hIWEnQ"}
# C5 CLI root: {"event":"created","path":"C:\\\\Users\\\\b_a_s\\\\AppData\\\\Local\\\\Temp\\\\aiboard-windows-semantic-duplex-bfJu3C"}
# C5 CLI root: {"event":"created","path":"C:\\\\Users\\\\b_a_s\\\\AppData\\\\Local\\\\Temp\\\\aiboard-windows-semantic-batch-VPKiiM"}
# C5 CLI root: {"event":"created","path":"C:\\\\Users\\\\b_a_s\\\\AppData\\\\Local\\\\Temp\\\\aiboard-windows-semantic-tree-42hhNG"}
# C5 CLI root: {"event":"created","path":"C:\\\\Users\\\\b_a_s\\\\AppData\\\\Local\\\\Temp\\\\aiboard-native-capabilities-runtime-construction-cleanup-retry-g2bqnE"}
# Subtest: NativeBuildFactory handle close releases owned stores while retaining recovery worktrees
ok 207 - NativeBuildFactory handle close releases owned stores while retaining recovery worktrees
  ---
  duration_ms: 13830.3036
  type: 'test'
  ...
# C5 CLI root: {"event":"created","path":"C:\\\\Users\\\\b_a_s\\\\AppData\\\\Local\\\\Temp\\\\aiboard-native-capabilities-runtime-construction-cleanup-retry-g2bqnE\\\\state\\\\capability-snapshots\\\\.staging-Vj0qeP"}
# C5 CLI root: {"event":"created","path":"C:\\\\Users\\\\b_a_s\\\\AppData\\\\Local\\\\Temp\\\\aiboard-native-capabilities-runtime-construction-cleanup-retry-g2bqnE\\\\state\\\\builds\\\\runtime-construction-cleanup-retry-12e687607c\\\\extension-executions\\\\.0677af4400a8cb12-ceofVg"}
# C5 CLI root: {"event":"created","path":"C:\\\\Users\\\\b_a_s\\\\AppData\\\\Local\\\\Temp\\\\aiboard-native-capabilities-runtime-capability-close-retry-lTe1s2"}
# Subtest: NativeBuildFactory retains the primary construction error while retrying every failed cleanup
ok 208 - NativeBuildFactory retains the primary construction error while retrying every failed cleanup
  ---
  duration_ms: 908.5184
  type: 'test'
  ...
# C5 CLI root: {"event":"created","path":"C:\\\\Users\\\\b_a_s\\\\AppData\\\\Local\\\\Temp\\\\aiboard-native-capabilities-runtime-capability-close-retry-lTe1s2\\\\state\\\\capability-snapshots\\\\.staging-CLMlX7"}
# C5 CLI root: {"event":"created","path":"C:\\\\Users\\\\b_a_s\\\\AppData\\\\Local\\\\Temp\\\\aiboard-native-capabilities-runtime-capability-close-retry-lTe1s2\\\\state\\\\builds\\\\runtime-capability-close-retry-ca6246e4c5\\\\extension-executions\\\\.3ceaab75a4e558c2-0iGxuX"}
# C5 CLI root: {"event":"created","path":"C:\\\\Users\\\\b_a_s\\\\AppData\\\\Local\\\\Temp\\\\aiboard-native-capabilities-pre-handle-disposer-retention-etJN81"}
# Subtest: NativeBuildFactory retries real capability close failures and removes the execution copy
ok 209 - NativeBuildFactory retries real capability close failures and removes the execution copy
  ---
  duration_ms: 872.3174
  type: 'test'
  ...
# C5 CLI root: {"event":"created","path":"C:\\\\Users\\\\b_a_s\\\\AppData\\\\Local\\\\Temp\\\\aiboard-native-capabilities-pre-handle-disposer-retention-etJN81\\\\state\\\\capability-snapshots\\\\.staging-6k8lbT"}
# C5 CLI root: {"event":"created","path":"C:\\\\Users\\\\b_a_s\\\\AppData\\\\Local\\\\Temp\\\\aiboard-native-capabilities-pre-handle-disposer-retention-etJN81\\\\state\\\\builds\\\\pre-handle-disposer-retention-df2c4dd6e9\\\\extension-executions\\\\.17d7b351aeed3c25-MwA8kH"}
# C5 CLI root: {"event":"created","path":"C:\\\\Users\\\\b_a_s\\\\AppData\\\\Local\\\\Temp\\\\aiboard-native-capabilities-provider-owner-aVYGly"}
# C5 CLI root: {"event":"created","path":"C:\\\\Users\\\\b_a_s\\\\AppData\\\\Local\\\\Temp\\\\aiboard-native-capabilities-historical-terminal-018jMk"}
# Subtest: NativeBuildFactory retains a persistently failed pre-handle disposer for a later close
ok 210 - NativeBuildFactory retains a persistently failed pre-handle disposer for a later close
  ---
  duration_ms: 856.1156
  type: 'test'
  ...
# C5 finalizer10 acquired exact capability fixture: C:\\Users\\b_a_s\\AppData\\Local\\Temp\\aiboard-native-capabilities-pre-handle-disposer-retention-etJN81
# C5 finalizer10 removed certified capability fixture: C:\\Users\\b_a_s\\AppData\\Local\\Temp\\aiboard-native-capabilities-pre-handle-disposer-retention-etJN81
# Subtest: recovery classification preserves a capability primary inside cleanup aggregation
ok 211 - recovery classification preserves a capability primary inside cleanup aggregation
  ---
  duration_ms: 0.3013
  type: 'test'
  ...
# Subtest: NativeBuildFactory leaves provider configuration cleanup to the CLI when requested
ok 212 - NativeBuildFactory leaves provider configuration cleanup to the CLI when requested
  ---
  duration_ms: 1.4699
  type: 'test'
  ...
# C5 CLI root: {"event":"created","path":"C:\\\\Users\\\\b_a_s\\\\AppData\\\\Local\\\\Temp\\\\aiboard-native-capabilities-historical-terminal-018jMk\\\\state\\\\capability-snapshots\\\\.staging-VZCkGH"}
# C5 CLI root: {"event":"created","path":"C:\\\\Users\\\\b_a_s\\\\AppData\\\\Local\\\\Temp\\\\aiboard-historical-sqlite-vtbrg8"}
# C5 CLI root: {"event":"created","path":"C:\\\\Users\\\\b_a_s\\\\AppData\\\\Local\\\\Temp\\\\aiboard-historical-sqlite-XydTsy"}
# C5 CLI root: {"event":"created","path":"C:\\\\Users\\\\b_a_s\\\\AppData\\\\Local\\\\Temp\\\\aiboard-historical-sqlite-eWh6P0"}
# C5 CLI root: {"event":"created","path":"C:\\\\Users\\\\b_a_s\\\\AppData\\\\Local\\\\Temp\\\\aiboard-historical-sqlite-tYEpYp"}
# C5 CLI root: {"event":"created","path":"C:\\\\Users\\\\b_a_s\\\\AppData\\\\Local\\\\Temp\\\\aiboard-historical-sqlite-DxotN7"}
# C5 CLI root: {"event":"created","path":"C:\\\\Users\\\\b_a_s\\\\AppData\\\\Local\\\\Temp\\\\aiboard-native-capabilities-historical-missing-stores-0DcsBd"}
# Subtest: NativeBuildFactory serves a terminal legacy Build from read-only durable stores
ok 213 - NativeBuildFactory serves a terminal legacy Build from read-only durable stores
  ---
  duration_ms: 938.6071
  type: 'test'
  ...
# C5 CLI root: {"event":"created","path":"C:\\\\Users\\\\b_a_s\\\\AppData\\\\Local\\\\Temp\\\\aiboard-native-capabilities-historical-no-global-authority-9XuPWA"}
# C5 CLI root: {"event":"created","path":"C:\\\\Users\\\\b_a_s\\\\AppData\\\\Local\\\\Temp\\\\aiboard-native-capabilities-historical-close-retry-I2l7Kl"}
# Subtest: NativeBuildFactory keeps missing terminal stores absent and projects empty read-only history
ok 214 - NativeBuildFactory keeps missing terminal stores absent and projects empty read-only history
  ---
  duration_ms: 775.0884
  type: 'test'
  ...
# Subtest: NativeBuildFactory historical readers do not create mutable global stores
ok 215 - NativeBuildFactory historical readers do not create mutable global stores
  ---
  duration_ms: 4.1757
  type: 'test'
  ...
# C5 CLI root: {"event":"created","path":"C:\\\\Users\\\\b_a_s\\\\AppData\\\\Local\\\\Temp\\\\aiboard-historical-sqlite-zqoPbW"}
# C5 CLI root: {"event":"created","path":"C:\\\\Users\\\\b_a_s\\\\AppData\\\\Local\\\\Temp\\\\aiboard-native-capabilities-historical-snapshot-removal-retry-MAUuf7"}
# Subtest: NativeBuildFactory retries aggregate historical cleanup after a transient close failure
ok 216 - NativeBuildFactory retries aggregate historical cleanup after a transient close failure
  ---
  duration_ms: 57.0241
  type: 'test'
  ...
# C5 CLI root: {"event":"created","path":"C:\\\\Users\\\\b_a_s\\\\AppData\\\\Local\\\\Temp\\\\aiboard-historical-sqlite-iS7tOF"}
# C5 CLI root: {"event":"created","path":"C:\\\\Users\\\\b_a_s\\\\AppData\\\\Local\\\\Temp\\\\aiboard-historical-sqlite-pR3Br8"}
# C5 CLI root: {"event":"created","path":"C:\\\\Users\\\\b_a_s\\\\AppData\\\\Local\\\\Temp\\\\aiboard-native-capabilities-historical-construction-cleanup-LaowxE"}
# Subtest: NativeBuildFactory retains every locked historical snapshot and retries aggregate removal
ok 217 - NativeBuildFactory retains every locked historical snapshot and retries aggregate removal
  ---
  duration_ms: 83.065
  type: 'test'
  ...
# C5 CLI root: {"event":"created","path":"C:\\\\Users\\\\b_a_s\\\\AppData\\\\Local\\\\Temp\\\\aiboard-historical-sqlite-7p2V67"}
# C5 CLI root: {"event":"created","path":"C:\\\\Users\\\\b_a_s\\\\AppData\\\\Local\\\\Temp\\\\aiboard-native-capabilities-historical-durable-observations-YFnWcU"}
# Subtest: NativeBuildFactory preserves opening and cleanup failures while constructing historical readers
ok 218 - NativeBuildFactory preserves opening and cleanup failures while constructing historical readers
  ---
  duration_ms: 53.7529
  type: 'test'
  ...
# C5 CLI root: {"event":"created","path":"C:\\\\Users\\\\b_a_s\\\\AppData\\\\Local\\\\Temp\\\\aiboard-historical-schema-tEqokg"}
# C5 CLI root: {"event":"created","path":"C:\\\\Users\\\\b_a_s\\\\AppData\\\\Local\\\\Temp\\\\aiboard-historical-schema-z8v3dn"}
# C5 CLI root: {"event":"created","path":"C:\\\\Users\\\\b_a_s\\\\AppData\\\\Local\\\\Temp\\\\aiboard-historical-schema-ogpJlF"}
# C5 CLI root: {"event":"created","path":"C:\\\\Users\\\\b_a_s\\\\AppData\\\\Local\\\\Temp\\\\aiboard-historical-schema-E7AZaJ"}
# C5 CLI root: {"event":"created","path":"C:\\\\Users\\\\b_a_s\\\\AppData\\\\Local\\\\Temp\\\\aiboard-historical-schema-HXwFPL"}
# C5 CLI root: {"event":"created","path":"C:\\\\Users\\\\b_a_s\\\\AppData\\\\Local\\\\Temp\\\\aiboard-historical-schema-XBOLSe"}
# C5 CLI root: {"event":"created","path":"C:\\\\Users\\\\b_a_s\\\\AppData\\\\Local\\\\Temp\\\\aiboard-historical-sqlite-YdeRKD"}
# C5 CLI root: {"event":"created","path":"C:\\\\Users\\\\b_a_s\\\\AppData\\\\Local\\\\Temp\\\\aiboard-historical-sqlite-76Ko9l"}
# C5 CLI root: {"event":"created","path":"C:\\\\Users\\\\b_a_s\\\\AppData\\\\Local\\\\Temp\\\\aiboard-historical-sqlite-ahKmJI"}
# C5 CLI root: {"event":"created","path":"C:\\\\Users\\\\b_a_s\\\\AppData\\\\Local\\\\Temp\\\\aiboard-historical-sqlite-aUvrvV"}
# C5 CLI root: {"event":"created","path":"C:\\\\Users\\\\b_a_s\\\\AppData\\\\Local\\\\Temp\\\\aiboard-historical-sqlite-IORab4"}
# C5 CLI root: {"event":"created","path":"C:\\\\Users\\\\b_a_s\\\\AppData\\\\Local\\\\Temp\\\\aiboard-historical-sqlite-gFaNlS"}
# C5 CLI root: {"event":"created","path":"C:\\\\Users\\\\b_a_s\\\\AppData\\\\Local\\\\Temp\\\\aiboard-historical-schema-pLVgVR"}
# C5 CLI root: {"event":"created","path":"C:\\\\Users\\\\b_a_s\\\\AppData\\\\Local\\\\Temp\\\\aiboard-historical-schema-pg7QGD"}
# C5 CLI root: {"event":"created","path":"C:\\\\Users\\\\b_a_s\\\\AppData\\\\Local\\\\Temp\\\\aiboard-historical-schema-NXEk6Q"}
# C5 CLI root: {"event":"created","path":"C:\\\\Users\\\\b_a_s\\\\AppData\\\\Local\\\\Temp\\\\aiboard-historical-schema-xdlx6n"}
# C5 CLI root: {"event":"created","path":"C:\\\\Users\\\\b_a_s\\\\AppData\\\\Local\\\\Temp\\\\aiboard-historical-schema-NVeW4P"}
# C5 CLI root: {"event":"created","path":"C:\\\\Users\\\\b_a_s\\\\AppData\\\\Local\\\\Temp\\\\aiboard-historical-schema-9Y4Y8w"}
# C5 CLI root: {"event":"created","path":"C:\\\\Users\\\\b_a_s\\\\AppData\\\\Local\\\\Temp\\\\aiboard-native-capabilities-historical-frozen-non-sqlite-observations-bUShGj"}
# Subtest: NativeBuildFactory reconstructs terminal observations only from durable run records
ok 219 - NativeBuildFactory reconstructs terminal observations only from durable run records
  ---
  duration_ms: 216.2966
  type: 'test'
  ...
# C5 CLI root: {"event":"created","path":"C:\\\\Users\\\\b_a_s\\\\AppData\\\\Local\\\\Temp\\\\aiboard-historical-sqlite-VUIiWq"}
# C5 CLI root: {"event":"created","path":"C:\\\\Users\\\\b_a_s\\\\AppData\\\\Local\\\\Temp\\\\aiboard-historical-sqlite-XVVF6D"}
# C5 CLI root: {"event":"created","path":"C:\\\\Users\\\\b_a_s\\\\AppData\\\\Local\\\\Temp\\\\aiboard-historical-sqlite-0mugac"}
# C5 CLI root: {"event":"created","path":"C:\\\\Users\\\\b_a_s\\\\AppData\\\\Local\\\\Temp\\\\aiboard-historical-sqlite-ABjZHJ"}
# C5 CLI root: {"event":"created","path":"C:\\\\Users\\\\b_a_s\\\\AppData\\\\Local\\\\Temp\\\\aiboard-historical-sqlite-3PRWhV"}
# C5 CLI root: {"event":"created","path":"C:\\\\Users\\\\b_a_s\\\\AppData\\\\Local\\\\Temp\\\\aiboard-historical-sqlite-MSscJm"}
# C5 CLI root: {"event":"created","path":"C:\\\\Users\\\\b_a_s\\\\AppData\\\\Local\\\\Temp\\\\aiboard-historical-sqlite-xEpt7r"}
# C5 CLI root: {"event":"created","path":"C:\\\\Users\\\\b_a_s\\\\AppData\\\\Local\\\\Temp\\\\aiboard-historical-sqlite-rzw6ag"}
# C5 CLI root: {"event":"created","path":"C:\\\\Users\\\\b_a_s\\\\AppData\\\\Local\\\\Temp\\\\aiboard-historical-schema-PKo9Bk"}
# C5 CLI root: {"event":"created","path":"C:\\\\Users\\\\b_a_s\\\\AppData\\\\Local\\\\Temp\\\\aiboard-historical-schema-TSKtPC"}
# C5 CLI root: {"event":"created","path":"C:\\\\Users\\\\b_a_s\\\\AppData\\\\Local\\\\Temp\\\\aiboard-historical-schema-iv7kKn"}
# C5 CLI root: {"event":"created","path":"C:\\\\Users\\\\b_a_s\\\\AppData\\\\Local\\\\Temp\\\\aiboard-historical-schema-t9jL5I"}
# C5 CLI root: {"event":"created","path":"C:\\\\Users\\\\b_a_s\\\\AppData\\\\Local\\\\Temp\\\\aiboard-historical-schema-ctjTRC"}
# C5 CLI root: {"event":"created","path":"C:\\\\Users\\\\b_a_s\\\\AppData\\\\Local\\\\Temp\\\\aiboard-historical-schema-mMJhNu"}
# C5 CLI root: {"event":"created","path":"C:\\\\Users\\\\b_a_s\\\\AppData\\\\Local\\\\Temp\\\\aiboard-historical-schema-g0QBkv"}
# C5 CLI root: {"event":"created","path":"C:\\\\Users\\\\b_a_s\\\\AppData\\\\Local\\\\Temp\\\\aiboard-historical-schema-Y7smZ7"}
# C5 CLI root: {"event":"created","path":"C:\\\\Users\\\\b_a_s\\\\AppData\\\\Local\\\\Temp\\\\aiboard-historical-schema-nXKw1U"}
# C5 CLI root: {"event":"created","path":"C:\\\\Users\\\\b_a_s\\\\AppData\\\\Local\\\\Temp\\\\aiboard-historical-schema-QL5TpT"}
# C5 CLI root: {"event":"created","path":"C:\\\\Users\\\\b_a_s\\\\AppData\\\\Local\\\\Temp\\\\aiboard-native-capabilities-historical-unmigrated-observations-rXfONC"}
# Subtest: NativeBuildFactory freezes terminal process and final-verification diagnostics observations at historical open
ok 220 - NativeBuildFactory freezes terminal process and final-verification diagnostics observations at historical open
  ---
  duration_ms: 2867.9694
  type: 'test'
  ...
# C5 CLI root: {"event":"created","path":"C:\\\\Users\\\\b_a_s\\\\AppData\\\\Local\\\\Temp\\\\aiboard-historical-schema-WV5KhR"}
# C5 CLI root: {"event":"created","path":"C:\\\\Users\\\\b_a_s\\\\AppData\\\\Local\\\\Temp\\\\aiboard-historical-schema-In7gC4"}
# C5 CLI root: {"event":"created","path":"C:\\\\Users\\\\b_a_s\\\\AppData\\\\Local\\\\Temp\\\\aiboard-historical-sqlite-DOCRIn"}
# C5 CLI root: {"event":"created","path":"C:\\\\Users\\\\b_a_s\\\\AppData\\\\Local\\\\Temp\\\\aiboard-historical-sqlite-S5nsFU"}
# C5 CLI root: {"event":"created","path":"C:\\\\Users\\\\b_a_s\\\\AppData\\\\Local\\\\Temp\\\\aiboard-historical-schema-mIxQVM"}
# C5 CLI root: {"event":"created","path":"C:\\\\Users\\\\b_a_s\\\\AppData\\\\Local\\\\Temp\\\\aiboard-historical-schema-zwU4sj"}
# C5 CLI root: {"event":"created","path":"C:\\\\Users\\\\b_a_s\\\\AppData\\\\Local\\\\Temp\\\\aiboard-native-capabilities-historical-partial-transcript-Nb8vK6"}
# Subtest: NativeBuildFactory replays unmigrated terminal transcript and evidence without writes
ok 221 - NativeBuildFactory replays unmigrated terminal transcript and evidence without writes
  ---
  duration_ms: 115.8345
  type: 'test'
  ...
# C5 CLI root: {"event":"created","path":"C:\\\\Users\\\\b_a_s\\\\AppData\\\\Local\\\\Temp\\\\aiboard-historical-schema-lCSkSx"}
# C5 CLI root: {"event":"created","path":"C:\\\\Users\\\\b_a_s\\\\AppData\\\\Local\\\\Temp\\\\aiboard-historical-sqlite-eyPT8n"}
# C5 CLI root: {"event":"created","path":"C:\\\\Users\\\\b_a_s\\\\AppData\\\\Local\\\\Temp\\\\aiboard-historical-schema-9F46Fz"}
# C5 CLI root: {"event":"created","path":"C:\\\\Users\\\\b_a_s\\\\AppData\\\\Local\\\\Temp\\\\aiboard-native-capabilities-historical-wal-observation-Ux4awk"}
# C5 CLI root: {"event":"created","path":"C:\\\\Users\\\\b_a_s\\\\AppData\\\\Local\\\\Temp\\\\aiboard-historical-schema-C0geQO"}
# Subtest: NativeBuildFactory replays a present but partial terminal transcript projection without writes
ok 222 - NativeBuildFactory replays a present but partial terminal transcript projection without writes
  ---
  duration_ms: 73.0413
  type: 'test'
  ...
# C5 CLI root: {"event":"created","path":"C:\\\\Users\\\\b_a_s\\\\AppData\\\\Local\\\\Temp\\\\aiboard-historical-sqlite-9Gzzey"}
# C5 CLI root: {"event":"created","path":"C:\\\\Users\\\\b_a_s\\\\AppData\\\\Local\\\\Temp\\\\aiboard-historical-schema-v1UTpx"}
# C5 CLI root: {"event":"created","path":"C:\\\\Users\\\\b_a_s\\\\AppData\\\\Local\\\\Temp\\\\aiboard-native-capabilities-historical-terminal-failed-qrnegX"}
# Subtest: NativeBuildFactory historical copies preserve WAL-visible durable observations
ok 223 - NativeBuildFactory historical copies preserve WAL-visible durable observations
  ---
  duration_ms: 41.3
  type: 'test'
  ...
# C5 CLI root: {"event":"created","path":"C:\\\\Users\\\\b_a_s\\\\AppData\\\\Local\\\\Temp\\\\aiboard-native-capabilities-historical-terminal-stopped-4CiMVG"}
# C5 CLI root: {"event":"created","path":"C:\\\\Users\\\\b_a_s\\\\AppData\\\\Local\\\\Temp\\\\p6-git-mcp-census-SJ3gLI"}
# Subtest: NativeBuildFactory preserves the authoritative terminal state when scheduler history is absent
ok 224 - NativeBuildFactory preserves the authoritative terminal state when scheduler history is absent
  ---
  duration_ms: 1479.5168
  type: 'test'
  ...
# Subtest: MCP ownership census excludes only durably released Git records
ok 225 - MCP ownership census excludes only durably released Git records
  ---
  duration_ms: 9.4275
  type: 'test'
  ...
# C5 CLI root: {"event":"exit","path":"C:\\\\Users\\\\b_a_s\\\\AppData\\\\Local\\\\Temp\\\\aiboard-native-capabilities-execution-host-mcp-order-9H8w2H","existsAtExit":false}
# C5 CLI root: {"event":"exit","path":"C:\\\\Users\\\\b_a_s\\\\AppData\\\\Local\\\\Temp\\\\aiboard-windows-semantic-duplex-V09dky","existsAtExit":false}
# C5 CLI root: {"event":"exit","path":"C:\\\\Users\\\\b_a_s\\\\AppData\\\\Local\\\\Temp\\\\aiboard-windows-semantic-batch-FpUMsH","existsAtExit":false}
# C5 CLI root: {"event":"exit","path":"C:\\\\Users\\\\b_a_s\\\\AppData\\\\Local\\\\Temp\\\\aiboard-windows-semantic-tree-s3ODUp","existsAtExit":false}
# C5 CLI root: {"event":"exit","path":"C:\\\\Users\\\\b_a_s\\\\AppData\\\\Local\\\\Temp\\\\aiboard-native-capabilities-metadata-mUYszc","existsAtExit":false}
# C5 CLI root: {"event":"exit","path":"C:\\\\Users\\\\b_a_s\\\\AppData\\\\Local\\\\Temp\\\\aiboard-native-capabilities-metadata-mUYszc\\\\state\\\\capability-snapshots\\\\.staging-QiTsF5","existsAtExit":false}
# C5 CLI root: {"event":"exit","path":"C:\\\\Users\\\\b_a_s\\\\AppData\\\\Local\\\\Temp\\\\aiboard-native-capabilities-metadata-mUYszc\\\\state\\\\builds\\\\capability-metadata-9edcc03a39\\\\extension-executions\\\\.0677af4400a8cb12-VGlr87","existsAtExit":false}
# C5 CLI root: {"event":"exit","path":"C:\\\\Users\\\\b_a_s\\\\AppData\\\\Local\\\\Temp\\\\aiboard-windows-semantic-duplex-LpkTHd","existsAtExit":false}
# C5 CLI root: {"event":"exit","path":"C:\\\\Users\\\\b_a_s\\\\AppData\\\\Local\\\\Temp\\\\aiboard-windows-semantic-batch-jfdJKR","existsAtExit":false}
# C5 CLI root: {"event":"exit","path":"C:\\\\Users\\\\b_a_s\\\\AppData\\\\Local\\\\Temp\\\\aiboard-windows-semantic-tree-VoY2dV","existsAtExit":false}
# C5 CLI root: {"event":"exit","path":"C:\\\\Users\\\\b_a_s\\\\AppData\\\\Local\\\\Temp\\\\aiboard-native-capabilities-recovery-preflight-start-cleanup-bwGu4q","existsAtExit":false}
# C5 CLI root: {"event":"exit","path":"C:\\\\Users\\\\b_a_s\\\\AppData\\\\Local\\\\Temp\\\\aiboard-native-capabilities-recovery-preflight-start-cleanup-bwGu4q\\\\state\\\\capability-snapshots\\\\.staging-g01ogp","existsAtExit":false}
# C5 CLI root: {"event":"exit","path":"C:\\\\Users\\\\b_a_s\\\\AppData\\\\Local\\\\Temp\\\\aiboard-native-capabilities-standalone-preflight-close-retry-Is0fY5","existsAtExit":false}
# C5 CLI root: {"event":"exit","path":"C:\\\\Users\\\\b_a_s\\\\AppData\\\\Local\\\\Temp\\\\aiboard-native-capabilities-standalone-preflight-close-retry-Is0fY5\\\\state\\\\extension-executions\\\\.3ceaab75a4e558c2-4UwoIG","existsAtExit":false}
# C5 CLI root: {"event":"exit","path":"C:\\\\Users\\\\b_a_s\\\\AppData\\\\Local\\\\Temp\\\\aiboard-native-capabilities-partial-start-disposer-retry-c1scOg","existsAtExit":false}
# C5 CLI root: {"event":"exit","path":"C:\\\\Users\\\\b_a_s\\\\AppData\\\\Local\\\\Temp\\\\aiboard-native-capabilities-partial-start-disposer-retry-c1scOg\\\\state\\\\extension-executions\\\\.bef6069c44697cb9-1NeMaQ","existsAtExit":false}
# C5 CLI root: {"event":"exit","path":"C:\\\\Users\\\\b_a_s\\\\AppData\\\\Local\\\\Temp\\\\aiboard-native-capabilities-router-collision-disposer-retry-6kmZTq","existsAtExit":false}
# C5 CLI root: {"event":"exit","path":"C:\\\\Users\\\\b_a_s\\\\AppData\\\\Local\\\\Temp\\\\aiboard-native-capabilities-router-collision-disposer-retry-6kmZTq\\\\state\\\\extension-executions\\\\.f3d7786ed56e164e-C3fvNn","existsAtExit":false}
# C5 CLI root: {"event":"exit","path":"C:\\\\Users\\\\b_a_s\\\\AppData\\\\Local\\\\Temp\\\\aiboard-native-capabilities-recovery-preflight-evaluation-S0pRBx","existsAtExit":false}
# C5 CLI root: {"event":"exit","path":"C:\\\\Users\\\\b_a_s\\\\AppData\\\\Local\\\\Temp\\\\aiboard-native-capabilities-recovery-preflight-evaluation-S0pRBx\\\\state\\\\capability-snapshots\\\\.staging-5oddVW","existsAtExit":false}
# C5 CLI root: {"event":"exit","path":"C:\\\\Users\\\\b_a_s\\\\AppData\\\\Local\\\\Temp\\\\aiboard-native-capabilities-recovery-preflight-factory-NLDJ77","existsAtExit":false}
# C5 CLI root: {"event":"exit","path":"C:\\\\Users\\\\b_a_s\\\\AppData\\\\Local\\\\Temp\\\\aiboard-native-capabilities-recovery-preflight-factory-NLDJ77\\\\state\\\\capability-snapshots\\\\.staging-R8aHo6","existsAtExit":false}
# C5 CLI root: {"event":"exit","path":"C:\\\\Users\\\\b_a_s\\\\AppData\\\\Local\\\\Temp\\\\aiboard-native-capabilities-recovery-preflight-missing-snapshot-QPNrzV","existsAtExit":false}
# C5 CLI root: {"event":"exit","path":"C:\\\\Users\\\\b_a_s\\\\AppData\\\\Local\\\\Temp\\\\aiboard-native-capabilities-recovery-preflight-missing-snapshot-QPNrzV\\\\state\\\\capability-snapshots\\\\.staging-6xKAyI","existsAtExit":false}
# C5 CLI root: {"event":"exit","path":"C:\\\\Users\\\\b_a_s\\\\AppData\\\\Local\\\\Temp\\\\aiboard-native-capabilities-recovery-preflight-corrupt-snapshot-BLZNLO","existsAtExit":false}
# C5 CLI root: {"event":"exit","path":"C:\\\\Users\\\\b_a_s\\\\AppData\\\\Local\\\\Temp\\\\aiboard-native-capabilities-recovery-preflight-corrupt-snapshot-BLZNLO\\\\state\\\\capability-snapshots\\\\.staging-pudm7a","existsAtExit":false}
# C5 CLI root: {"event":"exit","path":"C:\\\\Users\\\\b_a_s\\\\AppData\\\\Local\\\\Temp\\\\aiboard-native-capabilities-recovery-preflight-lsp-kPpnaC","existsAtExit":false}
# C5 CLI root: {"event":"exit","path":"C:\\\\Users\\\\b_a_s\\\\AppData\\\\Local\\\\Temp\\\\aiboard-native-capabilities-recovery-contract-xsLz9t","existsAtExit":false}
# C5 CLI root: {"event":"exit","path":"C:\\\\Users\\\\b_a_s\\\\AppData\\\\Local\\\\Temp\\\\aiboard-native-capabilities-recovery-contract-xsLz9t\\\\state\\\\capability-snapshots\\\\.staging-BEw6Ja","existsAtExit":false}
# C5 CLI root: {"event":"exit","path":"C:\\\\Users\\\\b_a_s\\\\AppData\\\\Local\\\\Temp\\\\aiboard-native-capabilities-helper-dependency-contract-w4i2MH","existsAtExit":false}
# C5 CLI root: {"event":"exit","path":"C:\\\\Users\\\\b_a_s\\\\AppData\\\\Local\\\\Temp\\\\aiboard-native-capabilities-helper-dependency-contract-w4i2MH\\\\state\\\\capability-snapshots\\\\.staging-acHMcb","existsAtExit":false}
# C5 CLI root: {"event":"exit","path":"C:\\\\Users\\\\b_a_s\\\\AppData\\\\Local\\\\Temp\\\\aiboard-native-capabilities-legacy-capability-contract-Yj2kmy","existsAtExit":false}
# C5 CLI root: {"event":"exit","path":"C:\\\\Users\\\\b_a_s\\\\AppData\\\\Local\\\\Temp\\\\aiboard-native-capabilities-legacy-capability-contract-Yj2kmy\\\\state\\\\capability-snapshots\\\\.staging-x3UsmK","existsAtExit":false}
# C5 CLI root: {"event":"exit","path":"C:\\\\Users\\\\b_a_s\\\\AppData\\\\Local\\\\Temp\\\\aiboard-native-capabilities-historical-execution-safety-contract-AZOVQR","existsAtExit":false}
# C5 CLI root: {"event":"exit","path":"C:\\\\Users\\\\b_a_s\\\\AppData\\\\Local\\\\Temp\\\\aiboard-native-capabilities-extension-snapshot-replacement-GFT2qU","existsAtExit":false}
# C5 CLI root: {"event":"exit","path":"C:\\\\Users\\\\b_a_s\\\\AppData\\\\Local\\\\Temp\\\\aiboard-native-capabilities-extension-snapshot-replacement-GFT2qU\\\\state\\\\capability-snapshots\\\\.staging-xguGp8","existsAtExit":false}
# C5 CLI root: {"event":"exit","path":"C:\\\\Users\\\\b_a_s\\\\AppData\\\\Local\\\\Temp\\\\aiboard-native-capabilities-extension-snapshot-replacement-GFT2qU\\\\state\\\\builds\\\\capability-extension-snapshot-replacemen-ac50b6f312\\\\extension-executions\\\\.02add0e1b1838345-8tAYts","existsAtExit":false}
# C5 CLI root: {"event":"exit","path":"C:\\\\Users\\\\b_a_s\\\\AppData\\\\Local\\\\Temp\\\\aiboard-windows-semantic-duplex-PEJ0NS","existsAtExit":false}
# C5 CLI root: {"event":"exit","path":"C:\\\\Users\\\\b_a_s\\\\AppData\\\\Local\\\\Temp\\\\aiboard-windows-semantic-batch-kvsj8u","existsAtExit":false}
# C5 CLI root: {"event":"exit","path":"C:\\\\Users\\\\b_a_s\\\\AppData\\\\Local\\\\Temp\\\\aiboard-windows-semantic-tree-Xsn0st","existsAtExit":false}
# C5 CLI root: {"event":"exit","path":"C:\\\\Users\\\\b_a_s\\\\AppData\\\\Local\\\\Temp\\\\aiboard-native-capabilities-extension-tool-observation-bjs3WW","existsAtExit":false}
# C5 CLI root: {"event":"exit","path":"C:\\\\Users\\\\b_a_s\\\\AppData\\\\Local\\\\Temp\\\\aiboard-native-capabilities-extension-tool-observation-bjs3WW\\\\state\\\\capability-snapshots\\\\.staging-YVdNTs","existsAtExit":false}
# C5 CLI root: {"event":"exit","path":"C:\\\\Users\\\\b_a_s\\\\AppData\\\\Local\\\\Temp\\\\aiboard-native-capabilities-extension-tool-observation-bjs3WW\\\\state\\\\builds\\\\capability-extension-tool-observation-5edb5eb1bf\\\\extension-executions\\\\.0677af4400a8cb12-cf2Kin","existsAtExit":false}
# C5 CLI root: {"event":"exit","path":"C:\\\\Users\\\\b_a_s\\\\AppData\\\\Local\\\\Temp\\\\aiboard-windows-semantic-duplex-3VSR2E","existsAtExit":false}
# C5 CLI root: {"event":"exit","path":"C:\\\\Users\\\\b_a_s\\\\AppData\\\\Local\\\\Temp\\\\aiboard-windows-semantic-batch-y7sTSK","existsAtExit":false}
# C5 CLI root: {"event":"exit","path":"C:\\\\Users\\\\b_a_s\\\\AppData\\\\Local\\\\Temp\\\\aiboard-windows-semantic-tree-Kboxu9","existsAtExit":false}
# C5 CLI root: {"event":"exit","path":"C:\\\\Users\\\\b_a_s\\\\AppData\\\\Local\\\\Temp\\\\aiboard-native-capabilities-extension-language-close-ZYmIzi","existsAtExit":false}
# C5 CLI root: {"event":"exit","path":"C:\\\\Users\\\\b_a_s\\\\AppData\\\\Local\\\\Temp\\\\aiboard-native-capabilities-extension-language-close-ZYmIzi\\\\state\\\\capability-snapshots\\\\.staging-GKGdpI","existsAtExit":false}
# C5 CLI root: {"event":"exit","path":"C:\\\\Users\\\\b_a_s\\\\AppData\\\\Local\\\\Temp\\\\aiboard-native-capabilities-extension-language-close-ZYmIzi\\\\state\\\\builds\\\\capability-extension-language-close-a6f485b07d\\\\extension-executions\\\\.3c5f4d73efafb169-zMRjxd","existsAtExit":false}
# C5 CLI root: {"event":"exit","path":"C:\\\\Users\\\\b_a_s\\\\AppData\\\\Local\\\\Temp\\\\aiboard-windows-semantic-duplex-U6UucB","existsAtExit":false}
# C5 CLI root: {"event":"exit","path":"C:\\\\Users\\\\b_a_s\\\\AppData\\\\Local\\\\Temp\\\\aiboard-windows-semantic-batch-OjjXSH","existsAtExit":false}
# C5 CLI root: {"event":"exit","path":"C:\\\\Users\\\\b_a_s\\\\AppData\\\\Local\\\\Temp\\\\aiboard-windows-semantic-tree-z5pgUG","existsAtExit":false}
# C5 CLI root: {"event":"exit","path":"C:\\\\Users\\\\b_a_s\\\\AppData\\\\Local\\\\Temp\\\\aiboard-native-capabilities-atomic-CxB6dG","existsAtExit":false}
# C5 CLI root: {"event":"exit","path":"C:\\\\Users\\\\b_a_s\\\\AppData\\\\Local\\\\Temp\\\\aiboard-native-capabilities-atomic-CxB6dG\\\\state\\\\capability-snapshots\\\\.staging-yhk2OO","existsAtExit":false}
# C5 CLI root: {"event":"exit","path":"C:\\\\Users\\\\b_a_s\\\\AppData\\\\Local\\\\Temp\\\\aiboard-native-capabilities-atomic-CxB6dG\\\\state\\\\builds\\\\capability-atomic-f3e56529da\\\\extension-executions\\\\.4a1ebe8af4c5b5b1-NsHVvh","existsAtExit":false}
# C5 CLI root: {"event":"exit","path":"C:\\\\Users\\\\b_a_s\\\\AppData\\\\Local\\\\Temp\\\\aiboard-native-capabilities-reserved-T9VjNZ","existsAtExit":false}
# C5 CLI root: {"event":"exit","path":"C:\\\\Users\\\\b_a_s\\\\AppData\\\\Local\\\\Temp\\\\aiboard-native-capabilities-reserved-T9VjNZ\\\\state\\\\capability-snapshots\\\\.staging-e08akK","existsAtExit":false}
# C5 CLI root: {"event":"exit","path":"C:\\\\Users\\\\b_a_s\\\\AppData\\\\Local\\\\Temp\\\\aiboard-native-capabilities-reserved-T9VjNZ\\\\state\\\\builds\\\\capability-reserved-3f9cfa92ac\\\\extension-executions\\\\.4bdbf80681b45464-PK7SOV","existsAtExit":false}
# C5 CLI root: {"event":"exit","path":"C:\\\\Users\\\\b_a_s\\\\AppData\\\\Local\\\\Temp\\\\aiboard-native-capabilities-runtime-construction-execution_isolation-WuqSZ9","existsAtExit":false}
# C5 CLI root: {"event":"exit","path":"C:\\\\Users\\\\b_a_s\\\\AppData\\\\Local\\\\Temp\\\\aiboard-native-capabilities-runtime-construction-execution_isolation-WuqSZ9\\\\state\\\\capability-snapshots\\\\.staging-nBX18J","existsAtExit":false}
# C5 CLI root: {"event":"exit","path":"C:\\\\Users\\\\b_a_s\\\\AppData\\\\Local\\\\Temp\\\\aiboard-native-capabilities-runtime-construction-capabilities-kqgw1W","existsAtExit":false}
# C5 CLI root: {"event":"exit","path":"C:\\\\Users\\\\b_a_s\\\\AppData\\\\Local\\\\Temp\\\\aiboard-native-capabilities-runtime-construction-capabilities-kqgw1W\\\\state\\\\capability-snapshots\\\\.staging-kh8d0G","existsAtExit":false}
# C5 CLI root: {"event":"exit","path":"C:\\\\Users\\\\b_a_s\\\\AppData\\\\Local\\\\Temp\\\\aiboard-native-capabilities-runtime-construction-capabilities-kqgw1W\\\\state\\\\builds\\\\runtime-construction-capabilities-c2144e95b5\\\\extension-executions\\\\.0677af4400a8cb12-IuHsCc","existsAtExit":false}
# C5 CLI root: {"event":"exit","path":"C:\\\\Users\\\\b_a_s\\\\AppData\\\\Local\\\\Temp\\\\aiboard-native-capabilities-runtime-construction-evidence_store-atHAmb","existsAtExit":false}
# C5 CLI root: {"event":"exit","path":"C:\\\\Users\\\\b_a_s\\\\AppData\\\\Local\\\\Temp\\\\aiboard-native-capabilities-runtime-construction-evidence_store-atHAmb\\\\state\\\\capability-snapshots\\\\.staging-JS3Jim","existsAtExit":false}
# C5 CLI root: {"event":"exit","path":"C:\\\\Users\\\\b_a_s\\\\AppData\\\\Local\\\\Temp\\\\aiboard-native-capabilities-runtime-construction-evidence_store-atHAmb\\\\state\\\\builds\\\\runtime-construction-evidence-store-18e527f405\\\\extension-executions\\\\.0677af4400a8cb12-tJr8b3","existsAtExit":false}
# C5 CLI root: {"event":"exit","path":"C:\\\\Users\\\\b_a_s\\\\AppData\\\\Local\\\\Temp\\\\aiboard-native-capabilities-runtime-construction-scheduler_store-usHx4x","existsAtExit":false}
# C5 CLI root: {"event":"exit","path":"C:\\\\Users\\\\b_a_s\\\\AppData\\\\Local\\\\Temp\\\\aiboard-native-capabilities-runtime-construction-scheduler_store-usHx4x\\\\state\\\\capability-snapshots\\\\.staging-FDeVCC","existsAtExit":false}
# C5 CLI root: {"event":"exit","path":"C:\\\\Users\\\\b_a_s\\\\AppData\\\\Local\\\\Temp\\\\aiboard-native-capabilities-runtime-construction-scheduler_store-usHx4x\\\\state\\\\builds\\\\runtime-construction-scheduler-store-c4cfcb6c97\\\\extension-executions\\\\.0677af4400a8cb12-3ZEbzP","existsAtExit":false}
# C5 CLI root: {"event":"exit","path":"C:\\\\Users\\\\b_a_s\\\\AppData\\\\Local\\\\Temp\\\\aiboard-native-capabilities-runtime-construction-session_store-D5fsDU","existsAtExit":false}
# C5 CLI root: {"event":"exit","path":"C:\\\\Users\\\\b_a_s\\\\AppData\\\\Local\\\\Temp\\\\aiboard-native-capabilities-runtime-construction-session_store-D5fsDU\\\\state\\\\capability-snapshots\\\\.staging-oex242","existsAtExit":false}
# C5 CLI root: {"event":"exit","path":"C:\\\\Users\\\\b_a_s\\\\AppData\\\\Local\\\\Temp\\\\aiboard-native-capabilities-runtime-construction-session_store-D5fsDU\\\\state\\\\builds\\\\runtime-construction-session-store-86eaeb0ad5\\\\extension-executions\\\\.0677af4400a8cb12-dbmwGH","existsAtExit":false}
# C5 CLI root: {"event":"exit","path":"C:\\\\Users\\\\b_a_s\\\\AppData\\\\Local\\\\Temp\\\\aiboard-native-capabilities-runtime-construction-tool_ledger-YiWi2m","existsAtExit":false}
# C5 CLI root: {"event":"exit","path":"C:\\\\Users\\\\b_a_s\\\\AppData\\\\Local\\\\Temp\\\\aiboard-native-capabilities-runtime-construction-tool_ledger-YiWi2m\\\\state\\\\capability-snapshots\\\\.staging-kRpeaa","existsAtExit":false}
# C5 CLI root: {"event":"exit","path":"C:\\\\Users\\\\b_a_s\\\\AppData\\\\Local\\\\Temp\\\\aiboard-native-capabilities-runtime-construction-tool_ledger-YiWi2m\\\\state\\\\builds\\\\runtime-construction-tool-ledger-29381f9a8e\\\\extension-executions\\\\.0677af4400a8cb12-WqSipk","existsAtExit":false}
# C5 CLI root: {"event":"exit","path":"C:\\\\Users\\\\b_a_s\\\\AppData\\\\Local\\\\Temp\\\\aiboard-native-capabilities-runtime-construction-budget_ledger-NU5hY5","existsAtExit":false}
# C5 CLI root: {"event":"exit","path":"C:\\\\Users\\\\b_a_s\\\\AppData\\\\Local\\\\Temp\\\\aiboard-native-capabilities-runtime-construction-budget_ledger-NU5hY5\\\\state\\\\capability-snapshots\\\\.staging-lYbIXw","existsAtExit":false}
# C5 CLI root: {"event":"exit","path":"C:\\\\Users\\\\b_a_s\\\\AppData\\\\Local\\\\Temp\\\\aiboard-native-capabilities-runtime-construction-budget_ledger-NU5hY5\\\\state\\\\builds\\\\runtime-construction-budget-ledger-0779643d62\\\\extension-executions\\\\.0677af4400a8cb12-cF6NYi","existsAtExit":false}
# C5 CLI root: {"event":"exit","path":"C:\\\\Users\\\\b_a_s\\\\AppData\\\\Local\\\\Temp\\\\aiboard-native-capabilities-runtime-construction-workspace_manager-3rd93k","existsAtExit":false}
# C5 CLI root: {"event":"exit","path":"C:\\\\Users\\\\b_a_s\\\\AppData\\\\Local\\\\Temp\\\\aiboard-native-capabilities-runtime-construction-workspace_manager-3rd93k\\\\state\\\\capability-snapshots\\\\.staging-maYJZo","existsAtExit":false}
# C5 CLI root: {"event":"exit","path":"C:\\\\Users\\\\b_a_s\\\\AppData\\\\Local\\\\Temp\\\\aiboard-native-capabilities-runtime-construction-workspace_manager-3rd93k\\\\state\\\\builds\\\\runtime-construction-workspace-manager-0d5c1a0cd6\\\\extension-executions\\\\.0677af4400a8cb12-PYvhpz","existsAtExit":false}
# C5 CLI root: {"event":"exit","path":"C:\\\\Users\\\\b_a_s\\\\AppData\\\\Local\\\\Temp\\\\aiboard-native-capabilities-runtime-construction-integration_workspace-9yJCzc","existsAtExit":false}
# C5 CLI root: {"event":"exit","path":"C:\\\\Users\\\\b_a_s\\\\AppData\\\\Local\\\\Temp\\\\aiboard-native-capabilities-runtime-construction-integration_workspace-9yJCzc\\\\state\\\\capability-snapshots\\\\.staging-h7PXHN","existsAtExit":false}
# C5 CLI root: {"event":"exit","path":"C:\\\\Users\\\\b_a_s\\\\AppData\\\\Local\\\\Temp\\\\aiboard-native-capabilities-runtime-construction-integration_workspace-9yJCzc\\\\state\\\\builds\\\\runtime-construction-integration-workspa-efec5553ad\\\\extension-executions\\\\.0677af4400a8cb12-QWE0Wz","existsAtExit":false}
# C5 CLI root: {"event":"exit","path":"C:\\\\Users\\\\b_a_s\\\\AppData\\\\Local\\\\Temp\\\\aiboard-native-capabilities-runtime-construction-verification_workspace-MgfwaB","existsAtExit":false}
# C5 CLI root: {"event":"exit","path":"C:\\\\Users\\\\b_a_s\\\\AppData\\\\Local\\\\Temp\\\\aiboard-native-capabilities-runtime-construction-verification_workspace-MgfwaB\\\\state\\\\capability-snapshots\\\\.staging-0wmXwN","existsAtExit":false}
# C5 CLI root: {"event":"exit","path":"C:\\\\Users\\\\b_a_s\\\\AppData\\\\Local\\\\Temp\\\\aiboard-native-capabilities-runtime-construction-verification_workspace-MgfwaB\\\\state\\\\builds\\\\runtime-construction-verification-worksp-b289e3e05a\\\\extension-executions\\\\.0677af4400a8cb12-ivB663","existsAtExit":false}
# C5 CLI root: {"event":"exit","path":"C:\\\\Users\\\\b_a_s\\\\AppData\\\\Local\\\\Temp\\\\aiboard-native-capabilities-runtime-construction-independent_verifier_workspace-HfkTul","existsAtExit":false}
# C5 CLI root: {"event":"exit","path":"C:\\\\Users\\\\b_a_s\\\\AppData\\\\Local\\\\Temp\\\\aiboard-native-capabilities-runtime-construction-independent_verifier_workspace-HfkTul\\\\state\\\\capability-snapshots\\\\.staging-aCGnnN","existsAtExit":false}
# C5 CLI root: {"event":"exit","path":"C:\\\\Users\\\\b_a_s\\\\AppData\\\\Local\\\\Temp\\\\aiboard-native-capabilities-runtime-construction-independent_verifier_workspace-HfkTul\\\\state\\\\builds\\\\runtime-construction-independent-verifie-3fd6daeb82\\\\extension-executions\\\\.0677af4400a8cb12-FfXJ7f","existsAtExit":false}
# C5 CLI root: {"event":"exit","path":"C:\\\\Users\\\\b_a_s\\\\AppData\\\\Local\\\\Temp\\\\aiboard-native-capabilities-runtime-construction-memory_store-TmKzXG","existsAtExit":false}
# C5 CLI root: {"event":"exit","path":"C:\\\\Users\\\\b_a_s\\\\AppData\\\\Local\\\\Temp\\\\aiboard-native-capabilities-runtime-construction-memory_store-TmKzXG\\\\state\\\\capability-snapshots\\\\.staging-TGhlnU","existsAtExit":false}
# C5 CLI root: {"event":"exit","path":"C:\\\\Users\\\\b_a_s\\\\AppData\\\\Local\\\\Temp\\\\aiboard-native-capabilities-runtime-construction-memory_store-TmKzXG\\\\state\\\\builds\\\\runtime-construction-memory-store-440a0a3e6c\\\\extension-executions\\\\.0677af4400a8cb12-CMT2IR","existsAtExit":false}
# C5 CLI root: {"event":"exit","path":"C:\\\\Users\\\\b_a_s\\\\AppData\\\\Local\\\\Temp\\\\aiboard-native-capabilities-runtime-construction-managed_process_service-TDwr7Y","existsAtExit":false}
# C5 CLI root: {"event":"exit","path":"C:\\\\Users\\\\b_a_s\\\\AppData\\\\Local\\\\Temp\\\\aiboard-native-capabilities-runtime-construction-managed_process_service-TDwr7Y\\\\state\\\\capability-snapshots\\\\.staging-maPqQs","existsAtExit":false}
# C5 CLI root: {"event":"exit","path":"C:\\\\Users\\\\b_a_s\\\\AppData\\\\Local\\\\Temp\\\\aiboard-native-capabilities-runtime-construction-managed_process_service-TDwr7Y\\\\state\\\\builds\\\\runtime-construction-managed-process-ser-fccb111fe3\\\\extension-executions\\\\.0677af4400a8cb12-FDCLJy","existsAtExit":false}
# C5 CLI root: {"event":"exit","path":"C:\\\\Users\\\\b_a_s\\\\AppData\\\\Local\\\\Temp\\\\aiboard-native-capabilities-runtime-handle-close-ownership-nNdGGH","existsAtExit":false}
# C5 CLI root: {"event":"exit","path":"C:\\\\Users\\\\b_a_s\\\\AppData\\\\Local\\\\Temp\\\\aiboard-native-capabilities-runtime-handle-close-ownership-nNdGGH\\\\state\\\\capability-snapshots\\\\.staging-esURnS","existsAtExit":false}
# C5 CLI root: {"event":"exit","path":"C:\\\\Users\\\\b_a_s\\\\AppData\\\\Local\\\\Temp\\\\aiboard-native-capabilities-runtime-handle-close-ownership-nNdGGH\\\\state\\\\builds\\\\runtime-handle-close-ownership-da59f740f0\\\\extension-executions\\\\.0677af4400a8cb12-hIWEnQ","existsAtExit":false}
# C5 CLI root: {"event":"exit","path":"C:\\\\Users\\\\b_a_s\\\\AppData\\\\Local\\\\Temp\\\\aiboard-windows-semantic-duplex-bfJu3C","existsAtExit":false}
# C5 CLI root: {"event":"exit","path":"C:\\\\Users\\\\b_a_s\\\\AppData\\\\Local\\\\Temp\\\\aiboard-windows-semantic-batch-VPKiiM","existsAtExit":false}
# C5 CLI root: {"event":"exit","path":"C:\\\\Users\\\\b_a_s\\\\AppData\\\\Local\\\\Temp\\\\aiboard-windows-semantic-tree-42hhNG","existsAtExit":false}
# C5 CLI root: {"event":"exit","path":"C:\\\\Users\\\\b_a_s\\\\AppData\\\\Local\\\\Temp\\\\aiboard-native-capabilities-runtime-construction-cleanup-retry-g2bqnE","existsAtExit":false}
# C5 CLI root: {"event":"exit","path":"C:\\\\Users\\\\b_a_s\\\\AppData\\\\Local\\\\Temp\\\\aiboard-native-capabilities-runtime-construction-cleanup-retry-g2bqnE\\\\state\\\\capability-snapshots\\\\.staging-Vj0qeP","existsAtExit":false}
# C5 CLI root: {"event":"exit","path":"C:\\\\Users\\\\b_a_s\\\\AppData\\\\Local\\\\Temp\\\\aiboard-native-capabilities-runtime-construction-cleanup-retry-g2bqnE\\\\state\\\\builds\\\\runtime-construction-cleanup-retry-12e687607c\\\\extension-executions\\\\.0677af4400a8cb12-ceofVg","existsAtExit":false}
# C5 CLI root: {"event":"exit","path":"C:\\\\Users\\\\b_a_s\\\\AppData\\\\Local\\\\Temp\\\\aiboard-native-capabilities-runtime-capability-close-retry-lTe1s2","existsAtExit":false}
# C5 CLI root: {"event":"exit","path":"C:\\\\Users\\\\b_a_s\\\\AppData\\\\Local\\\\Temp\\\\aiboard-native-capabilities-runtime-capability-close-retry-lTe1s2\\\\state\\\\capability-snapshots\\\\.staging-CLMlX7","existsAtExit":false}
# C5 CLI root: {"event":"exit","path":"C:\\\\Users\\\\b_a_s\\\\AppData\\\\Local\\\\Temp\\\\aiboard-native-capabilities-runtime-capability-close-retry-lTe1s2\\\\state\\\\builds\\\\runtime-capability-close-retry-ca6246e4c5\\\\extension-executions\\\\.3ceaab75a4e558c2-0iGxuX","existsAtExit":false}
# C5 CLI root: {"event":"exit","path":"C:\\\\Users\\\\b_a_s\\\\AppData\\\\Local\\\\Temp\\\\aiboard-native-capabilities-pre-handle-disposer-retention-etJN81","existsAtExit":false}
# C5 CLI root: {"event":"exit","path":"C:\\\\Users\\\\b_a_s\\\\AppData\\\\Local\\\\Temp\\\\aiboard-native-capabilities-pre-handle-disposer-retention-etJN81\\\\state\\\\capability-snapshots\\\\.staging-6k8lbT","existsAtExit":false}
# C5 CLI root: {"event":"exit","path":"C:\\\\Users\\\\b_a_s\\\\AppData\\\\Local\\\\Temp\\\\aiboard-native-capabilities-pre-handle-disposer-retention-etJN81\\\\state\\\\builds\\\\pre-handle-disposer-retention-df2c4dd6e9\\\\extension-executions\\\\.17d7b351aeed3c25-MwA8kH","existsAtExit":false}
# C5 CLI root: {"event":"exit","path":"C:\\\\Users\\\\b_a_s\\\\AppData\\\\Local\\\\Temp\\\\aiboard-native-capabilities-provider-owner-aVYGly","existsAtExit":false}
# C5 CLI root: {"event":"exit","path":"C:\\\\Users\\\\b_a_s\\\\AppData\\\\Local\\\\Temp\\\\aiboard-native-capabilities-historical-terminal-018jMk","existsAtExit":false}
# C5 CLI root: {"event":"exit","path":"C:\\\\Users\\\\b_a_s\\\\AppData\\\\Local\\\\Temp\\\\aiboard-native-capabilities-historical-terminal-018jMk\\\\state\\\\capability-snapshots\\\\.staging-VZCkGH","existsAtExit":false}
# C5 CLI root: {"event":"exit","path":"C:\\\\Users\\\\b_a_s\\\\AppData\\\\Local\\\\Temp\\\\aiboard-historical-sqlite-vtbrg8","existsAtExit":false}
# C5 CLI root: {"event":"exit","path":"C:\\\\Users\\\\b_a_s\\\\AppData\\\\Local\\\\Temp\\\\aiboard-historical-sqlite-XydTsy","existsAtExit":false}
# C5 CLI root: {"event":"exit","path":"C:\\\\Users\\\\b_a_s\\\\AppData\\\\Local\\\\Temp\\\\aiboard-historical-sqlite-eWh6P0","existsAtExit":false}
# C5 CLI root: {"event":"exit","path":"C:\\\\Users\\\\b_a_s\\\\AppData\\\\Local\\\\Temp\\\\aiboard-historical-sqlite-tYEpYp","existsAtExit":false}
# C5 CLI root: {"event":"exit","path":"C:\\\\Users\\\\b_a_s\\\\AppData\\\\Local\\\\Temp\\\\aiboard-historical-sqlite-DxotN7","existsAtExit":false}
# C5 CLI root: {"event":"exit","path":"C:\\\\Users\\\\b_a_s\\\\AppData\\\\Local\\\\Temp\\\\aiboard-native-capabilities-historical-missing-stores-0DcsBd","existsAtExit":false}
# C5 CLI root: {"event":"exit","path":"C:\\\\Users\\\\b_a_s\\\\AppData\\\\Local\\\\Temp\\\\aiboard-native-capabilities-historical-no-global-authority-9XuPWA","existsAtExit":false}
# C5 CLI root: {"event":"exit","path":"C:\\\\Users\\\\b_a_s\\\\AppData\\\\Local\\\\Temp\\\\aiboard-native-capabilities-historical-close-retry-I2l7Kl","existsAtExit":false}
# C5 CLI root: {"event":"exit","path":"C:\\\\Users\\\\b_a_s\\\\AppData\\\\Local\\\\Temp\\\\aiboard-historical-sqlite-zqoPbW","existsAtExit":false}
# C5 CLI root: {"event":"exit","path":"C:\\\\Users\\\\b_a_s\\\\AppData\\\\Local\\\\Temp\\\\aiboard-native-capabilities-historical-snapshot-removal-retry-MAUuf7","existsAtExit":false}
# C5 CLI root: {"event":"exit","path":"C:\\\\Users\\\\b_a_s\\\\AppData\\\\Local\\\\Temp\\\\aiboard-historical-sqlite-iS7tOF","existsAtExit":false}
# C5 CLI root: {"event":"exit","path":"C:\\\\Users\\\\b_a_s\\\\AppData\\\\Local\\\\Temp\\\\aiboard-historical-sqlite-pR3Br8","existsAtExit":false}
# C5 CLI root: {"event":"exit","path":"C:\\\\Users\\\\b_a_s\\\\AppData\\\\Local\\\\Temp\\\\aiboard-native-capabilities-historical-construction-cleanup-LaowxE","existsAtExit":false}
# C5 CLI root: {"event":"exit","path":"C:\\\\Users\\\\b_a_s\\\\AppData\\\\Local\\\\Temp\\\\aiboard-historical-sqlite-7p2V67","existsAtExit":false}
# C5 CLI root: {"event":"exit","path":"C:\\\\Users\\\\b_a_s\\\\AppData\\\\Local\\\\Temp\\\\aiboard-native-capabilities-historical-durable-observations-YFnWcU","existsAtExit":false}
# C5 CLI root: {"event":"exit","path":"C:\\\\Users\\\\b_a_s\\\\AppData\\\\Local\\\\Temp\\\\aiboard-historical-schema-tEqokg","existsAtExit":false}
# C5 CLI root: {"event":"exit","path":"C:\\\\Users\\\\b_a_s\\\\AppData\\\\Local\\\\Temp\\\\aiboard-historical-schema-z8v3dn","existsAtExit":false}
# C5 CLI root: {"event":"exit","path":"C:\\\\Users\\\\b_a_s\\\\AppData\\\\Local\\\\Temp\\\\aiboard-historical-schema-ogpJlF","existsAtExit":false}
# C5 CLI root: {"event":"exit","path":"C:\\\\Users\\\\b_a_s\\\\AppData\\\\Local\\\\Temp\\\\aiboard-historical-schema-E7AZaJ","existsAtExit":false}
# C5 CLI root: {"event":"exit","path":"C:\\\\Users\\\\b_a_s\\\\AppData\\\\Local\\\\Temp\\\\aiboard-historical-schema-HXwFPL","existsAtExit":false}
# C5 CLI root: {"event":"exit","path":"C:\\\\Users\\\\b_a_s\\\\AppData\\\\Local\\\\Temp\\\\aiboard-historical-schema-XBOLSe","existsAtExit":false}
# C5 CLI root: {"event":"exit","path":"C:\\\\Users\\\\b_a_s\\\\AppData\\\\Local\\\\Temp\\\\aiboard-historical-sqlite-YdeRKD","existsAtExit":false}
# C5 CLI root: {"event":"exit","path":"C:\\\\Users\\\\b_a_s\\\\AppData\\\\Local\\\\Temp\\\\aiboard-historical-sqlite-76Ko9l","existsAtExit":false}
# C5 CLI root: {"event":"exit","path":"C:\\\\Users\\\\b_a_s\\\\AppData\\\\Local\\\\Temp\\\\aiboard-historical-sqlite-ahKmJI","existsAtExit":false}
# C5 CLI root: {"event":"exit","path":"C:\\\\Users\\\\b_a_s\\\\AppData\\\\Local\\\\Temp\\\\aiboard-historical-sqlite-aUvrvV","existsAtExit":false}
# C5 CLI root: {"event":"exit","path":"C:\\\\Users\\\\b_a_s\\\\AppData\\\\Local\\\\Temp\\\\aiboard-historical-sqlite-IORab4","existsAtExit":false}
# C5 CLI root: {"event":"exit","path":"C:\\\\Users\\\\b_a_s\\\\AppData\\\\Local\\\\Temp\\\\aiboard-historical-sqlite-gFaNlS","existsAtExit":false}
# C5 CLI root: {"event":"exit","path":"C:\\\\Users\\\\b_a_s\\\\AppData\\\\Local\\\\Temp\\\\aiboard-historical-schema-pLVgVR","existsAtExit":false}
# C5 CLI root: {"event":"exit","path":"C:\\\\Users\\\\b_a_s\\\\AppData\\\\Local\\\\Temp\\\\aiboard-historical-schema-pg7QGD","existsAtExit":false}
# C5 CLI root: {"event":"exit","path":"C:\\\\Users\\\\b_a_s\\\\AppData\\\\Local\\\\Temp\\\\aiboard-historical-schema-NXEk6Q","existsAtExit":false}
# C5 CLI root: {"event":"exit","path":"C:\\\\Users\\\\b_a_s\\\\AppData\\\\Local\\\\Temp\\\\aiboard-historical-schema-xdlx6n","existsAtExit":false}
# C5 CLI root: {"event":"exit","path":"C:\\\\Users\\\\b_a_s\\\\AppData\\\\Local\\\\Temp\\\\aiboard-historical-schema-NVeW4P","existsAtExit":false}
# C5 CLI root: {"event":"exit","path":"C:\\\\Users\\\\b_a_s\\\\AppData\\\\Local\\\\Temp\\\\aiboard-historical-schema-9Y4Y8w","existsAtExit":false}
# C5 CLI root: {"event":"exit","path":"C:\\\\Users\\\\b_a_s\\\\AppData\\\\Local\\\\Temp\\\\aiboard-native-capabilities-historical-frozen-non-sqlite-observations-bUShGj","existsAtExit":false}
# C5 CLI root: {"event":"exit","path":"C:\\\\Users\\\\b_a_s\\\\AppData\\\\Local\\\\Temp\\\\aiboard-historical-sqlite-VUIiWq","existsAtExit":false}
# C5 CLI root: {"event":"exit","path":"C:\\\\Users\\\\b_a_s\\\\AppData\\\\Local\\\\Temp\\\\aiboard-historical-sqlite-XVVF6D","existsAtExit":false}
# C5 CLI root: {"event":"exit","path":"C:\\\\Users\\\\b_a_s\\\\AppData\\\\Local\\\\Temp\\\\aiboard-historical-sqlite-0mugac","existsAtExit":false}
# C5 CLI root: {"event":"exit","path":"C:\\\\Users\\\\b_a_s\\\\AppData\\\\Local\\\\Temp\\\\aiboard-historical-sqlite-ABjZHJ","existsAtExit":false}
# C5 CLI root: {"event":"exit","path":"C:\\\\Users\\\\b_a_s\\\\AppData\\\\Local\\\\Temp\\\\aiboard-historical-sqlite-3PRWhV","existsAtExit":false}
# C5 CLI root: {"event":"exit","path":"C:\\\\Users\\\\b_a_s\\\\AppData\\\\Local\\\\Temp\\\\aiboard-historical-sqlite-MSscJm","existsAtExit":false}
# C5 CLI root: {"event":"exit","path":"C:\\\\Users\\\\b_a_s\\\\AppData\\\\Local\\\\Temp\\\\aiboard-historical-sqlite-xEpt7r","existsAtExit":false}
# C5 CLI root: {"event":"exit","path":"C:\\\\Users\\\\b_a_s\\\\AppData\\\\Local\\\\Temp\\\\aiboard-historical-sqlite-rzw6ag","existsAtExit":false}
# C5 CLI root: {"event":"exit","path":"C:\\\\Users\\\\b_a_s\\\\AppData\\\\Local\\\\Temp\\\\aiboard-historical-schema-PKo9Bk","existsAtExit":false}
# C5 CLI root: {"event":"exit","path":"C:\\\\Users\\\\b_a_s\\\\AppData\\\\Local\\\\Temp\\\\aiboard-historical-schema-TSKtPC","existsAtExit":false}
# C5 CLI root: {"event":"exit","path":"C:\\\\Users\\\\b_a_s\\\\AppData\\\\Local\\\\Temp\\\\aiboard-historical-schema-iv7kKn","existsAtExit":false}
# C5 CLI root: {"event":"exit","path":"C:\\\\Users\\\\b_a_s\\\\AppData\\\\Local\\\\Temp\\\\aiboard-historical-schema-t9jL5I","existsAtExit":false}
# C5 CLI root: {"event":"exit","path":"C:\\\\Users\\\\b_a_s\\\\AppData\\\\Local\\\\Temp\\\\aiboard-historical-schema-ctjTRC","existsAtExit":false}
# C5 CLI root: {"event":"exit","path":"C:\\\\Users\\\\b_a_s\\\\AppData\\\\Local\\\\Temp\\\\aiboard-historical-schema-mMJhNu","existsAtExit":false}
# C5 CLI root: {"event":"exit","path":"C:\\\\Users\\\\b_a_s\\\\AppData\\\\Local\\\\Temp\\\\aiboard-historical-schema-g0QBkv","existsAtExit":false}
# C5 CLI root: {"event":"exit","path":"C:\\\\Users\\\\b_a_s\\\\AppData\\\\Local\\\\Temp\\\\aiboard-historical-schema-Y7smZ7","existsAtExit":false}
# C5 CLI root: {"event":"exit","path":"C:\\\\Users\\\\b_a_s\\\\AppData\\\\Local\\\\Temp\\\\aiboard-historical-schema-nXKw1U","existsAtExit":false}
# C5 CLI root: {"event":"exit","path":"C:\\\\Users\\\\b_a_s\\\\AppData\\\\Local\\\\Temp\\\\aiboard-historical-schema-QL5TpT","existsAtExit":false}
# C5 CLI root: {"event":"exit","path":"C:\\\\Users\\\\b_a_s\\\\AppData\\\\Local\\\\Temp\\\\aiboard-native-capabilities-historical-unmigrated-observations-rXfONC","existsAtExit":false}
# C5 CLI root: {"event":"exit","path":"C:\\\\Users\\\\b_a_s\\\\AppData\\\\Local\\\\Temp\\\\aiboard-historical-schema-WV5KhR","existsAtExit":false}
# C5 CLI root: {"event":"exit","path":"C:\\\\Users\\\\b_a_s\\\\AppData\\\\Local\\\\Temp\\\\aiboard-historical-schema-In7gC4","existsAtExit":false}
# C5 CLI root: {"event":"exit","path":"C:\\\\Users\\\\b_a_s\\\\AppData\\\\Local\\\\Temp\\\\aiboard-historical-sqlite-DOCRIn","existsAtExit":false}
# C5 CLI root: {"event":"exit","path":"C:\\\\Users\\\\b_a_s\\\\AppData\\\\Local\\\\Temp\\\\aiboard-historical-sqlite-S5nsFU","existsAtExit":false}
# C5 CLI root: {"event":"exit","path":"C:\\\\Users\\\\b_a_s\\\\AppData\\\\Local\\\\Temp\\\\aiboard-historical-schema-mIxQVM","existsAtExit":false}
# C5 CLI root: {"event":"exit","path":"C:\\\\Users\\\\b_a_s\\\\AppData\\\\Local\\\\Temp\\\\aiboard-historical-schema-zwU4sj","existsAtExit":false}
# C5 CLI root: {"event":"exit","path":"C:\\\\Users\\\\b_a_s\\\\AppData\\\\Local\\\\Temp\\\\aiboard-native-capabilities-historical-partial-transcript-Nb8vK6","existsAtExit":false}
# C5 CLI root: {"event":"exit","path":"C:\\\\Users\\\\b_a_s\\\\AppData\\\\Local\\\\Temp\\\\aiboard-historical-schema-lCSkSx","existsAtExit":false}
# C5 CLI root: {"event":"exit","path":"C:\\\\Users\\\\b_a_s\\\\AppData\\\\Local\\\\Temp\\\\aiboard-historical-sqlite-eyPT8n","existsAtExit":false}
# C5 CLI root: {"event":"exit","path":"C:\\\\Users\\\\b_a_s\\\\AppData\\\\Local\\\\Temp\\\\aiboard-historical-schema-9F46Fz","existsAtExit":false}
# C5 CLI root: {"event":"exit","path":"C:\\\\Users\\\\b_a_s\\\\AppData\\\\Local\\\\Temp\\\\aiboard-native-capabilities-historical-wal-observation-Ux4awk","existsAtExit":false}
# C5 CLI root: {"event":"exit","path":"C:\\\\Users\\\\b_a_s\\\\AppData\\\\Local\\\\Temp\\\\aiboard-historical-schema-C0geQO","existsAtExit":false}
# C5 CLI root: {"event":"exit","path":"C:\\\\Users\\\\b_a_s\\\\AppData\\\\Local\\\\Temp\\\\aiboard-historical-sqlite-9Gzzey","existsAtExit":false}
# C5 CLI root: {"event":"exit","path":"C:\\\\Users\\\\b_a_s\\\\AppData\\\\Local\\\\Temp\\\\aiboard-historical-schema-v1UTpx","existsAtExit":false}
# C5 CLI root: {"event":"exit","path":"C:\\\\Users\\\\b_a_s\\\\AppData\\\\Local\\\\Temp\\\\aiboard-native-capabilities-historical-terminal-failed-qrnegX","existsAtExit":false}
# C5 CLI root: {"event":"exit","path":"C:\\\\Users\\\\b_a_s\\\\AppData\\\\Local\\\\Temp\\\\aiboard-native-capabilities-historical-terminal-stopped-4CiMVG","existsAtExit":false}
# C5 CLI root: {"event":"exit","path":"C:\\\\Users\\\\b_a_s\\\\AppData\\\\Local\\\\Temp\\\\p6-git-mcp-census-SJ3gLI","existsAtExit":false}
# C5 CLI root: {"event":"created","path":"C:\\\\Users\\\\b_a_s\\\\AppData\\\\Local\\\\Temp\\\\aiboard native final verification factory DKnngl"}
# C5 CLI root: {"event":"created","path":"C:\\\\Users\\\\b_a_s\\\\AppData\\\\Local\\\\Temp\\\\aiboard-windows-semantic-duplex-4HBjXQ"}
# C5 CLI root: {"event":"created","path":"C:\\\\Users\\\\b_a_s\\\\AppData\\\\Local\\\\Temp\\\\aiboard-windows-semantic-batch-ov7PVa"}
# C5 CLI root: {"event":"created","path":"C:\\\\Users\\\\b_a_s\\\\AppData\\\\Local\\\\Temp\\\\aiboard-windows-semantic-tree-CL4C43"}
# C5 CLI root: {"event":"created","path":"C:\\\\Users\\\\b_a_s\\\\AppData\\\\Local\\\\Temp\\\\playwright-artifacts-KW5N1J"}
# C5 CLI root: {"event":"created","path":"C:\\\\Users\\\\b_a_s\\\\AppData\\\\Local\\\\Temp\\\\playwright_chromiumdev_profile-YkirEk"}
# Subtest: NativeBuildFactory executes all four bound categories from clean integration state while user checkout is dirty
ok 226 - NativeBuildFactory executes all four bound categories from clean integration state while user checkout is dirty
  ---
  duration_ms: 112352.3094
  type: 'test'
  ...
# C5 CLI root: {"event":"exit","path":"C:\\\\Users\\\\b_a_s\\\\AppData\\\\Local\\\\Temp\\\\aiboard native final verification factory DKnngl","existsAtExit":false}
# C5 CLI root: {"event":"exit","path":"C:\\\\Users\\\\b_a_s\\\\AppData\\\\Local\\\\Temp\\\\aiboard-windows-semantic-duplex-4HBjXQ","existsAtExit":false}
# C5 CLI root: {"event":"exit","path":"C:\\\\Users\\\\b_a_s\\\\AppData\\\\Local\\\\Temp\\\\aiboard-windows-semantic-batch-ov7PVa","existsAtExit":false}
# C5 CLI root: {"event":"exit","path":"C:\\\\Users\\\\b_a_s\\\\AppData\\\\Local\\\\Temp\\\\aiboard-windows-semantic-tree-CL4C43","existsAtExit":false}
# C5 CLI root: {"event":"exit","path":"C:\\\\Users\\\\b_a_s\\\\AppData\\\\Local\\\\Temp\\\\playwright-artifacts-KW5N1J","existsAtExit":false}
# C5 CLI root: {"event":"exit","path":"C:\\\\Users\\\\b_a_s\\\\AppData\\\\Local\\\\Temp\\\\playwright_chromiumdev_profile-YkirEk","existsAtExit":false}
# C5 CLI root: {"event":"created","path":"C:\\\\Users\\\\b_a_s\\\\AppData\\\\Local\\\\Temp\\\\aiboard-native-verifier-preferred-ZKy4Gp"}
# C5 CLI root: {"event":"created","path":"C:\\\\Users\\\\b_a_s\\\\AppData\\\\Local\\\\Temp\\\\aiboard-native-verifier-provider-fallback-M8u2c6"}
# Subtest: typed user selection constrains verifier routing to the preferred candidate
ok 227 - typed user selection constrains verifier routing to the preferred candidate
  ---
  duration_ms: 71.506
  type: 'test'
  ...
# C5 CLI root: {"event":"created","path":"C:\\\\Users\\\\b_a_s\\\\AppData\\\\Local\\\\Temp\\\\aiboard-native-verifier-context-z4TQm7"}
# Subtest: restart excludes a provider-failed pending verifier session and selects fallback
ok 228 - restart excludes a provider-failed pending verifier session and selects fallback
  ---
  duration_ms: 60.0126
  type: 'test'
  ...
# C5 CLI root: {"event":"created","path":"C:\\\\Users\\\\b_a_s\\\\AppData\\\\Local\\\\Temp\\\\aiboard-native-verifier-budget-attribution-bBZNhO"}
# Subtest: verifier receives complete revision-bound context in a separate read-only session
ok 229 - verifier receives complete revision-bound context in a separate read-only session
  ---
  duration_ms: 57.7636
  type: 'test'
  ...
# C5 CLI root: {"event":"created","path":"C:\\\\Users\\\\b_a_s\\\\AppData\\\\Local\\\\Temp\\\\aiboard-native-verifier-authority-Z3Ns6N"}
# Subtest: verifier model calls and evidence inspections consume the governed run budget
ok 230 - verifier model calls and evidence inspections consume the governed run budget
  ---
  duration_ms: 108.0723
  type: 'test'
  ...
# C5 CLI root: {"event":"created","path":"C:\\\\Users\\\\b_a_s\\\\AppData\\\\Local\\\\Temp\\\\aiboard-native-verifier-stale-LIvZRC"}
# C5 CLI root: {"event":"created","path":"C:\\\\Users\\\\b_a_s\\\\AppData\\\\Local\\\\Temp\\\\aiboard-native-verifier-verdict-ChRUXb"}
# Subtest: verifier cannot invoke write, commit, lifecycle, or completion tools
ok 231 - verifier cannot invoke write, commit, lifecycle, or completion tools
  ---
  duration_ms: 85.3347
  type: 'test'
  ...
# Subtest: verifier refuses a workspace whose revision differs from the requested integration snapshot
ok 232 - verifier refuses a workspace whose revision differs from the requested integration snapshot
  ---
  duration_ms: 45.5721
  type: 'test'
  ...
# C5 CLI root: {"event":"created","path":"C:\\\\Users\\\\b_a_s\\\\AppData\\\\Local\\\\Temp\\\\aiboard-native-verifier-verdict-replay-7QglaP"}
# C5 CLI root: {"event":"created","path":"C:\\\\Users\\\\b_a_s\\\\AppData\\\\Local\\\\Temp\\\\aiboard-native-verifier-verdict-pending-O4gRn0"}
# Subtest: verifier submits one typed criterion-complete lifecycle verdict with kernel-bound identity
ok 233 - verifier submits one typed criterion-complete lifecycle verdict with kernel-bound identity
  ---
  duration_ms: 94.9424
  type: 'test'
  ...
# Subtest: persisted verifier verdict resumes without a duplicate model call
ok 234 - persisted verifier verdict resumes without a duplicate model call
  ---
  duration_ms: 327.5403
  type: 'test'
  ...
# Subtest: restart after a durable model response executes its pending verdict without another model call
ok 235 - restart after a durable model response executes its pending verdict without another model call
  ---
  duration_ms: 66.1525
  type: 'test'
  ...
# C5 CLI root: {"event":"exit","path":"C:\\\\Users\\\\b_a_s\\\\AppData\\\\Local\\\\Temp\\\\aiboard-native-verifier-preferred-ZKy4Gp","existsAtExit":false}
# C5 CLI root: {"event":"exit","path":"C:\\\\Users\\\\b_a_s\\\\AppData\\\\Local\\\\Temp\\\\aiboard-native-verifier-provider-fallback-M8u2c6","existsAtExit":false}
# C5 CLI root: {"event":"exit","path":"C:\\\\Users\\\\b_a_s\\\\AppData\\\\Local\\\\Temp\\\\aiboard-native-verifier-context-z4TQm7","existsAtExit":false}
# C5 CLI root: {"event":"exit","path":"C:\\\\Users\\\\b_a_s\\\\AppData\\\\Local\\\\Temp\\\\aiboard-native-verifier-budget-attribution-bBZNhO","existsAtExit":false}
# C5 CLI root: {"event":"exit","path":"C:\\\\Users\\\\b_a_s\\\\AppData\\\\Local\\\\Temp\\\\aiboard-native-verifier-authority-Z3Ns6N","existsAtExit":false}
# C5 CLI root: {"event":"exit","path":"C:\\\\Users\\\\b_a_s\\\\AppData\\\\Local\\\\Temp\\\\aiboard-native-verifier-stale-LIvZRC","existsAtExit":false}
# C5 CLI root: {"event":"exit","path":"C:\\\\Users\\\\b_a_s\\\\AppData\\\\Local\\\\Temp\\\\aiboard-native-verifier-verdict-ChRUXb","existsAtExit":false}
# C5 CLI root: {"event":"exit","path":"C:\\\\Users\\\\b_a_s\\\\AppData\\\\Local\\\\Temp\\\\aiboard-native-verifier-verdict-replay-7QglaP","existsAtExit":false}
# C5 CLI root: {"event":"exit","path":"C:\\\\Users\\\\b_a_s\\\\AppData\\\\Local\\\\Temp\\\\aiboard-native-verifier-verdict-pending-O4gRn0","existsAtExit":false}
# C5 CLI root: {"event":"created","path":"C:\\\\Users\\\\b_a_s\\\\AppData\\\\Local\\\\Temp\\\\aiboard-native-worker-RBiKog"}
# Subtest: worker model calls carry direct durable role and task attribution
ok 236 - worker model calls carry direct durable role and task attribution
  ---
  duration_ms: 0.985
  type: 'test'
  ...
# Subtest: steering reassignment gets a distinct session while ordinary and recovered sessions stay compatible
ok 237 - steering reassignment gets a distinct session while ordinary and recovered sessions stay compatible
  ---
  duration_ms: 0.2797
  type: 'test'
  ...
# Subtest: invalid worker requests fail once instead of cycling through runtimes
ok 238 - invalid worker requests fail once instead of cycling through runtimes
  ---
  duration_ms: 0.092
  type: 'test'
  ...
# Subtest: worker lifecycle no-ops preserve the attempt and receive a fresh resume reminder
ok 239 - worker lifecycle no-ops preserve the attempt and receive a fresh resume reminder
  ---
  duration_ms: 0.1899
  type: 'test'
  ...
# C5 CLI root: {"event":"created","path":"C:\\\\Users\\\\b_a_s\\\\AppData\\\\Local\\\\Temp\\\\aiboard-production-one-shot-UBcp5s"}
# C5 CLI root: {"event":"created","path":"C:\\\\Users\\\\b_a_s\\\\AppData\\\\Local\\\\Temp\\\\aiboard-native-worker-cancel-VjhSql"}
# Subtest: native worker fails over with the same session, context, tools, and evidence
ok 240 - native worker fails over with the same session, context, tools, and evidence
  ---
  duration_ms: 3605.1901
  type: 'test'
  ...
# Subtest: native worker cancellation interrupts an admitted provider retry sleep
ok 241 - native worker cancellation interrupts an admitted provider retry sleep
  ---
  duration_ms: 1376.2163
  type: 'test'
  ...
# Subtest: worker skill routing prefers required capability skills over generic description overlap
ok 242 - worker skill routing prefers required capability skills over generic description overlap
  ---
  duration_ms: 0.5361
  type: 'test'
  ...
# C5 CLI root: {"event":"exit","path":"C:\\\\Users\\\\b_a_s\\\\AppData\\\\Local\\\\Temp\\\\aiboard-native-worker-RBiKog","existsAtExit":false}
# C5 CLI root: {"event":"exit","path":"C:\\\\Users\\\\b_a_s\\\\AppData\\\\Local\\\\Temp\\\\aiboard-production-one-shot-UBcp5s","existsAtExit":false}
# C5 CLI root: {"event":"exit","path":"C:\\\\Users\\\\b_a_s\\\\AppData\\\\Local\\\\Temp\\\\aiboard-native-worker-cancel-VjhSql","existsAtExit":false}
# C5 CLI root: {"event":"created","path":"C:\\\\Users\\\\b_a_s\\\\AppData\\\\Local\\\\Temp\\\\aiboard-readonly-subagent-XPpBg7"}
# C5 CLI root: {"event":"created","path":"C:\\\\Users\\\\b_a_s\\\\AppData\\\\Local\\\\Temp\\\\aiboard-subagent-language-qS6g5S"}
# Subtest: read-only subagents expose no workspace mutation tools and are concurrency-safe
ok 243 - read-only subagents expose no workspace mutation tools and are concurrency-safe
  ---
  duration_ms: 85.5883
  type: 'test'
  ...
# C5 CLI root: {"event":"created","path":"C:\\\\Users\\\\b_a_s\\\\AppData\\\\Local\\\\Temp\\\\aiboard-attributed-subagent-WXk9OI"}
# Subtest: subagents route code intelligence through the supplied shared language router
ok 244 - subagents route code intelligence through the supplied shared language router
  ---
  duration_ms: 110.746
  type: 'test'
  ...
# Subtest: subagent model calls use child role and session attribution
ok 245 - subagent model calls use child role and session attribution
  ---
  duration_ms: 109.4995
  type: 'test'
  ...
# C5 CLI root: {"event":"exit","path":"C:\\\\Users\\\\b_a_s\\\\AppData\\\\Local\\\\Temp\\\\aiboard-readonly-subagent-XPpBg7","existsAtExit":false}
# C5 CLI root: {"event":"exit","path":"C:\\\\Users\\\\b_a_s\\\\AppData\\\\Local\\\\Temp\\\\aiboard-subagent-language-qS6g5S","existsAtExit":false}
# C5 CLI root: {"event":"exit","path":"C:\\\\Users\\\\b_a_s\\\\AppData\\\\Local\\\\Temp\\\\aiboard-attributed-subagent-WXk9OI","existsAtExit":false}
# C5 CLI root: {"event":"created","path":"C:\\\\Users\\\\b_a_s\\\\AppData\\\\Local\\\\Temp\\\\aiboard-broker-paths-NdBAd4"}
# C5 CLI root: {"event":"created","path":"C:\\\\Users\\\\b_a_s\\\\AppData\\\\Local\\\\Temp\\\\aiboard-broker-permission-gCxOHY"}
# Subtest: project profile allows contained writes but blocks traversal and symlink escape
ok 246 - project profile allows contained writes but blocks traversal and symlink escape
  ---
  duration_ms: 11.1724
  type: 'test'
  ...
# C5 CLI root: {"event":"created","path":"C:\\\\Users\\\\b_a_s\\\\AppData\\\\Local\\\\Temp\\\\aiboard-broker-external-RmrStn"}
# C5 CLI root: {"event":"created","path":"C:\\\\Users\\\\b_a_s\\\\AppData\\\\Local\\\\Temp\\\\aiboard-broker-idempotency-qhskS3"}
# Subtest: guarded approvals and full access follow the configured permission ceiling
ok 247 - guarded approvals and full access follow the configured permission ceiling
  ---
  duration_ms: 5.08
  type: 'test'
  ...
# Subtest: project profile never treats an external effect as an ordinary workspace action
ok 248 - project profile never treats an external effect as an ordinary workspace action
  ---
  duration_ms: 0.763
  type: 'test'
  ...
# C5 CLI root: {"event":"created","path":"C:\\\\Users\\\\b_a_s\\\\AppData\\\\Local\\\\Temp\\\\aiboard-broker-budget-OfhBoF"}
# Subtest: call identity prevents duplicate or conflicting side effects
ok 249 - call identity prevents duplicate or conflicting side effects
  ---
  duration_ms: 2.4724
  type: 'test'
  ...
# C5 CLI root: {"event":"created","path":"C:\\\\Users\\\\b_a_s\\\\AppData\\\\Local\\\\Temp\\\\aiboard-broker-output-RCyvDH"}
# Subtest: tool execution reserves the hard tool-call budget before side effects
ok 250 - tool execution reserves the hard tool-call budget before side effects
  ---
  duration_ms: 24.6219
  type: 'test'
  ...
# C5 CLI root: {"event":"created","path":"C:\\\\Users\\\\b_a_s\\\\AppData\\\\Local\\\\Temp\\\\aiboard-broker-grant-0dtJaD"}
# Subtest: large outputs become artifacts and timeouts abort the tool
ok 251 - large outputs become artifacts and timeouts abort the tool
  ---
  duration_ms: 53.3929
  type: 'test'
  ...
# Subtest: authorization attaches one Runner-created call-bound grant and revokes leftovers
ok 252 - authorization attaches one Runner-created call-bound grant and revokes leftovers
  ---
  duration_ms: 109.1489
  type: 'test'
  ...
# C5 CLI root: {"event":"exit","path":"C:\\\\Users\\\\b_a_s\\\\AppData\\\\Local\\\\Temp\\\\aiboard-broker-paths-NdBAd4","existsAtExit":false}
# C5 CLI root: {"event":"exit","path":"C:\\\\Users\\\\b_a_s\\\\AppData\\\\Local\\\\Temp\\\\aiboard-broker-permission-gCxOHY","existsAtExit":false}
# C5 CLI root: {"event":"exit","path":"C:\\\\Users\\\\b_a_s\\\\AppData\\\\Local\\\\Temp\\\\aiboard-broker-external-RmrStn","existsAtExit":false}
# C5 CLI root: {"event":"exit","path":"C:\\\\Users\\\\b_a_s\\\\AppData\\\\Local\\\\Temp\\\\aiboard-broker-idempotency-qhskS3","existsAtExit":false}
# C5 CLI root: {"event":"exit","path":"C:\\\\Users\\\\b_a_s\\\\AppData\\\\Local\\\\Temp\\\\aiboard-broker-budget-OfhBoF","existsAtExit":false}
# C5 CLI root: {"event":"exit","path":"C:\\\\Users\\\\b_a_s\\\\AppData\\\\Local\\\\Temp\\\\aiboard-broker-output-RCyvDH","existsAtExit":false}
# C5 CLI root: {"event":"exit","path":"C:\\\\Users\\\\b_a_s\\\\AppData\\\\Local\\\\Temp\\\\aiboard-broker-grant-0dtJaD","existsAtExit":false}
# C5 CLI root: {"event":"created","path":"C:\\\\Users\\\\b_a_s\\\\AppData\\\\Local\\\\Temp\\\\aiboard-tool-ledger-replay-eGfcCY"}
# C5 CLI root: {"event":"created","path":"C:\\\\Users\\\\b_a_s\\\\AppData\\\\Local\\\\Temp\\\\aiboard-tool-ledger-doubt-SWLi9U"}
# Subtest: completed side effects replay their durable result after broker restart
ok 253 - completed side effects replay their durable result after broker restart
  ---
  duration_ms: 42.2243
  type: 'test'
  ...
# Subtest: in-doubt mutation is not repeated and conflicting reuse is rejected
ok 254 - in-doubt mutation is not repeated and conflicting reuse is rejected
  ---
  duration_ms: 25.7302
  type: 'test'
  ...
# C5 CLI root: {"event":"exit","path":"C:\\\\Users\\\\b_a_s\\\\AppData\\\\Local\\\\Temp\\\\aiboard-tool-ledger-replay-eGfcCY","existsAtExit":false}
# C5 CLI root: {"event":"exit","path":"C:\\\\Users\\\\b_a_s\\\\AppData\\\\Local\\\\Temp\\\\aiboard-tool-ledger-doubt-SWLi9U","existsAtExit":false}
# C5 CLI root: {"event":"created","path":"C:\\\\Users\\\\b_a_s\\\\AppData\\\\Local\\\\Temp\\\\aiboard-verification-create exact-XwNZOK"}
# C5 CLI root: {"event":"created","path":"C:\\\\Users\\\\b_a_s\\\\AppData\\\\Local\\\\Temp\\\\aiboard-verification-independent-verifier-Lm4CkV"}
# Subtest: creates a detached verification worktree at the exact integration revision
ok 255 - creates a detached verification worktree at the exact integration revision
  ---
  duration_ms: 3506.8449
  type: 'test'
  ...
# C5 CLI root: {"event":"created","path":"C:\\\\Users\\\\b_a_s\\\\AppData\\\\Local\\\\Temp\\\\aiboard-verification-reopen-vRR1K9"}
# Subtest: independent verifier owns a clean workspace separate from final verification
ok 256 - independent verifier owns a clean workspace separate from final verification
  ---
  duration_ms: 4404.5171
  type: 'test'
  ...
# C5 CLI root: {"event":"created","path":"C:\\\\Users\\\\b_a_s\\\\AppData\\\\Local\\\\Temp\\\\aiboard-verification-containment-6vusBu"}
# Subtest: reopens the same valid workspace and rejects dirty or wrong-revision workspaces
ok 257 - reopens the same valid workspace and rejects dirty or wrong-revision workspaces
  ---
  duration_ms: 4369.019
  type: 'test'
  ...
# C5 CLI root: {"event":"created","path":"C:\\\\Users\\\\b_a_s\\\\AppData\\\\Local\\\\Temp\\\\aiboard-verification-outside-QrZel9"}
# C5 CLI root: {"event":"created","path":"C:\\\\Users\\\\b_a_s\\\\AppData\\\\Local\\\\Temp\\\\aiboard-verification-dirty-canonical-ZG7oIP"}
# Subtest: rejects a symlink, path escape, and unexpected existing verification directory
ok 258 - rejects a symlink, path escape, and unexpected existing verification directory
  ---
  duration_ms: 2259.9399
  type: 'test'
  ...
# C5 CLI root: {"event":"created","path":"C:\\\\Users\\\\b_a_s\\\\AppData\\\\Local\\\\Temp\\\\aiboard-verification-cleanup-6UTnr2"}
# Subtest: refuses a dirty canonical checkout before creating verification state
ok 259 - refuses a dirty canonical checkout before creating verification state
  ---
  duration_ms: 2088.9385
  type: 'test'
  ...
# Subtest: cleanup removes only the owned verification worktree and preserves integration history
ok 260 - cleanup removes only the owned verification worktree and preserves integration history
  ---
  duration_ms: 2885.0553
  type: 'test'
  ...
# C5 CLI root: {"event":"exit","path":"C:\\\\Users\\\\b_a_s\\\\AppData\\\\Local\\\\Temp\\\\aiboard-verification-create exact-XwNZOK","existsAtExit":false}
# C5 CLI root: {"event":"exit","path":"C:\\\\Users\\\\b_a_s\\\\AppData\\\\Local\\\\Temp\\\\aiboard-verification-independent-verifier-Lm4CkV","existsAtExit":false}
# C5 CLI root: {"event":"exit","path":"C:\\\\Users\\\\b_a_s\\\\AppData\\\\Local\\\\Temp\\\\aiboard-verification-reopen-vRR1K9","existsAtExit":false}
# C5 CLI root: {"event":"exit","path":"C:\\\\Users\\\\b_a_s\\\\AppData\\\\Local\\\\Temp\\\\aiboard-verification-containment-6vusBu","existsAtExit":false}
# C5 CLI root: {"event":"exit","path":"C:\\\\Users\\\\b_a_s\\\\AppData\\\\Local\\\\Temp\\\\aiboard-verification-outside-QrZel9","existsAtExit":false}
# C5 CLI root: {"event":"exit","path":"C:\\\\Users\\\\b_a_s\\\\AppData\\\\Local\\\\Temp\\\\aiboard-verification-dirty-canonical-ZG7oIP","existsAtExit":false}
# C5 CLI root: {"event":"exit","path":"C:\\\\Users\\\\b_a_s\\\\AppData\\\\Local\\\\Temp\\\\aiboard-verification-cleanup-6UTnr2","existsAtExit":false}
# C5 CLI root: {"event":"created","path":"C:\\\\Users\\\\b_a_s\\\\AppData\\\\Local\\\\Temp\\\\aiboard-worker-extension-live-sEhJ6o"}
# C5 CLI root: {"event":"created","path":"C:\\\\Users\\\\b_a_s\\\\AppData\\\\Local\\\\Temp\\\\aiboard-worker-language-live-PfoSf8"}
# Subtest: worker runtime runs mutating extension tools inside its isolated workspace
ok 261 - worker runtime runs mutating extension tools inside its isolated workspace
  ---
  duration_ms: 1441.5472
  type: 'test'
  ...
# C5 CLI root: {"event":"created","path":"C:\\\\Users\\\\b_a_s\\\\AppData\\\\Local\\\\Temp\\\\aiboard-worker-runtime-W02qNR"}
# Subtest: worker runtime routes code tools through the supplied shared language router
ok 262 - worker runtime routes code tools through the supplied shared language router
  ---
  duration_ms: 1411.1703
  type: 'test'
  ...
# C5 CLI root: {"event":"created","path":"C:\\\\Users\\\\b_a_s\\\\AppData\\\\Local\\\\Temp\\\\aiboard-production-one-shot-82ahdH"}
# C5 CLI root: {"event":"created","path":"C:\\\\Users\\\\b_a_s\\\\AppData\\\\Local\\\\Temp\\\\aiboard-worker-browser-evidence-WFEmrV"}
# Subtest: worker inspects, edits, tests, diffs, restarts, and submits a typed change set
ok 263 - worker inspects, edits, tests, diffs, restarts, and submits a typed change set
  ---
  duration_ms: 6390.8767
  type: 'test'
  ...
# C5 CLI root: {"event":"created","path":"C:\\\\Users\\\\b_a_s\\\\AppData\\\\Local\\\\Temp\\\\aiboard-worker-no-change-ULn9fH"}
# Subtest: worker submits automatically recorded browser facts as durable review evidence
ok 264 - worker submits automatically recorded browser facts as durable review evidence
  ---
  duration_ms: 1681.5695
  type: 'test'
  ...
# C5 CLI root: {"event":"created","path":"C:\\\\Users\\\\b_a_s\\\\AppData\\\\Local\\\\Temp\\\\aiboard-production-one-shot-hiVeC0"}
# C5 CLI root: {"event":"created","path":"C:\\\\Users\\\\b_a_s\\\\AppData\\\\Local\\\\Temp\\\\aiboard-worker-subagent-j5QmqK"}
# Subtest: worker can submit an evidence-backed inspection task without fabricating a commit
ok 265 - worker can submit an evidence-backed inspection task without fabricating a commit
  ---
  duration_ms: 6252.3531
  type: 'test'
  ...
# C5 CLI root: {"event":"created","path":"C:\\\\Users\\\\b_a_s\\\\AppData\\\\Local\\\\Temp\\\\aiboard-production-one-shot-0HebIn"}
# C5 CLI root: {"event":"created","path":"C:\\\\Users\\\\b_a_s\\\\AppData\\\\Local\\\\Temp\\\\aiboard-worker-criterion-contract-Jc0BBV"}
# Subtest: worker subagent edits the shared task workspace and returns without parent lifecycle authority
ok 266 - worker subagent edits the shared task workspace and returns without parent lifecycle authority
  ---
  duration_ms: 2847.9786
  type: 'test'
  ...
# Subtest: worker submission cannot bypass exact criterion evidence coverage
ok 267 - worker submission cannot bypass exact criterion evidence coverage
  ---
  duration_ms: 1554.8643
  type: 'test'
  ...
# C5 CLI root: {"event":"exit","path":"C:\\\\Users\\\\b_a_s\\\\AppData\\\\Local\\\\Temp\\\\aiboard-worker-extension-live-sEhJ6o","existsAtExit":false}
# C5 CLI root: {"event":"exit","path":"C:\\\\Users\\\\b_a_s\\\\AppData\\\\Local\\\\Temp\\\\aiboard-worker-language-live-PfoSf8","existsAtExit":false}
# C5 CLI root: {"event":"exit","path":"C:\\\\Users\\\\b_a_s\\\\AppData\\\\Local\\\\Temp\\\\aiboard-worker-runtime-W02qNR","existsAtExit":false}
# C5 CLI root: {"event":"exit","path":"C:\\\\Users\\\\b_a_s\\\\AppData\\\\Local\\\\Temp\\\\aiboard-production-one-shot-82ahdH","existsAtExit":false}
# C5 CLI root: {"event":"exit","path":"C:\\\\Users\\\\b_a_s\\\\AppData\\\\Local\\\\Temp\\\\aiboard-worker-browser-evidence-WFEmrV","existsAtExit":false}
# C5 CLI root: {"event":"exit","path":"C:\\\\Users\\\\b_a_s\\\\AppData\\\\Local\\\\Temp\\\\aiboard-worker-no-change-ULn9fH","existsAtExit":false}
# C5 CLI root: {"event":"exit","path":"C:\\\\Users\\\\b_a_s\\\\AppData\\\\Local\\\\Temp\\\\aiboard-production-one-shot-hiVeC0","existsAtExit":false}
# C5 CLI root: {"event":"exit","path":"C:\\\\Users\\\\b_a_s\\\\AppData\\\\Local\\\\Temp\\\\aiboard-worker-subagent-j5QmqK","existsAtExit":false}
# C5 CLI root: {"event":"exit","path":"C:\\\\Users\\\\b_a_s\\\\AppData\\\\Local\\\\Temp\\\\aiboard-production-one-shot-0HebIn","existsAtExit":false}
# C5 CLI root: {"event":"exit","path":"C:\\\\Users\\\\b_a_s\\\\AppData\\\\Local\\\\Temp\\\\aiboard-worker-criterion-contract-Jc0BBV","existsAtExit":false}
# C5 CLI root: {"event":"created","path":"C:\\\\Users\\\\b_a_s\\\\AppData\\\\Local\\\\Temp\\\\aiboard-workspaces-Vhveiq"}
# C5 CLI root: {"event":"created","path":"C:\\\\Users\\\\b_a_s\\\\AppData\\\\Local\\\\Temp\\\\aiboard-workspace-clean-FoWD9j"}
# Subtest: task worktrees isolate concurrent edits and create attributable commits
ok 268 - task worktrees isolate concurrent edits and create attributable commits
  ---
  duration_ms: 3200.411
  type: 'test'
  ...
# C5 CLI root: {"event":"created","path":"C:\\\\Users\\\\b_a_s\\\\AppData\\\\Local\\\\Temp\\\\aiboard-workspace-bounded-qntYkO"}
# Subtest: committing an unchanged task produces a typed mechanical error
ok 269 - committing an unchanged task produces a typed mechanical error
  ---
  duration_ms: 1394.7507
  type: 'test'
  ...
# C5 CLI root: {"event":"created","path":"C:\\\\Users\\\\b_a_s\\\\AppData\\\\Local\\\\Temp\\\\aiboard-workspace-retries-LFdKHM"}
# Subtest: long run and task identifiers use bounded worktree and branch segments
ok 270 - long run and task identifiers use bounded worktree and branch segments
  ---
  duration_ms: 1026.604
  type: 'test'
  ...
# C5 CLI root: {"event":"created","path":"C:\\\\Users\\\\b_a_s\\\\AppData\\\\Local\\\\Temp\\\\aiboard-workspace-cleanup-rWLx0v"}
# Subtest: retries use fresh worktrees based on the current integration revision
ok 271 - retries use fresh worktrees based on the current integration revision
  ---
  duration_ms: 2034.7873
  type: 'test'
  ...
# C5 CLI root: {"event":"created","path":"C:\\\\Users\\\\b_a_s\\\\AppData\\\\Local\\\\Temp\\\\aiboard-workspace-root-race-oCXhJa"}
# Subtest: cleanup removes every owned task worktree and branch, prunes, and is idempotent
ok 272 - cleanup removes every owned task worktree and branch, prunes, and is idempotent
  ---
  duration_ms: 2338.7405
  type: 'test'
  ...
# C5 CLI root: {"event":"created","path":"C:\\\\Users\\\\b_a_s\\\\AppData\\\\Local\\\\Temp\\\\aiboard-workspace-empty-stale-FisoBI"}
# Subtest: cleanup preserves a file created immediately before workspace root removal
ok 273 - cleanup preserves a file created immediately before workspace root removal
  ---
  duration_ms: 1788.3303
  type: 'test'
  ...
# C5 CLI root: {"event":"created","path":"C:\\\\Users\\\\b_a_s\\\\AppData\\\\Local\\\\Temp\\\\aiboard-workspace-nonempty-stale-g1GTMe"}
# Subtest: cleanup removes an empty task directory after its stale worktree record was pruned
ok 274 - cleanup removes an empty task directory after its stale worktree record was pruned
  ---
  duration_ms: 1868.1636
  type: 'test'
  ...
# C5 CLI root: {"event":"created","path":"C:\\\\Users\\\\b_a_s\\\\AppData\\\\Local\\\\Temp\\\\aiboard-workspace-owner-w6xzvL"}
# Subtest: cleanup refuses a nonempty invalid task directory with a stale worktree record
ok 275 - cleanup refuses a nonempty invalid task directory with a stale worktree record
  ---
  duration_ms: 1435.6569
  type: 'test'
  ...
# C5 CLI root: {"event":"created","path":"C:\\\\Users\\\\b_a_s\\\\AppData\\\\Local\\\\Temp\\\\aiboard-workspace-associated-aadLbt"}
# Subtest: cleanup rejects a task worktree whose ownership no longer matches
ok 276 - cleanup rejects a task worktree whose ownership no longer matches
  ---
  duration_ms: 1680.8566
  type: 'test'
  ...
# Subtest: cleanup rejects a missing descriptor associated with another worktree path
ok 277 - cleanup rejects a missing descriptor associated with another worktree path
  ---
  duration_ms: 1392.2765
  type: 'test'
  ...
# C5 CLI root: {"event":"exit","path":"C:\\\\Users\\\\b_a_s\\\\AppData\\\\Local\\\\Temp\\\\aiboard-workspaces-Vhveiq","existsAtExit":false}
# C5 CLI root: {"event":"exit","path":"C:\\\\Users\\\\b_a_s\\\\AppData\\\\Local\\\\Temp\\\\aiboard-workspace-clean-FoWD9j","existsAtExit":false}
# C5 CLI root: {"event":"exit","path":"C:\\\\Users\\\\b_a_s\\\\AppData\\\\Local\\\\Temp\\\\aiboard-workspace-bounded-qntYkO","existsAtExit":false}
# C5 CLI root: {"event":"exit","path":"C:\\\\Users\\\\b_a_s\\\\AppData\\\\Local\\\\Temp\\\\aiboard-workspace-retries-LFdKHM","existsAtExit":false}
# C5 CLI root: {"event":"exit","path":"C:\\\\Users\\\\b_a_s\\\\AppData\\\\Local\\\\Temp\\\\aiboard-workspace-cleanup-rWLx0v","existsAtExit":false}
# C5 CLI root: {"event":"exit","path":"C:\\\\Users\\\\b_a_s\\\\AppData\\\\Local\\\\Temp\\\\aiboard-workspace-root-race-oCXhJa","existsAtExit":false}
# C5 CLI root: {"event":"exit","path":"C:\\\\Users\\\\b_a_s\\\\AppData\\\\Local\\\\Temp\\\\aiboard-workspace-empty-stale-FisoBI","existsAtExit":false}
# C5 CLI root: {"event":"exit","path":"C:\\\\Users\\\\b_a_s\\\\AppData\\\\Local\\\\Temp\\\\aiboard-workspace-nonempty-stale-g1GTMe","existsAtExit":false}
# C5 CLI root: {"event":"exit","path":"C:\\\\Users\\\\b_a_s\\\\AppData\\\\Local\\\\Temp\\\\aiboard-workspace-owner-w6xzvL","existsAtExit":false}
# C5 CLI root: {"event":"exit","path":"C:\\\\Users\\\\b_a_s\\\\AppData\\\\Local\\\\Temp\\\\aiboard-workspace-associated-aadLbt","existsAtExit":false}
1..277
# tests 282
# suites 0
# pass 279
# fail 3
# cancelled 0
# skipped 0
# todo 0
# duration_ms 1098834.3569
