TAP version 13
# C5 CLI root: {"event":"created","path":"C:\\\\Users\\\\b_a_s\\\\AppData\\\\Local\\\\Temp\\\\aiboard-change-set-contract-JKnoRu"}
# C5 CLI root: {"event":"created","path":"C:\\\\Users\\\\b_a_s\\\\AppData\\\\Local\\\\Temp\\\\aiboard-change-set-ownership-p2a9BN"}
# Subtest: change sets require exact current criterion evidence mappings
ok 1 - change sets require exact current criterion evidence mappings
  ---
  duration_ms: 1700.8321
  type: 'test'
  ...
# C5 CLI root: {"event":"created","path":"C:\\\\Users\\\\b_a_s\\\\AppData\\\\Local\\\\Temp\\\\aiboard-change-set-actor-ownership-XmB8Vs"}
# Subtest: criterion mappings reject evidence from another task or stale attempt
ok 2 - criterion mappings reject evidence from another task or stale attempt
  ---
  duration_ms: 1559.5132
  type: 'test'
  ...
# Subtest: criterion mappings bind evidence to the assigned worker or an attributed descendant
ok 3 - criterion mappings bind evidence to the assigned worker or an attributed descendant
  ---
  duration_ms: 1626.8635
  type: 'test'
  ...
# C5 CLI root: {"event":"exit","path":"C:\\\\Users\\\\b_a_s\\\\AppData\\\\Local\\\\Temp\\\\aiboard-change-set-contract-JKnoRu","existsAtExit":false}
# C5 CLI root: {"event":"exit","path":"C:\\\\Users\\\\b_a_s\\\\AppData\\\\Local\\\\Temp\\\\aiboard-change-set-ownership-p2a9BN","existsAtExit":false}
# C5 CLI root: {"event":"exit","path":"C:\\\\Users\\\\b_a_s\\\\AppData\\\\Local\\\\Temp\\\\aiboard-change-set-actor-ownership-XmB8Vs","existsAtExit":false}
# C5 CLI root: {"event":"created","path":"C:\\\\Users\\\\b_a_s\\\\AppData\\\\Local\\\\Temp\\\\runner-grant-ZMM0rp"}
# Subtest: issues a canonical opaque grant and consumes it for exactly its bound call
ok 4 - issues a canonical opaque grant and consumes it for exactly its bound call
  ---
  duration_ms: 9.3217
  type: 'test'
  ...
# C5 CLI root: {"event":"created","path":"C:\\\\Users\\\\b_a_s\\\\AppData\\\\Local\\\\Temp\\\\runner-grant-credentials-jbYjJL"}
# Subtest: retains only the bounded approved credential names in consumed claims
ok 5 - retains only the bounded approved credential names in consumed claims
  ---
  duration_ms: 2.051
  type: 'test'
  ...
# C5 CLI root: {"event":"created","path":"C:\\\\Users\\\\b_a_s\\\\AppData\\\\Local\\\\Temp\\\\runner-grant-credential-clone-JHtlQy"}
# Subtest: clones every public credential-name result instead of sharing authority-owned arrays
ok 6 - clones every public credential-name result instead of sharing authority-owned arrays
  ---
  duration_ms: 2.1822
  type: 'test'
  ...
# C5 CLI root: {"event":"created","path":"C:\\\\Users\\\\b_a_s\\\\AppData\\\\Local\\\\Temp\\\\runner-grant-current-Tgt8Ni"}
# Subtest: makes consumed claims unusable after the ToolBroker revokes their opaque grant
ok 7 - makes consumed claims unusable after the ToolBroker revokes their opaque grant
  ---
  duration_ms: 2.1111
  type: 'test'
  ...
# C5 CLI root: {"event":"created","path":"C:\\\\Users\\\\b_a_s\\\\AppData\\\\Local\\\\Temp\\\\runner-grant-expiry-owner-9NaKG5"}
# Subtest: observing expired consumed claims leaves exactly-once cleanup to ToolBroker revocation
ok 8 - observing expired consumed claims leaves exactly-once cleanup to ToolBroker revocation
  ---
  duration_ms: 1.8585
  type: 'test'
  ...
# C5 CLI root: {"event":"created","path":"C:\\\\Users\\\\b_a_s\\\\AppData\\\\Local\\\\Temp\\\\runner-grant-deny-lroEiU"}
# Subtest: denies forged, mismatched, escalated, expired, revoked, and restarted grants
ok 9 - denies forged, mismatched, escalated, expired, revoked, and restarted grants
  ---
  duration_ms: 6.6172
  type: 'test'
  ...
# C5 CLI root: {"event":"created","path":"C:\\\\Users\\\\b_a_s\\\\AppData\\\\Local\\\\Temp\\\\runner-grant-path-hcI7Lg"}
# Subtest: rejects access escalation and symbolic canonical roots before issuance
ok 10 - rejects access escalation and symbolic canonical roots before issuance
  ---
  duration_ms: 3.1803
  type: 'test'
  ...
# C5 CLI root: {"event":"created","path":"C:\\\\Users\\\\b_a_s\\\\AppData\\\\Local\\\\Temp\\\\runner-grant-race-xtoSHh"}
# Subtest: restart and cancellation close an asynchronous issuance barrier
ok 11 - restart and cancellation close an asynchronous issuance barrier
  ---
  duration_ms: 2.0355
  type: 'test'
  ...
# C5 CLI root: {"event":"exit","path":"C:\\\\Users\\\\b_a_s\\\\AppData\\\\Local\\\\Temp\\\\runner-grant-ZMM0rp","existsAtExit":false}
# C5 CLI root: {"event":"exit","path":"C:\\\\Users\\\\b_a_s\\\\AppData\\\\Local\\\\Temp\\\\runner-grant-credentials-jbYjJL","existsAtExit":false}
# C5 CLI root: {"event":"exit","path":"C:\\\\Users\\\\b_a_s\\\\AppData\\\\Local\\\\Temp\\\\runner-grant-credential-clone-JHtlQy","existsAtExit":false}
# C5 CLI root: {"event":"exit","path":"C:\\\\Users\\\\b_a_s\\\\AppData\\\\Local\\\\Temp\\\\runner-grant-current-Tgt8Ni","existsAtExit":false}
# C5 CLI root: {"event":"exit","path":"C:\\\\Users\\\\b_a_s\\\\AppData\\\\Local\\\\Temp\\\\runner-grant-expiry-owner-9NaKG5","existsAtExit":false}
# C5 CLI root: {"event":"exit","path":"C:\\\\Users\\\\b_a_s\\\\AppData\\\\Local\\\\Temp\\\\runner-grant-deny-lroEiU","existsAtExit":false}
# C5 CLI root: {"event":"exit","path":"C:\\\\Users\\\\b_a_s\\\\AppData\\\\Local\\\\Temp\\\\runner-grant-path-hcI7Lg","existsAtExit":false}
# C5 CLI root: {"event":"exit","path":"C:\\\\Users\\\\b_a_s\\\\AppData\\\\Local\\\\Temp\\\\runner-grant-race-xtoSHh","existsAtExit":false}
# C5 CLI root: {"event":"created","path":"C:\\\\Users\\\\b_a_s\\\\AppData\\\\Local\\\\Temp\\\\aiboard-task10-bootstrap-6ZoO2A"}
# C5 CLI root: {"event":"created","path":"C:\\\\Users\\\\b_a_s\\\\AppData\\\\Local\\\\Temp\\\\aiboard-task10-bootstrap-tHWlQK"}
# C5 CLI root: {"event":"created","path":"C:\\\\Users\\\\b_a_s\\\\AppData\\\\Local\\\\Temp\\\\aiboard-task10-bootstrap-b2GDVJ"}
# Subtest: bootstrap .gitignore symlink cannot mutate an outside object
ok 12 - bootstrap .gitignore symlink cannot mutate an outside object
  ---
  duration_ms: 53.0558
  type: 'test'
  ...
# Subtest: bootstrap .gitignore hardlink cannot mutate an outside object
ok 13 - bootstrap .gitignore hardlink cannot mutate an outside object
  ---
  duration_ms: 46.1687
  type: 'test'
  ...
# Subtest: bootstrap .gitignore refuses a stale prior read before creating Git metadata
ok 14 - bootstrap .gitignore refuses a stale prior read before creating Git metadata
  ---
  duration_ms: 55.942
  type: 'test'
  ...
# C5 CLI root: {"event":"exit","path":"C:\\\\Users\\\\b_a_s\\\\AppData\\\\Local\\\\Temp\\\\aiboard-task10-bootstrap-6ZoO2A","existsAtExit":false}
# C5 CLI root: {"event":"exit","path":"C:\\\\Users\\\\b_a_s\\\\AppData\\\\Local\\\\Temp\\\\aiboard-task10-bootstrap-tHWlQK","existsAtExit":false}
# C5 CLI root: {"event":"exit","path":"C:\\\\Users\\\\b_a_s\\\\AppData\\\\Local\\\\Temp\\\\aiboard-task10-bootstrap-b2GDVJ","existsAtExit":false}
# C5 CLI root: {"event":"created","path":"C:\\\\Users\\\\b_a_s\\\\AppData\\\\Local\\\\Temp\\\\aiboard-task10-fence-QwEX7M"}
# C5 CLI root: {"event":"created","path":"C:\\\\Users\\\\b_a_s\\\\AppData\\\\Local\\\\Temp\\\\aiboard-task10-fence-CQdhJm"}
# Subtest: filesystem fence: fs.write requires the caller's expected revision
ok 15 - filesystem fence: fs.write requires the caller's expected revision
  ---
  duration_ms: 23.1031
  type: 'test'
  ...
# C5 CLI root: {"event":"created","path":"C:\\\\Users\\\\b_a_s\\\\AppData\\\\Local\\\\Temp\\\\aiboard-task10-fence-FD4w9v"}
# Subtest: filesystem fence: fs.patch requires the caller's expected revision
ok 16 - filesystem fence: fs.patch requires the caller's expected revision
  ---
  duration_ms: 5.7087
  type: 'test'
  ...
# C5 CLI root: {"event":"created","path":"C:\\\\Users\\\\b_a_s\\\\AppData\\\\Local\\\\Temp\\\\aiboard-task10-fence-5nTB8R"}
# Subtest: filesystem fence: stale revision refuses replacement and supplies a current revision
ok 17 - filesystem fence: stale revision refuses replacement and supplies a current revision
  ---
  duration_ms: 7.4484
  type: 'test'
  ...
# C5 CLI root: {"event":"created","path":"C:\\\\Users\\\\b_a_s\\\\AppData\\\\Local\\\\Temp\\\\aiboard-task10-fence-d3Lzy1"}
# Subtest: filesystem fence: an authorization-time create race cannot become replacement
ok 18 - filesystem fence: an authorization-time create race cannot become replacement
  ---
  duration_ms: 8.0849
  type: 'test'
  ...
# C5 CLI root: {"event":"created","path":"C:\\\\Users\\\\b_a_s\\\\AppData\\\\Local\\\\Temp\\\\aiboard-task10-fence-3yRKsC"}
# Subtest: filesystem fence: publication is create-if-absent even after the final absence check
ok 19 - filesystem fence: publication is create-if-absent even after the final absence check
  ---
  duration_ms: 31.8571
  type: 'test'
  ...
# C5 CLI root: {"event":"created","path":"C:\\\\Users\\\\b_a_s\\\\AppData\\\\Local\\\\Temp\\\\aiboard-task10-fence-aZXAhD"}
# C5 CLI root: {"event":"created","path":"C:\\\\Users\\\\b_a_s\\\\AppData\\\\Local\\\\Temp\\\\aiboard-task10-fence-Q8GNou"}
# C5 CLI root: {"event":"created","path":"C:\\\\Users\\\\b_a_s\\\\AppData\\\\Local\\\\Temp\\\\aiboard-task10-fence-OB15Vm"}
# Subtest: filesystem fence: parent replacement cannot redirect an approved write
ok 20 - filesystem fence: parent replacement cannot redirect an approved write
  ---
  duration_ms: 8.4028
  type: 'test'
  ...
# Subtest: filesystem fence: target symbolic links are refused before replacement
ok 21 - filesystem fence: target symbolic links are refused before replacement
  ---
  duration_ms: 4.2431
  type: 'test'
  ...
# Subtest: filesystem fence: directory junction or reparse alias cannot redirect a write
ok 22 - filesystem fence: directory junction or reparse alias cannot redirect a write
  ---
  duration_ms: 3.9805
  type: 'test'
  ...
# C5 CLI root: {"event":"created","path":"C:\\\\Users\\\\b_a_s\\\\AppData\\\\Local\\\\Temp\\\\aiboard-task10-fence-79ywpC"}
# C5 CLI root: {"event":"created","path":"C:\\\\Users\\\\b_a_s\\\\AppData\\\\Local\\\\Temp\\\\aiboard-task10-fence-jnnIUa"}
# Subtest: filesystem fence: retargeting an authorized parent to a junction is refused
ok 23 - filesystem fence: retargeting an authorized parent to a junction is refused
  ---
  duration_ms: 8.0834
  type: 'test'
  ...
# Subtest: filesystem fence: outside hard links are refused rather than claiming confinement
ok 24 - filesystem fence: outside hard links are refused rather than claiming confinement
  ---
  duration_ms: 4.1473
  type: 'test'
  ...
# C5 CLI root: {"event":"created","path":"C:\\\\Users\\\\b_a_s\\\\AppData\\\\Local\\\\Temp\\\\aiboard-task10-fence-5YpWua"}
# Subtest: filesystem fence: move destination must not overwrite an existing file
ok 25 - filesystem fence: move destination must not overwrite an existing file
  ---
  duration_ms: 9.9952
  type: 'test'
  ...
# C5 CLI root: {"event":"created","path":"C:\\\\Users\\\\b_a_s\\\\AppData\\\\Local\\\\Temp\\\\aiboard-task10-fence-pbMnPu"}
# Subtest: filesystem fence: move source substitution is refused
ok 26 - filesystem fence: move source substitution is refused
  ---
  duration_ms: 10.9186
  type: 'test'
  ...
# C5 CLI root: {"event":"created","path":"C:\\\\Users\\\\b_a_s\\\\AppData\\\\Local\\\\Temp\\\\aiboard-task10-fence-AJZgsM"}
# Subtest: filesystem fence: move destination substitution is refused
ok 27 - filesystem fence: move destination substitution is refused
  ---
  duration_ms: 9.8617
  type: 'test'
  ...
# C5 CLI root: {"event":"created","path":"C:\\\\Users\\\\b_a_s\\\\AppData\\\\Local\\\\Temp\\\\aiboard-task10-fence-940q9e"}
# Subtest: filesystem fence: delete identity substitution is refused
ok 28 - filesystem fence: delete identity substitution is refused
  ---
  duration_ms: 8.9873
  type: 'test'
  ...
# C5 CLI root: {"event":"created","path":"C:\\\\Users\\\\b_a_s\\\\AppData\\\\Local\\\\Temp\\\\aiboard-task10-fence-Xtmc3i"}
# Subtest: filesystem fence: delete symlink substitution is refused
ok 29 - filesystem fence: delete symlink substitution is refused
  ---
  duration_ms: 8.2583
  type: 'test'
  ...
# C5 CLI root: {"event":"created","path":"C:\\\\Users\\\\b_a_s\\\\AppData\\\\Local\\\\Temp\\\\aiboard-task10-fence-ewYhSg"}
# Subtest: filesystem fence: the same call cannot reserve or perform a second filesystem mutation
ok 30 - filesystem fence: the same call cannot reserve or perform a second filesystem mutation
  ---
  duration_ms: 33.536
  type: 'test'
  ...
# C5 CLI root: {"event":"created","path":"C:\\\\Users\\\\b_a_s\\\\AppData\\\\Local\\\\Temp\\\\aiboard-task10-fence-ohKe8y"}
# Subtest: filesystem fence: revocation at the last mile prevents writes
ok 31 - filesystem fence: revocation at the last mile prevents writes
  ---
  duration_ms: 5.3225
  type: 'test'
  ...
# C5 CLI root: {"event":"created","path":"C:\\\\Users\\\\b_a_s\\\\AppData\\\\Local\\\\Temp\\\\aiboard-task10-fence-a9bweV"}
# Subtest: filesystem fence: controlled external writer proves replacement is not atomic CAS
ok 32 - filesystem fence: controlled external writer proves replacement is not atomic CAS
  ---
  duration_ms: 81.6498
  type: 'test'
  ...
# C5 CLI root: {"event":"created","path":"C:\\\\Users\\\\b_a_s\\\\AppData\\\\Local\\\\Temp\\\\aiboard-task10-fence-6QPQP8"}
# Subtest: filesystem fence: ordinary create, revision replacement, patch, directory move and recursive delete work
ok 33 - filesystem fence: ordinary create, revision replacement, patch, directory move and recursive delete work
  ---
  duration_ms: 123.0838
  type: 'test'
  ...
# C5 CLI root: {"event":"created","path":"C:\\\\Users\\\\b_a_s\\\\AppData\\\\Local\\\\Temp\\\\aiboard-task10-fence-NODQC9"}
# Subtest: filesystem fence: a permit cannot change its run after authorization
ok 34 - filesystem fence: a permit cannot change its run after authorization
  ---
  duration_ms: 4.1724
  type: 'test'
  ...
# C5 CLI root: {"event":"created","path":"C:\\\\Users\\\\b_a_s\\\\AppData\\\\Local\\\\Temp\\\\aiboard-task10-fence-9OK1KE"}
# Subtest: filesystem fence: a permit cannot change its session after authorization
ok 35 - filesystem fence: a permit cannot change its session after authorization
  ---
  duration_ms: 4.5901
  type: 'test'
  ...
# C5 CLI root: {"event":"created","path":"C:\\\\Users\\\\b_a_s\\\\AppData\\\\Local\\\\Temp\\\\aiboard-task10-fence-Vexaaa"}
# Subtest: filesystem fence: a permit cannot change its actor after authorization
ok 36 - filesystem fence: a permit cannot change its actor after authorization
  ---
  duration_ms: 4.915
  type: 'test'
  ...
# C5 CLI root: {"event":"created","path":"C:\\\\Users\\\\b_a_s\\\\AppData\\\\Local\\\\Temp\\\\aiboard-task10-fence-QnALwg"}
# Subtest: filesystem fence: a permit cannot change its call after authorization
ok 37 - filesystem fence: a permit cannot change its call after authorization
  ---
  duration_ms: 4.4571
  type: 'test'
  ...
# C5 CLI root: {"event":"created","path":"C:\\\\Users\\\\b_a_s\\\\AppData\\\\Local\\\\Temp\\\\aiboard-task10-fence-Tba70v"}
# Subtest: filesystem fence: a permit cannot change its tool after authorization
ok 38 - filesystem fence: a permit cannot change its tool after authorization
  ---
  duration_ms: 4.818
  type: 'test'
  ...
# C5 CLI root: {"event":"created","path":"C:\\\\Users\\\\b_a_s\\\\AppData\\\\Local\\\\Temp\\\\aiboard-task10-fence-wiFyc6"}
# Subtest: filesystem fence: a permit cannot change its grant after authorization
ok 39 - filesystem fence: a permit cannot change its grant after authorization
  ---
  duration_ms: 3.882
  type: 'test'
  ...
# C5 CLI root: {"event":"created","path":"C:\\\\Users\\\\b_a_s\\\\AppData\\\\Local\\\\Temp\\\\aiboard-task10-fence-M6Z85R"}
# Subtest: filesystem fence: a permit cannot change its case-only path after authorization
ok 40 - filesystem fence: a permit cannot change its case-only path after authorization
  ---
  duration_ms: 4.2296
  type: 'test'
  ...
# C5 CLI root: {"event":"created","path":"C:\\\\Users\\\\b_a_s\\\\AppData\\\\Local\\\\Temp\\\\aiboard-task10-fence-5znjcG"}
# Subtest: filesystem fence: a new-file parent retarget cannot redirect create publication
ok 41 - filesystem fence: a new-file parent retarget cannot redirect create publication
  ---
  duration_ms: 6.6464
  type: 'test'
  ...
# C5 CLI root: {"event":"created","path":"C:\\\\Users\\\\b_a_s\\\\AppData\\\\Local\\\\Temp\\\\aiboard-task10-fence-z701dc"}
# Subtest: filesystem fence: fs.write rechecks revision after staging immediately before publication
ok 42 - filesystem fence: fs.write rechecks revision after staging immediately before publication
  ---
  duration_ms: 19.5369
  type: 'test'
  ...
# C5 CLI root: {"event":"created","path":"C:\\\\Users\\\\b_a_s\\\\AppData\\\\Local\\\\Temp\\\\aiboard-task10-fence-L4RZ1L"}
# Subtest: filesystem fence: fs.patch rechecks revision after staging immediately before publication
ok 43 - filesystem fence: fs.patch rechecks revision after staging immediately before publication
  ---
  duration_ms: 19.3414
  type: 'test'
  ...
# C5 CLI root: {"event":"created","path":"C:\\\\Users\\\\b_a_s\\\\AppData\\\\Local\\\\Temp\\\\aiboard-task10-fence-9vXx9J"}
# Subtest: filesystem fence: revocation after staging refuses publication and cleans its owned temporary
ok 44 - filesystem fence: revocation after staging refuses publication and cleans its owned temporary
  ---
  duration_ms: 21.3209
  type: 'test'
  ...
# C5 CLI root: {"event":"created","path":"C:\\\\Users\\\\b_a_s\\\\AppData\\\\Local\\\\Temp\\\\aiboard-task10-fence-yhLyry"}
# Subtest: filesystem fence: move destination publication cannot overwrite a late race winner
ok 45 - filesystem fence: move destination publication cannot overwrite a late race winner
  ---
  duration_ms: 21.5973
  type: 'test'
  ...
# C5 CLI root: {"event":"created","path":"C:\\\\Users\\\\b_a_s\\\\AppData\\\\Local\\\\Temp\\\\aiboard-task10-fence-lFEa8Z"}
# Subtest: filesystem fence: a source substitution at the move syscall is detected before unlink and reports partial effects
ok 46 - filesystem fence: a source substitution at the move syscall is detected before unlink and reports partial effects
  ---
  duration_ms: 22.9351
  type: 'test'
  ...
# C5 CLI root: {"event":"created","path":"C:\\\\Users\\\\b_a_s\\\\AppData\\\\Local\\\\Temp\\\\aiboard-task10-fence-GT7eKI"}
# Subtest: filesystem fence: fs.move refuses changed recursive directory membership before any effect
ok 47 - filesystem fence: fs.move refuses changed recursive directory membership before any effect
  ---
  duration_ms: 10.8487
  type: 'test'
  ...
# C5 CLI root: {"event":"created","path":"C:\\\\Users\\\\b_a_s\\\\AppData\\\\Local\\\\Temp\\\\aiboard-task10-fence-tUruN4"}
# Subtest: filesystem fence: fs.delete refuses changed recursive directory membership before any effect
ok 48 - filesystem fence: fs.delete refuses changed recursive directory membership before any effect
  ---
  duration_ms: 8.6589
  type: 'test'
  ...
# C5 CLI root: {"event":"created","path":"C:\\\\Users\\\\b_a_s\\\\AppData\\\\Local\\\\Temp\\\\aiboard-task10-fence-9IKcE5"}
# C5 CLI root: {"event":"created","path":"C:\\\\Users\\\\b_a_s\\\\AppData\\\\Local\\\\Temp\\\\aiboard-task10-fence-Q94S6s"}
# Subtest: filesystem fence: delete requires the original grant's destructive approval
ok 49 - filesystem fence: delete requires the original grant's destructive approval
  ---
  duration_ms: 5.8248
  type: 'test'
  ...
# Subtest: filesystem fence: a configured workspace junction cannot bypass the original grant root policy
ok 50 - filesystem fence: a configured workspace junction cannot bypass the original grant root policy
  ---
  duration_ms: 2.5555
  type: 'test'
  ...
# C5 CLI root: {"event":"created","path":"C:\\\\Users\\\\b_a_s\\\\AppData\\\\Local\\\\Temp\\\\aiboard-task10-fence-JZlTKt"}
# Subtest: filesystem fence: unprovable staging identity returns an explicit retained-resource failure
ok 51 - filesystem fence: unprovable staging identity returns an explicit retained-resource failure
  ---
  duration_ms: 15.6606
  type: 'test'
  ...
# C5 CLI root: {"event":"created","path":"C:\\\\Users\\\\b_a_s\\\\AppData\\\\Local\\\\Temp\\\\aiboard-task10-fence-sdP0FQ"}
# C5 CLI root: {"event":"created","path":"C:\\\\Users\\\\b_a_s\\\\AppData\\\\Local\\\\Temp\\\\aiboard-task10-fence-vS9Wjv"}
# Subtest: filesystem fence: POSIX identity contract does not treat ctime fallback as immutable creation time
ok 52 - filesystem fence: POSIX identity contract does not treat ctime fallback as immutable creation time
  ---
  duration_ms: 36.7492
  type: 'test'
  ...
# Subtest: filesystem fence: recursive capture has a typed depth bound before mutation
ok 53 - filesystem fence: recursive capture has a typed depth bound before mutation
  ---
  duration_ms: 315.55
  type: 'test'
  ...
# C5 CLI root: {"event":"created","path":"C:\\\\Users\\\\b_a_s\\\\AppData\\\\Local\\\\Temp\\\\aiboard-task10-fence-VgVKiy"}
# Subtest: filesystem fence: Windows open destination causes a typed refusal without losing the file
ok 54 - filesystem fence: Windows open destination causes a typed refusal without losing the file
  ---
  duration_ms: 30.9883
  type: 'test'
  ...
# C5 CLI root: {"event":"created","path":"C:\\\\Users\\\\b_a_s\\\\AppData\\\\Local\\\\Temp\\\\aiboard-task10-fence-Gg5GOc"}
# Subtest: filesystem fence: an unobserved entry after recursive preflight survives the removal syscall
ok 55 - filesystem fence: an unobserved entry after recursive preflight survives the removal syscall
  ---
  duration_ms: 14.1726
  type: 'test'
  ...
# C5 CLI root: {"event":"created","path":"C:\\\\Users\\\\b_a_s\\\\AppData\\\\Local\\\\Temp\\\\aiboard-task10-fence-XiquQB"}
# Subtest: filesystem fence: POSIX distinct birthtime still detects a generation change
ok 56 - filesystem fence: POSIX distinct birthtime still detects a generation change
  ---
  duration_ms: 9.4879
  type: 'test'
  ...
# C5 CLI root: {"event":"created","path":"C:\\\\Users\\\\b_a_s\\\\AppData\\\\Local\\\\Temp\\\\aiboard-task10-fence-HM2uMf"}
# Subtest: filesystem fence: fs.write refuses a hard link introduced after authorization
ok 57 - filesystem fence: fs.write refuses a hard link introduced after authorization
  ---
  duration_ms: 7.9979
  type: 'test'
  ...
# C5 CLI root: {"event":"created","path":"C:\\\\Users\\\\b_a_s\\\\AppData\\\\Local\\\\Temp\\\\aiboard-task10-fence-DNYpP7"}
# Subtest: filesystem fence: fs.move refuses a hard link introduced after authorization
ok 58 - filesystem fence: fs.move refuses a hard link introduced after authorization
  ---
  duration_ms: 13.0201
  type: 'test'
  ...
# C5 CLI root: {"event":"created","path":"C:\\\\Users\\\\b_a_s\\\\AppData\\\\Local\\\\Temp\\\\aiboard-task10-fence-1ecejl"}
# Subtest: filesystem fence: fs.delete refuses a hard link introduced after authorization
ok 59 - filesystem fence: fs.delete refuses a hard link introduced after authorization
  ---
  duration_ms: 9.9388
  type: 'test'
  ...
# C5 CLI root: {"event":"created","path":"C:\\\\Users\\\\b_a_s\\\\AppData\\\\Local\\\\Temp\\\\aiboard-task10-fence-T17Nb6"}
# Subtest: filesystem fence: consuming diagnostics authority prevents a subsequent filesystem effect
ok 60 - filesystem fence: consuming diagnostics authority prevents a subsequent filesystem effect
  ---
  duration_ms: 5.2503
  type: 'test'
  ...
# C5 CLI root: {"event":"created","path":"C:\\\\Users\\\\b_a_s\\\\AppData\\\\Local\\\\Temp\\\\aiboard-task10-fence-tKXMSV"}
# Subtest: filesystem fence: project policy preserves logical move approval and denies unapproved outside writes
ok 61 - filesystem fence: project policy preserves logical move approval and denies unapproved outside writes
  ---
  duration_ms: 38.7301
  type: 'test'
  ...
# C5 CLI root: {"event":"created","path":"C:\\\\Users\\\\b_a_s\\\\AppData\\\\Local\\\\Temp\\\\aiboard-task10-fence-VmizkA"}
# C5 CLI root: {"event":"created","path":"C:\\\\Users\\\\b_a_s\\\\AppData\\\\Local\\\\Temp\\\\aiboard-task10-fence-frTB1b"}
# Subtest: filesystem fence: OS refusal is durably completed and replayed rather than left in doubt
ok 62 - filesystem fence: OS refusal is durably completed and replayed rather than left in doubt
  ---
  duration_ms: 52.9664
  type: 'test'
  ...
# Subtest: filesystem fence: Windows device, alternate stream and ambiguous names are refused
ok 63 - filesystem fence: Windows device, alternate stream and ambiguous names are refused
  ---
  duration_ms: 2.3846
  type: 'test'
  ...
# C5 CLI root: {"event":"created","path":"C:\\\\Users\\\\b_a_s\\\\AppData\\\\Local\\\\Temp\\\\aiboard-task10-fence-eiLMZw"}
# Subtest: filesystem fence: review2: create link refusal EPERM is actionable and cleans staging
ok 64 - filesystem fence: review2: create link refusal EPERM is actionable and cleans staging
  ---
  duration_ms: 27.0477
  type: 'test'
  ...
# C5 CLI root: {"event":"created","path":"C:\\\\Users\\\\b_a_s\\\\AppData\\\\Local\\\\Temp\\\\aiboard-task10-fence-vOKPRv"}
# Subtest: filesystem fence: review2: create link refusal EACCES is actionable and cleans staging
ok 65 - filesystem fence: review2: create link refusal EACCES is actionable and cleans staging
  ---
  duration_ms: 39.3831
  type: 'test'
  ...
# C5 CLI root: {"event":"created","path":"C:\\\\Users\\\\b_a_s\\\\AppData\\\\Local\\\\Temp\\\\aiboard-task10-fence-eTW56D"}
# C5 CLI root: {"event":"created","path":"C:\\\\Users\\\\b_a_s\\\\AppData\\\\Local\\\\Temp\\\\aiboard-task10-fence-Jg8wdj"}
# Subtest: filesystem fence: review2: create link refusal EMLINK is actionable and cleans staging
ok 66 - filesystem fence: review2: create link refusal EMLINK is actionable and cleans staging
  ---
  duration_ms: 25.0147
  type: 'test'
  ...
# Subtest: filesystem fence: review2: POSIX canonical spelling refusal supplies the exact retry path without broadening authority
ok 67 - filesystem fence: review2: POSIX canonical spelling refusal supplies the exact retry path without broadening authority
  ---
  duration_ms: 5.1647
  type: 'test'
  ...
# C5 CLI root: {"event":"created","path":"C:\\\\Users\\\\b_a_s\\\\AppData\\\\Local\\\\Temp\\\\aiboard-task10-fence-FcXlZr"}
# Subtest: filesystem fence: review2: POSIX catches a same-object writer after the final revision read
ok 68 - filesystem fence: review2: POSIX catches a same-object writer after the final revision read
  ---
  duration_ms: 28.3938
  type: 'test'
  ...
# C5 CLI root: {"event":"created","path":"C:\\\\Users\\\\b_a_s\\\\AppData\\\\Local\\\\Temp\\\\aiboard-task10-fence-P5QWeB"}
# Subtest: filesystem fence: review2: POSIX positioned rehash and handle cleanup contract (0 bytes)
ok 69 - filesystem fence: review2: POSIX positioned rehash and handle cleanup contract (0 bytes)
  ---
  duration_ms: 26.7573
  type: 'test'
  ...
# C5 CLI root: {"event":"created","path":"C:\\\\Users\\\\b_a_s\\\\AppData\\\\Local\\\\Temp\\\\aiboard-task10-fence-NUZnIl"}
# Subtest: filesystem fence: review2: POSIX positioned rehash and handle cleanup contract (131073 bytes)
ok 70 - filesystem fence: review2: POSIX positioned rehash and handle cleanup contract (131073 bytes)
  ---
  duration_ms: 31.2309
  type: 'test'
  ...
# C5 CLI root: {"event":"created","path":"C:\\\\Users\\\\b_a_s\\\\AppData\\\\Local\\\\Temp\\\\aiboard-task10-fence-vjNPAd"}
# Subtest: filesystem fence: review2: missing intermediate parent needs explicit createDirectories
ok 71 - filesystem fence: review2: missing intermediate parent needs explicit createDirectories
  ---
  duration_ms: 14.6498
  type: 'test'
  ...
# C5 CLI root: {"event":"created","path":"C:\\\\Users\\\\b_a_s\\\\AppData\\\\Local\\\\Temp\\\\aiboard-task10-fence-HyjVi4"}
# Subtest: filesystem fence: review2: mkdir race never takes over the winning directory
ok 72 - filesystem fence: review2: mkdir race never takes over the winning directory
  ---
  duration_ms: 18.5614
  type: 'test'
  ...
# C5 CLI root: {"event":"created","path":"C:\\\\Users\\\\b_a_s\\\\AppData\\\\Local\\\\Temp\\\\aiboard-task10-fence-LmphFa"}
# Subtest: filesystem fence: review2: cross-device move refuses without copying or deleting the source
ok 73 - filesystem fence: review2: cross-device move refuses without copying or deleting the source
  ---
  duration_ms: 22.7614
  type: 'test'
  ...
# C5 CLI root: {"event":"created","path":"C:\\\\Users\\\\b_a_s\\\\AppData\\\\Local\\\\Temp\\\\aiboard-task10-fence-wapx6x"}
# Subtest: filesystem fence: review3: create refuses staged-byte tampering at flush
ok 74 - filesystem fence: review3: create refuses staged-byte tampering at flush
  ---
  duration_ms: 26.0096
  type: 'test'
  ...
# C5 CLI root: {"event":"created","path":"C:\\\\Users\\\\b_a_s\\\\AppData\\\\Local\\\\Temp\\\\aiboard-task10-fence-EE2VIr"}
# Subtest: filesystem fence: review3: create refuses staged-byte tampering at publication
ok 75 - filesystem fence: review3: create refuses staged-byte tampering at publication
  ---
  duration_ms: 28.3509
  type: 'test'
  ...
# C5 CLI root: {"event":"created","path":"C:\\\\Users\\\\b_a_s\\\\AppData\\\\Local\\\\Temp\\\\aiboard-task10-fence-UbG0P1"}
# Subtest: filesystem fence: review3: replace refuses staged-byte tampering at flush
ok 76 - filesystem fence: review3: replace refuses staged-byte tampering at flush
  ---
  duration_ms: 19.439
  type: 'test'
  ...
# Subtest: filesystem fence: review3: replace refuses staged-byte tampering at publication
ok 77 - filesystem fence: review3: replace refuses staged-byte tampering at publication
  ---
  duration_ms: 30.0925
  type: 'test'
  ...
# C5 CLI root: {"event":"exit","path":"C:\\\\Users\\\\b_a_s\\\\AppData\\\\Local\\\\Temp\\\\aiboard-task10-fence-QwEX7M","existsAtExit":false}
# C5 CLI root: {"event":"exit","path":"C:\\\\Users\\\\b_a_s\\\\AppData\\\\Local\\\\Temp\\\\aiboard-task10-fence-CQdhJm","existsAtExit":false}
# C5 CLI root: {"event":"exit","path":"C:\\\\Users\\\\b_a_s\\\\AppData\\\\Local\\\\Temp\\\\aiboard-task10-fence-FD4w9v","existsAtExit":false}
# C5 CLI root: {"event":"exit","path":"C:\\\\Users\\\\b_a_s\\\\AppData\\\\Local\\\\Temp\\\\aiboard-task10-fence-5nTB8R","existsAtExit":false}
# C5 CLI root: {"event":"exit","path":"C:\\\\Users\\\\b_a_s\\\\AppData\\\\Local\\\\Temp\\\\aiboard-task10-fence-d3Lzy1","existsAtExit":false}
# C5 CLI root: {"event":"exit","path":"C:\\\\Users\\\\b_a_s\\\\AppData\\\\Local\\\\Temp\\\\aiboard-task10-fence-3yRKsC","existsAtExit":false}
# C5 CLI root: {"event":"exit","path":"C:\\\\Users\\\\b_a_s\\\\AppData\\\\Local\\\\Temp\\\\aiboard-task10-fence-aZXAhD","existsAtExit":false}
# C5 CLI root: {"event":"exit","path":"C:\\\\Users\\\\b_a_s\\\\AppData\\\\Local\\\\Temp\\\\aiboard-task10-fence-Q8GNou","existsAtExit":false}
# C5 CLI root: {"event":"exit","path":"C:\\\\Users\\\\b_a_s\\\\AppData\\\\Local\\\\Temp\\\\aiboard-task10-fence-OB15Vm","existsAtExit":false}
# C5 CLI root: {"event":"exit","path":"C:\\\\Users\\\\b_a_s\\\\AppData\\\\Local\\\\Temp\\\\aiboard-task10-fence-79ywpC","existsAtExit":false}
# C5 CLI root: {"event":"exit","path":"C:\\\\Users\\\\b_a_s\\\\AppData\\\\Local\\\\Temp\\\\aiboard-task10-fence-jnnIUa","existsAtExit":false}
# C5 CLI root: {"event":"exit","path":"C:\\\\Users\\\\b_a_s\\\\AppData\\\\Local\\\\Temp\\\\aiboard-task10-fence-5YpWua","existsAtExit":false}
# C5 CLI root: {"event":"exit","path":"C:\\\\Users\\\\b_a_s\\\\AppData\\\\Local\\\\Temp\\\\aiboard-task10-fence-pbMnPu","existsAtExit":false}
# C5 CLI root: {"event":"exit","path":"C:\\\\Users\\\\b_a_s\\\\AppData\\\\Local\\\\Temp\\\\aiboard-task10-fence-AJZgsM","existsAtExit":false}
# C5 CLI root: {"event":"exit","path":"C:\\\\Users\\\\b_a_s\\\\AppData\\\\Local\\\\Temp\\\\aiboard-task10-fence-940q9e","existsAtExit":false}
# C5 CLI root: {"event":"exit","path":"C:\\\\Users\\\\b_a_s\\\\AppData\\\\Local\\\\Temp\\\\aiboard-task10-fence-Xtmc3i","existsAtExit":false}
# C5 CLI root: {"event":"exit","path":"C:\\\\Users\\\\b_a_s\\\\AppData\\\\Local\\\\Temp\\\\aiboard-task10-fence-ewYhSg","existsAtExit":false}
# C5 CLI root: {"event":"exit","path":"C:\\\\Users\\\\b_a_s\\\\AppData\\\\Local\\\\Temp\\\\aiboard-task10-fence-ohKe8y","existsAtExit":false}
# C5 CLI root: {"event":"exit","path":"C:\\\\Users\\\\b_a_s\\\\AppData\\\\Local\\\\Temp\\\\aiboard-task10-fence-a9bweV","existsAtExit":false}
# C5 CLI root: {"event":"exit","path":"C:\\\\Users\\\\b_a_s\\\\AppData\\\\Local\\\\Temp\\\\aiboard-task10-fence-6QPQP8","existsAtExit":false}
# C5 CLI root: {"event":"exit","path":"C:\\\\Users\\\\b_a_s\\\\AppData\\\\Local\\\\Temp\\\\aiboard-task10-fence-NODQC9","existsAtExit":false}
# C5 CLI root: {"event":"exit","path":"C:\\\\Users\\\\b_a_s\\\\AppData\\\\Local\\\\Temp\\\\aiboard-task10-fence-9OK1KE","existsAtExit":false}
# C5 CLI root: {"event":"exit","path":"C:\\\\Users\\\\b_a_s\\\\AppData\\\\Local\\\\Temp\\\\aiboard-task10-fence-Vexaaa","existsAtExit":false}
# C5 CLI root: {"event":"exit","path":"C:\\\\Users\\\\b_a_s\\\\AppData\\\\Local\\\\Temp\\\\aiboard-task10-fence-QnALwg","existsAtExit":false}
# C5 CLI root: {"event":"exit","path":"C:\\\\Users\\\\b_a_s\\\\AppData\\\\Local\\\\Temp\\\\aiboard-task10-fence-Tba70v","existsAtExit":false}
# C5 CLI root: {"event":"exit","path":"C:\\\\Users\\\\b_a_s\\\\AppData\\\\Local\\\\Temp\\\\aiboard-task10-fence-wiFyc6","existsAtExit":false}
# C5 CLI root: {"event":"exit","path":"C:\\\\Users\\\\b_a_s\\\\AppData\\\\Local\\\\Temp\\\\aiboard-task10-fence-M6Z85R","existsAtExit":false}
# C5 CLI root: {"event":"exit","path":"C:\\\\Users\\\\b_a_s\\\\AppData\\\\Local\\\\Temp\\\\aiboard-task10-fence-5znjcG","existsAtExit":false}
# C5 CLI root: {"event":"exit","path":"C:\\\\Users\\\\b_a_s\\\\AppData\\\\Local\\\\Temp\\\\aiboard-task10-fence-z701dc","existsAtExit":false}
# C5 CLI root: {"event":"exit","path":"C:\\\\Users\\\\b_a_s\\\\AppData\\\\Local\\\\Temp\\\\aiboard-task10-fence-L4RZ1L","existsAtExit":false}
# C5 CLI root: {"event":"exit","path":"C:\\\\Users\\\\b_a_s\\\\AppData\\\\Local\\\\Temp\\\\aiboard-task10-fence-9vXx9J","existsAtExit":false}
# C5 CLI root: {"event":"exit","path":"C:\\\\Users\\\\b_a_s\\\\AppData\\\\Local\\\\Temp\\\\aiboard-task10-fence-yhLyry","existsAtExit":false}
# C5 CLI root: {"event":"exit","path":"C:\\\\Users\\\\b_a_s\\\\AppData\\\\Local\\\\Temp\\\\aiboard-task10-fence-lFEa8Z","existsAtExit":false}
# C5 CLI root: {"event":"exit","path":"C:\\\\Users\\\\b_a_s\\\\AppData\\\\Local\\\\Temp\\\\aiboard-task10-fence-GT7eKI","existsAtExit":false}
# C5 CLI root: {"event":"exit","path":"C:\\\\Users\\\\b_a_s\\\\AppData\\\\Local\\\\Temp\\\\aiboard-task10-fence-tUruN4","existsAtExit":false}
# C5 CLI root: {"event":"exit","path":"C:\\\\Users\\\\b_a_s\\\\AppData\\\\Local\\\\Temp\\\\aiboard-task10-fence-9IKcE5","existsAtExit":false}
# C5 CLI root: {"event":"exit","path":"C:\\\\Users\\\\b_a_s\\\\AppData\\\\Local\\\\Temp\\\\aiboard-task10-fence-Q94S6s","existsAtExit":false}
# C5 CLI root: {"event":"exit","path":"C:\\\\Users\\\\b_a_s\\\\AppData\\\\Local\\\\Temp\\\\aiboard-task10-fence-JZlTKt","existsAtExit":false}
# C5 CLI root: {"event":"exit","path":"C:\\\\Users\\\\b_a_s\\\\AppData\\\\Local\\\\Temp\\\\aiboard-task10-fence-sdP0FQ","existsAtExit":false}
# C5 CLI root: {"event":"exit","path":"C:\\\\Users\\\\b_a_s\\\\AppData\\\\Local\\\\Temp\\\\aiboard-task10-fence-vS9Wjv","existsAtExit":false}
# C5 CLI root: {"event":"exit","path":"C:\\\\Users\\\\b_a_s\\\\AppData\\\\Local\\\\Temp\\\\aiboard-task10-fence-VgVKiy","existsAtExit":false}
# C5 CLI root: {"event":"exit","path":"C:\\\\Users\\\\b_a_s\\\\AppData\\\\Local\\\\Temp\\\\aiboard-task10-fence-Gg5GOc","existsAtExit":false}
# C5 CLI root: {"event":"exit","path":"C:\\\\Users\\\\b_a_s\\\\AppData\\\\Local\\\\Temp\\\\aiboard-task10-fence-XiquQB","existsAtExit":false}
# C5 CLI root: {"event":"exit","path":"C:\\\\Users\\\\b_a_s\\\\AppData\\\\Local\\\\Temp\\\\aiboard-task10-fence-HM2uMf","existsAtExit":false}
# C5 CLI root: {"event":"exit","path":"C:\\\\Users\\\\b_a_s\\\\AppData\\\\Local\\\\Temp\\\\aiboard-task10-fence-DNYpP7","existsAtExit":false}
# C5 CLI root: {"event":"exit","path":"C:\\\\Users\\\\b_a_s\\\\AppData\\\\Local\\\\Temp\\\\aiboard-task10-fence-1ecejl","existsAtExit":false}
# C5 CLI root: {"event":"exit","path":"C:\\\\Users\\\\b_a_s\\\\AppData\\\\Local\\\\Temp\\\\aiboard-task10-fence-T17Nb6","existsAtExit":false}
# C5 CLI root: {"event":"exit","path":"C:\\\\Users\\\\b_a_s\\\\AppData\\\\Local\\\\Temp\\\\aiboard-task10-fence-tKXMSV","existsAtExit":false}
# C5 CLI root: {"event":"exit","path":"C:\\\\Users\\\\b_a_s\\\\AppData\\\\Local\\\\Temp\\\\aiboard-task10-fence-VmizkA","existsAtExit":false}
# C5 CLI root: {"event":"exit","path":"C:\\\\Users\\\\b_a_s\\\\AppData\\\\Local\\\\Temp\\\\aiboard-task10-fence-frTB1b","existsAtExit":false}
# C5 CLI root: {"event":"exit","path":"C:\\\\Users\\\\b_a_s\\\\AppData\\\\Local\\\\Temp\\\\aiboard-task10-fence-eiLMZw","existsAtExit":false}
# C5 CLI root: {"event":"exit","path":"C:\\\\Users\\\\b_a_s\\\\AppData\\\\Local\\\\Temp\\\\aiboard-task10-fence-vOKPRv","existsAtExit":false}
# C5 CLI root: {"event":"exit","path":"C:\\\\Users\\\\b_a_s\\\\AppData\\\\Local\\\\Temp\\\\aiboard-task10-fence-eTW56D","existsAtExit":false}
# C5 CLI root: {"event":"exit","path":"C:\\\\Users\\\\b_a_s\\\\AppData\\\\Local\\\\Temp\\\\aiboard-task10-fence-Jg8wdj","existsAtExit":false}
# C5 CLI root: {"event":"exit","path":"C:\\\\Users\\\\b_a_s\\\\AppData\\\\Local\\\\Temp\\\\aiboard-task10-fence-FcXlZr","existsAtExit":false}
# C5 CLI root: {"event":"exit","path":"C:\\\\Users\\\\b_a_s\\\\AppData\\\\Local\\\\Temp\\\\aiboard-task10-fence-P5QWeB","existsAtExit":false}
# C5 CLI root: {"event":"exit","path":"C:\\\\Users\\\\b_a_s\\\\AppData\\\\Local\\\\Temp\\\\aiboard-task10-fence-NUZnIl","existsAtExit":false}
# C5 CLI root: {"event":"exit","path":"C:\\\\Users\\\\b_a_s\\\\AppData\\\\Local\\\\Temp\\\\aiboard-task10-fence-vjNPAd","existsAtExit":false}
# C5 CLI root: {"event":"exit","path":"C:\\\\Users\\\\b_a_s\\\\AppData\\\\Local\\\\Temp\\\\aiboard-task10-fence-HyjVi4","existsAtExit":false}
# C5 CLI root: {"event":"exit","path":"C:\\\\Users\\\\b_a_s\\\\AppData\\\\Local\\\\Temp\\\\aiboard-task10-fence-LmphFa","existsAtExit":false}
# C5 CLI root: {"event":"exit","path":"C:\\\\Users\\\\b_a_s\\\\AppData\\\\Local\\\\Temp\\\\aiboard-task10-fence-wapx6x","existsAtExit":false}
# C5 CLI root: {"event":"exit","path":"C:\\\\Users\\\\b_a_s\\\\AppData\\\\Local\\\\Temp\\\\aiboard-task10-fence-EE2VIr","existsAtExit":false}
# C5 CLI root: {"event":"exit","path":"C:\\\\Users\\\\b_a_s\\\\AppData\\\\Local\\\\Temp\\\\aiboard-task10-fence-UbG0P1","existsAtExit":false}
# Subtest: native filesystem mutation-capable imports have a closed reviewed ownership boundary
ok 78 - native filesystem mutation-capable imports have a closed reviewed ownership boundary
  ---
  duration_ms: 367.3252
  type: 'test'
  ...
# Subtest: all four native mutations and bootstrap content route through the trusted seam
ok 79 - all four native mutations and bootstrap content route through the trusted seam
  ---
  duration_ms: 0.4936
  type: 'test'
  ...
# C5 CLI root: {"event":"created","path":"C:\\\\Users\\\\b_a_s\\\\AppData\\\\Local\\\\Temp\\\\aiboard-fs-tools-LkJjVJ"}
# C5 CLI root: {"event":"created","path":"C:\\\\Users\\\\b_a_s\\\\AppData\\\\Local\\\\Temp\\\\aiboard-fs-patch-crlf-sSrV6N"}
# Subtest: filesystem tools read, inspect, list, search, and preserve CRLF edits
ok 80 - filesystem tools read, inspect, list, search, and preserve CRLF edits
  ---
  duration_ms: 210.0625
  type: 'test'
  ...
# C5 CLI root: {"event":"created","path":"C:\\\\Users\\\\b_a_s\\\\AppData\\\\Local\\\\Temp\\\\aiboard-fs-git-aware-RxJJA0"}
# Subtest: fs.patch accepts LF multiline edits for CRLF files without mixing line endings
ok 81 - fs.patch accepts LF multiline edits for CRLF files without mixing line endings
  ---
  duration_ms: 25.7783
  type: 'test'
  ...
# C5 CLI root: {"event":"created","path":"C:\\\\Users\\\\b_a_s\\\\AppData\\\\Local\\\\Temp\\\\aiboard-fs-mutations-GfZBeH"}
# Subtest: directory listing and search follow Git discovery and classification
ok 82 - directory listing and search follow Git discovery and classification
  ---
  duration_ms: 647.85
  type: 'test'
  ...
# C5 CLI root: {"event":"created","path":"C:\\\\Users\\\\b_a_s\\\\AppData\\\\Local\\\\Temp\\\\aiboard-fs-diagnostics-KQzIxR"}
# Subtest: filesystem mutations are revision-aware, serialized, movable, and deletable
ok 83 - filesystem mutations are revision-aware, serialized, movable, and deletable
  ---
  duration_ms: 90.9236
  type: 'test'
  ...
# C5 CLI root: {"event":"created","path":"C:\\\\Users\\\\b_a_s\\\\AppData\\\\Local\\\\Temp\\\\aiboard-fs-diagnostic-failure-e7bKTI"}
# Subtest: text mutations attach changed-file TypeScript diagnostics
ok 84 - text mutations attach changed-file TypeScript diagnostics
  ---
  duration_ms: 370.5001
  type: 'test'
  ...
# C5 CLI root: {"event":"created","path":"C:\\\\Users\\\\b_a_s\\\\AppData\\\\Local\\\\Temp\\\\aiboard-fs-benchmark-policy-33DO8g"}
# Subtest: diagnostic failures never roll back a successful atomic mutation
ok 85 - diagnostic failures never roll back a successful atomic mutation
  ---
  duration_ms: 36.2168
  type: 'test'
  ...
# Subtest: benchmark filesystem policy hides oracle files and protects verifier assets
ok 86 - benchmark filesystem policy hides oracle files and protects verifier assets
  ---
  duration_ms: 121.1764
  type: 'test'
  ...
# C5 CLI root: {"event":"exit","path":"C:\\\\Users\\\\b_a_s\\\\AppData\\\\Local\\\\Temp\\\\aiboard-fs-tools-LkJjVJ","existsAtExit":false}
# C5 CLI root: {"event":"exit","path":"C:\\\\Users\\\\b_a_s\\\\AppData\\\\Local\\\\Temp\\\\aiboard-fs-patch-crlf-sSrV6N","existsAtExit":false}
# C5 CLI root: {"event":"exit","path":"C:\\\\Users\\\\b_a_s\\\\AppData\\\\Local\\\\Temp\\\\aiboard-fs-git-aware-RxJJA0","existsAtExit":false}
# C5 CLI root: {"event":"exit","path":"C:\\\\Users\\\\b_a_s\\\\AppData\\\\Local\\\\Temp\\\\aiboard-fs-mutations-GfZBeH","existsAtExit":false}
# C5 CLI root: {"event":"exit","path":"C:\\\\Users\\\\b_a_s\\\\AppData\\\\Local\\\\Temp\\\\aiboard-fs-diagnostics-KQzIxR","existsAtExit":false}
# C5 CLI root: {"event":"exit","path":"C:\\\\Users\\\\b_a_s\\\\AppData\\\\Local\\\\Temp\\\\aiboard-fs-diagnostic-failure-e7bKTI","existsAtExit":false}
# C5 CLI root: {"event":"exit","path":"C:\\\\Users\\\\b_a_s\\\\AppData\\\\Local\\\\Temp\\\\aiboard-fs-benchmark-policy-33DO8g","existsAtExit":false}
# C5 CLI root: {"event":"created","path":"C:\\\\Users\\\\b_a_s\\\\AppData\\\\Local\\\\Temp\\\\aiboard-final-verification-browser-complete-wyxqjX"}
# C5 CLI root: {"event":"created","path":"C:\\\\Users\\\\b_a_s\\\\AppData\\\\Local\\\\Temp\\\\aiboard-final-verification-browser-missing-screenshot-GGe4RV"}
# Subtest: browser verification records complete URL, DOM, screenshot, and event facts
ok 87 - browser verification records complete URL, DOM, screenshot, and event facts
  ---
  duration_ms: 2754.5096
  type: 'test'
  ...
# C5 CLI root: {"event":"created","path":"C:\\\\Users\\\\b_a_s\\\\AppData\\\\Local\\\\Temp\\\\aiboard-final-verification-browser-redirect-aB4jUV"}
# Subtest: browser verification rejects missing screenshot evidence
ok 88 - browser verification rejects missing screenshot evidence
  ---
  duration_ms: 2602.6774
  type: 'test'
  ...
# C5 CLI root: {"event":"created","path":"C:\\\\Users\\\\b_a_s\\\\AppData\\\\Local\\\\Temp\\\\aiboard-final-verification-browser-policy-yUrPi7"}
# Subtest: browser verification preserves the requested URL across a normal redirect
ok 89 - browser verification preserves the requested URL across a normal redirect
  ---
  duration_ms: 2671.3573
  type: 'test'
  ...
# C5 CLI root: {"event":"created","path":"C:\\\\Users\\\\b_a_s\\\\AppData\\\\Local\\\\Temp\\\\aiboard-final-verification-browser-navigation-thrown-3d79cs"}
# Subtest: browser verification rejects unallowed console and failed-network events
ok 90 - browser verification rejects unallowed console and failed-network events
  ---
  duration_ms: 2523.3433
  type: 'test'
  ...
# C5 CLI root: {"event":"created","path":"C:\\\\Users\\\\b_a_s\\\\AppData\\\\Local\\\\Temp\\\\aiboard-final-verification-browser-navigation-cancelled-znwjA6"}
# Subtest: browser verification closes once after thrown or cancelled navigation
ok 91 - browser verification closes once after thrown or cancelled navigation
  ---
  duration_ms: 5283.986
  type: 'test'
  ...
# C5 CLI root: {"event":"exit","path":"C:\\\\Users\\\\b_a_s\\\\AppData\\\\Local\\\\Temp\\\\aiboard-final-verification-browser-complete-wyxqjX","existsAtExit":false}
# C5 CLI root: {"event":"exit","path":"C:\\\\Users\\\\b_a_s\\\\AppData\\\\Local\\\\Temp\\\\aiboard-final-verification-browser-missing-screenshot-GGe4RV","existsAtExit":false}
# C5 CLI root: {"event":"exit","path":"C:\\\\Users\\\\b_a_s\\\\AppData\\\\Local\\\\Temp\\\\aiboard-final-verification-browser-redirect-aB4jUV","existsAtExit":false}
# C5 CLI root: {"event":"exit","path":"C:\\\\Users\\\\b_a_s\\\\AppData\\\\Local\\\\Temp\\\\aiboard-final-verification-browser-policy-yUrPi7","existsAtExit":false}
# C5 CLI root: {"event":"exit","path":"C:\\\\Users\\\\b_a_s\\\\AppData\\\\Local\\\\Temp\\\\aiboard-final-verification-browser-navigation-thrown-3d79cs","existsAtExit":false}
# C5 CLI root: {"event":"exit","path":"C:\\\\Users\\\\b_a_s\\\\AppData\\\\Local\\\\Temp\\\\aiboard-final-verification-browser-navigation-cancelled-znwjA6","existsAtExit":false}
# C5 CLI root: {"event":"created","path":"C:\\\\Users\\\\b_a_s\\\\AppData\\\\Local\\\\Temp\\\\aiboard-fv-cleanup-archive-jKXnIw"}
# C5 CLI root: {"event":"created","path":"C:\\\\Users\\\\b_a_s\\\\AppData\\\\Local\\\\Temp\\\\aiboard-fv-cleanup-structured-redaction-IXXAmW"}
# Subtest: failed verification diagnostics archive dirty files before exact cleanup
ok 92 - failed verification diagnostics archive dirty files before exact cleanup
  ---
  duration_ms: 2774.205
  type: 'test'
  ...
# C5 CLI root: {"event":"created","path":"C:\\\\Users\\\\b_a_s\\\\AppData\\\\Local\\\\Temp\\\\aiboard-fv-cleanup-crash-after-workspace-delete-j3RjL4"}
# Subtest: diagnostics redact structured keys, argv pairs, bearer values, and URL credentials
ok 93 - diagnostics redact structured keys, argv pairs, bearer values, and URL credentials
  ---
  duration_ms: 2566.1921
  type: 'test'
  ...
# C5 CLI root: {"event":"created","path":"C:\\\\Users\\\\b_a_s\\\\AppData\\\\Local\\\\Temp\\\\aiboard-fv-cleanup-legacy-archive-repair-r6TfcB"}
# Subtest: failed cleanup converges after a crash between workspace deletion and receipt persistence
ok 94 - failed cleanup converges after a crash between workspace deletion and receipt persistence
  ---
  duration_ms: 2473.5389
  type: 'test'
  ...
# C5 CLI root: {"event":"created","path":"C:\\\\Users\\\\b_a_s\\\\AppData\\\\Local\\\\Temp\\\\aiboard-fv-cleanup-archive-rebind-eKDr1N"}
# Subtest: restart repairs a legacy unsafe diagnostics archive after its cleanup receipt was rejected
ok 95 - restart repairs a legacy unsafe diagnostics archive after its cleanup receipt was rejected
  ---
  duration_ms: 2518.4854
  type: 'test'
  ...
# C5 CLI root: {"event":"created","path":"C:\\\\Users\\\\b_a_s\\\\AppData\\\\Local\\\\Temp\\\\aiboard-fv-cleanup-forged-receipt-gmSP6E"}
# Subtest: an existing diagnostics archive cannot be rebound to different failure facts
ok 96 - an existing diagnostics archive cannot be rebound to different failure facts
  ---
  duration_ms: 2503.9555
  type: 'test'
  ...
# C5 CLI root: {"event":"created","path":"C:\\\\Users\\\\b_a_s\\\\AppData\\\\Local\\\\Temp\\\\aiboard-fv-cleanup-diagnostic-failure-Lg2jFC"}
# Subtest: a forged cleanup receipt cannot inject an unowned diagnostics path
ok 97 - a forged cleanup receipt cannot inject an unowned diagnostics path
  ---
  duration_ms: 2206.3339
  type: 'test'
  ...
# C5 CLI root: {"event":"created","path":"C:\\\\Users\\\\b_a_s\\\\AppData\\\\Local\\\\Temp\\\\aiboard-fv-cleanup-process-failure-0JSwtg"}
# Subtest: diagnostics failure retains verification workspace
ok 98 - diagnostics failure retains verification workspace
  ---
  duration_ms: 2201.1645
  type: 'test'
  ...
# C5 CLI root: {"event":"created","path":"C:\\\\Users\\\\b_a_s\\\\AppData\\\\Local\\\\Temp\\\\aiboard-fv-cleanup-owner-idempotent-YbxnA0"}
# Subtest: process stop failure never falls through to workspace removal
ok 99 - process stop failure never falls through to workspace removal
  ---
  duration_ms: 2257.4752
  type: 'test'
  ...
# C5 CLI root: {"event":"created","path":"C:\\\\Users\\\\b_a_s\\\\AppData\\\\Local\\\\Temp\\\\aiboard-fv-cleanup-multiple-generations-pzOxe8"}
# Subtest: wrong workspace ownership refuses deletion and successful cleanup is idempotent
ok 100 - wrong workspace ownership refuses deletion and successful cleanup is idempotent
  ---
  duration_ms: 2431.6451
  type: 'test'
  ...
# C5 CLI root: {"event":"created","path":"C:\\\\Users\\\\b_a_s\\\\AppData\\\\Local\\\\Temp\\\\aiboard-fv-cleanup-guidance-retirement-JtGhYO"}
# Subtest: later generation cleanup is not skipped and quiesce preserves its workspace
ok 101 - later generation cleanup is not skipped and quiesce preserves its workspace
  ---
  duration_ms: 3281.0926
  type: 'test'
  ...
# C5 CLI root: {"event":"created","path":"C:\\\\Users\\\\b_a_s\\\\AppData\\\\Local\\\\Temp\\\\aiboard-fv-cleanup-concurrent-guidance-retirement-KyIZsu"}
# Subtest: guidance retirement removes dirty verification state and releases its lease before same-revision restart
ok 102 - guidance retirement removes dirty verification state and releases its lease before same-revision restart
  ---
  duration_ms: 3153.6276
  type: 'test'
  ...
# C5 CLI root: {"event":"created","path":"C:\\\\Users\\\\b_a_s\\\\AppData\\\\Local\\\\Temp\\\\aiboard-fv-cleanup-guidance-adopts-newer-generation-w70HJr"}
# Subtest: concurrent exact-generation cleanup and guidance retirement share one owned cleanup transaction
ok 103 - concurrent exact-generation cleanup and guidance retirement share one owned cleanup transaction
  ---
  duration_ms: 2383.5699
  type: 'test'
  ...
# Subtest: recovery adoption preserves the newer generation workspace and shared lease
ok 104 - recovery adoption preserves the newer generation workspace and shared lease
  ---
  duration_ms: 2226.0654
  type: 'test'
  ...
# C5 CLI root: {"event":"exit","path":"C:\\\\Users\\\\b_a_s\\\\AppData\\\\Local\\\\Temp\\\\aiboard-fv-cleanup-archive-jKXnIw","existsAtExit":false}
# C5 CLI root: {"event":"exit","path":"C:\\\\Users\\\\b_a_s\\\\AppData\\\\Local\\\\Temp\\\\aiboard-fv-cleanup-structured-redaction-IXXAmW","existsAtExit":false}
# C5 CLI root: {"event":"exit","path":"C:\\\\Users\\\\b_a_s\\\\AppData\\\\Local\\\\Temp\\\\aiboard-fv-cleanup-crash-after-workspace-delete-j3RjL4","existsAtExit":false}
# C5 CLI root: {"event":"exit","path":"C:\\\\Users\\\\b_a_s\\\\AppData\\\\Local\\\\Temp\\\\aiboard-fv-cleanup-legacy-archive-repair-r6TfcB","existsAtExit":false}
# C5 CLI root: {"event":"exit","path":"C:\\\\Users\\\\b_a_s\\\\AppData\\\\Local\\\\Temp\\\\aiboard-fv-cleanup-archive-rebind-eKDr1N","existsAtExit":false}
# C5 CLI root: {"event":"exit","path":"C:\\\\Users\\\\b_a_s\\\\AppData\\\\Local\\\\Temp\\\\aiboard-fv-cleanup-forged-receipt-gmSP6E","existsAtExit":false}
# C5 CLI root: {"event":"exit","path":"C:\\\\Users\\\\b_a_s\\\\AppData\\\\Local\\\\Temp\\\\aiboard-fv-cleanup-diagnostic-failure-Lg2jFC","existsAtExit":false}
# C5 CLI root: {"event":"exit","path":"C:\\\\Users\\\\b_a_s\\\\AppData\\\\Local\\\\Temp\\\\aiboard-fv-cleanup-process-failure-0JSwtg","existsAtExit":false}
# C5 CLI root: {"event":"exit","path":"C:\\\\Users\\\\b_a_s\\\\AppData\\\\Local\\\\Temp\\\\aiboard-fv-cleanup-owner-idempotent-YbxnA0","existsAtExit":false}
# C5 CLI root: {"event":"exit","path":"C:\\\\Users\\\\b_a_s\\\\AppData\\\\Local\\\\Temp\\\\aiboard-fv-cleanup-multiple-generations-pzOxe8","existsAtExit":false}
# C5 CLI root: {"event":"exit","path":"C:\\\\Users\\\\b_a_s\\\\AppData\\\\Local\\\\Temp\\\\aiboard-fv-cleanup-guidance-retirement-JtGhYO","existsAtExit":false}
# C5 CLI root: {"event":"exit","path":"C:\\\\Users\\\\b_a_s\\\\AppData\\\\Local\\\\Temp\\\\aiboard-fv-cleanup-concurrent-guidance-retirement-KyIZsu","existsAtExit":false}
# C5 CLI root: {"event":"exit","path":"C:\\\\Users\\\\b_a_s\\\\AppData\\\\Local\\\\Temp\\\\aiboard-fv-cleanup-guidance-adopts-newer-generation-w70HJr","existsAtExit":false}
# C5 CLI root: {"event":"created","path":"C:\\\\Users\\\\b_a_s\\\\AppData\\\\Local\\\\Temp\\\\aiboard-verification-profile-mNBStY"}
# C5 CLI root: {"event":"created","path":"C:\\\\Users\\\\b_a_s\\\\AppData\\\\Local\\\\Temp\\\\aiboard-verification-profile-authority-nF0yJ0"}
# C5 CLI root: {"event":"created","path":"C:\\\\Users\\\\b_a_s\\\\AppData\\\\Local\\\\Temp\\\\aiboard-verification-profile-invalid-L9FqiZ"}
# Subtest: runner-owned exact-revision signals reject an Architect all-not-applicable plan
ok 105 - runner-owned exact-revision signals reject an Architect all-not-applicable plan
  ---
  duration_ms: 1772.3962
  type: 'test'
  ...
# Subtest: SQLite generation append fails closed without runner-owned profile authority
ok 106 - SQLite generation append fails closed without runner-owned profile authority
  ---
  duration_ms: 23.594
  type: 'test'
  ...
# C5 CLI root: {"event":"created","path":"C:\\\\Users\\\\b_a_s\\\\AppData\\\\Local\\\\Temp\\\\aiboard-verification-profile-replay-UeAlCk"}
# Subtest: missing, stale, or uninspected execution profiles cannot create a generation
ok 107 - missing, stale, or uninspected execution profiles cannot create a generation
  ---
  duration_ms: 1579.3155
  type: 'test'
  ...
# C5 CLI root: {"event":"created","path":"C:\\\\Users\\\\b_a_s\\\\AppData\\\\Local\\\\Temp\\\\aiboard-verification-policy-authority-b0CJrt"}
# C5 CLI root: {"event":"created","path":"C:\\\\Users\\\\b_a_s\\\\AppData\\\\Local\\\\Temp\\\\aiboard-verification-policy-authority-Z2dCJO"}
# C5 CLI root: {"event":"created","path":"C:\\\\Users\\\\b_a_s\\\\AppData\\\\Local\\\\Temp\\\\aiboard-verification-manager-kE7OMF"}
# Subtest: durable execution profile is idempotent and rejects append and replay tampering
ok 108 - durable execution profile is idempotent and rejects append and replay tampering
  ---
  duration_ms: 1613.6753
  type: 'test'
  ...
# Subtest: browser policy shape is rejected before profile clone can normalize malformed allowlists
ok 109 - browser policy shape is rejected before profile clone can normalize malformed allowlists
  ---
  duration_ms: 0.8665
  type: 'test'
  ...
# Subtest: runner-owned profile authority rejects malformed browser policy at append
ok 110 - runner-owned profile authority rejects malformed browser policy at append
  ---
  duration_ms: 26.5151
  type: 'test'
  ...
# Subtest: runner-owned profile authority rejects malformed browser policy during replay
ok 111 - runner-owned profile authority rejects malformed browser policy during replay
  ---
  duration_ms: 30.4543
  type: 'test'
  ...
# C5 CLI root: {"event":"created","path":"C:\\\\Users\\\\b_a_s\\\\AppData\\\\Local\\\\Temp\\\\aiboard-verification-manager-TKHezm"}
# C5 CLI root: {"event":"created","path":"C:\\\\Users\\\\b_a_s\\\\AppData\\\\Local\\\\Temp\\\\aiboard-verification-manager-E5dmJG"}
# C5 CLI root: {"event":"created","path":"C:\\\\Users\\\\b_a_s\\\\AppData\\\\Local\\\\Temp\\\\aiboard-verification-manager-s2MwPo"}
# Subtest: exact-revision package-manager inspection binds npm, pnpm, and yarn provisioning argv
ok 112 - exact-revision package-manager inspection binds npm, pnpm, and yarn provisioning argv
  ---
  duration_ms: 5098.3105
  type: 'test'
  ...
# C5 CLI root: {"event":"created","path":"C:\\\\Users\\\\b_a_s\\\\AppData\\\\Local\\\\Temp\\\\aiboard-verification-manager-ZQ8LU0"}
# Subtest: package-manager inspection fails closed on declaration/lock conflict
ok 113 - package-manager inspection fails closed on declaration/lock conflict
  ---
  duration_ms: 2015.453
  type: 'test'
  ...
# C5 CLI root: {"event":"created","path":"C:\\\\Users\\\\b_a_s\\\\AppData\\\\Local\\\\Temp\\\\aiboard-verification-manager-sEJzkx"}
# C5 CLI root: {"event":"created","path":"C:\\\\Users\\\\b_a_s\\\\AppData\\\\Local\\\\Temp\\\\aiboard-verification-ports-80LS99"}
# Subtest: lockfile-only workspaces are provisioned and unlocked dependencies fail closed
ok 114 - lockfile-only workspaces are provisioned and unlocked dependencies fail closed
  ---
  duration_ms: 3348.9662
  type: 'test'
  ...
# C5 CLI root: {"event":"created","path":"C:\\\\Users\\\\b_a_s\\\\AppData\\\\Local\\\\Temp\\\\aiboard-verification-port-revision-hZTas1"}
# Subtest: runner-owned application ports isolate concurrent profiles and release cleanly
ok 115 - runner-owned application ports isolate concurrent profiles and release cleanly
  ---
  duration_ms: 17.972
  type: 'test'
  ...
# C5 CLI root: {"event":"created","path":"C:\\\\Users\\\\b_a_s\\\\AppData\\\\Local\\\\Temp\\\\aiboard-verification-server-manager-XBIjOv"}
# Subtest: port leases survive restart and rotate across integration revisions without stale conflicts
ok 116 - port leases survive restart and rotate across integration revisions without stale conflicts
  ---
  duration_ms: 20.9719
  type: 'test'
  ...
# C5 CLI root: {"event":"created","path":"C:\\\\Users\\\\b_a_s\\\\AppData\\\\Local\\\\Temp\\\\aiboard-verification-server-manager-v45xXM"}
# Subtest: failed profile persistence releases only its newly created active port lease
ok 117 - failed profile persistence releases only its newly created active port lease
  ---
  duration_ms: 1579.3721
  type: 'test'
  ...
# C5 CLI root: {"event":"created","path":"C:\\\\Users\\\\b_a_s\\\\AppData\\\\Local\\\\Temp\\\\aiboard-verification-server-manager-KJv5cj"}
# Subtest: failed profile replay preserves a pre-existing active port lease
ok 118 - failed profile replay preserves a pre-existing active port lease
  ---
  duration_ms: 1607.0192
  type: 'test'
  ...
# C5 CLI root: {"event":"created","path":"C:\\\\Users\\\\b_a_s\\\\AppData\\\\Local\\\\Temp\\\\aiboard-verification-server-manager-9wpMEC"}
# Subtest: rejected Architect planning releases its inspected port before a later valid plan
ok 119 - rejected Architect planning releases its inspected port before a later valid plan
  ---
  duration_ms: 1779.6847
  type: 'test'
  ...
# Subtest: mechanically rejected generation append releases the inspected port lease
ok 120 - mechanically rejected generation append releases the inspected port lease
  ---
  duration_ms: 1713.6528
  type: 'test'
  ...
# C5 CLI root: {"event":"exit","path":"C:\\\\Users\\\\b_a_s\\\\AppData\\\\Local\\\\Temp\\\\aiboard-verification-profile-mNBStY","existsAtExit":false}
# C5 CLI root: {"event":"exit","path":"C:\\\\Users\\\\b_a_s\\\\AppData\\\\Local\\\\Temp\\\\aiboard-verification-profile-authority-nF0yJ0","existsAtExit":false}
# C5 CLI root: {"event":"exit","path":"C:\\\\Users\\\\b_a_s\\\\AppData\\\\Local\\\\Temp\\\\aiboard-verification-profile-invalid-L9FqiZ","existsAtExit":false}
# C5 CLI root: {"event":"exit","path":"C:\\\\Users\\\\b_a_s\\\\AppData\\\\Local\\\\Temp\\\\aiboard-verification-profile-replay-UeAlCk","existsAtExit":false}
# C5 CLI root: {"event":"exit","path":"C:\\\\Users\\\\b_a_s\\\\AppData\\\\Local\\\\Temp\\\\aiboard-verification-policy-authority-b0CJrt","existsAtExit":false}
# C5 CLI root: {"event":"exit","path":"C:\\\\Users\\\\b_a_s\\\\AppData\\\\Local\\\\Temp\\\\aiboard-verification-policy-authority-Z2dCJO","existsAtExit":false}
# C5 CLI root: {"event":"exit","path":"C:\\\\Users\\\\b_a_s\\\\AppData\\\\Local\\\\Temp\\\\aiboard-verification-manager-kE7OMF","existsAtExit":false}
# C5 CLI root: {"event":"exit","path":"C:\\\\Users\\\\b_a_s\\\\AppData\\\\Local\\\\Temp\\\\aiboard-verification-manager-TKHezm","existsAtExit":false}
# C5 CLI root: {"event":"exit","path":"C:\\\\Users\\\\b_a_s\\\\AppData\\\\Local\\\\Temp\\\\aiboard-verification-manager-E5dmJG","existsAtExit":false}
# C5 CLI root: {"event":"exit","path":"C:\\\\Users\\\\b_a_s\\\\AppData\\\\Local\\\\Temp\\\\aiboard-verification-manager-s2MwPo","existsAtExit":false}
# C5 CLI root: {"event":"exit","path":"C:\\\\Users\\\\b_a_s\\\\AppData\\\\Local\\\\Temp\\\\aiboard-verification-manager-ZQ8LU0","existsAtExit":false}
# C5 CLI root: {"event":"exit","path":"C:\\\\Users\\\\b_a_s\\\\AppData\\\\Local\\\\Temp\\\\aiboard-verification-manager-sEJzkx","existsAtExit":false}
# C5 CLI root: {"event":"exit","path":"C:\\\\Users\\\\b_a_s\\\\AppData\\\\Local\\\\Temp\\\\aiboard-verification-ports-80LS99","existsAtExit":false}
# C5 CLI root: {"event":"exit","path":"C:\\\\Users\\\\b_a_s\\\\AppData\\\\Local\\\\Temp\\\\aiboard-verification-port-revision-hZTas1","existsAtExit":false}
# C5 CLI root: {"event":"exit","path":"C:\\\\Users\\\\b_a_s\\\\AppData\\\\Local\\\\Temp\\\\aiboard-verification-server-manager-XBIjOv","existsAtExit":false}
# C5 CLI root: {"event":"exit","path":"C:\\\\Users\\\\b_a_s\\\\AppData\\\\Local\\\\Temp\\\\aiboard-verification-server-manager-v45xXM","existsAtExit":false}
# C5 CLI root: {"event":"exit","path":"C:\\\\Users\\\\b_a_s\\\\AppData\\\\Local\\\\Temp\\\\aiboard-verification-server-manager-KJv5cj","existsAtExit":false}
# C5 CLI root: {"event":"exit","path":"C:\\\\Users\\\\b_a_s\\\\AppData\\\\Local\\\\Temp\\\\aiboard-verification-server-manager-9wpMEC","existsAtExit":false}
# C5 CLI root: {"event":"created","path":"C:\\\\Users\\\\b_a_s\\\\AppData\\\\Local\\\\Temp\\\\aiboard-final-verification-b1-smoke success-EAY63S"}
# C5 CLI root: {"event":"created","path":"C:\\\\Users\\\\b_a_s\\\\AppData\\\\Local\\\\Temp\\\\aiboard-windows-semantic-duplex-umPnLm"}
# C5 CLI root: {"event":"created","path":"C:\\\\Users\\\\b_a_s\\\\AppData\\\\Local\\\\Temp\\\\aiboard-windows-semantic-batch-X93UPa"}
# C5 CLI root: {"event":"created","path":"C:\\\\Users\\\\b_a_s\\\\AppData\\\\Local\\\\Temp\\\\aiboard-windows-semantic-tree-CgSEIl"}
# C5 CLI root: {"event":"created","path":"C:\\\\Users\\\\b_a_s\\\\AppData\\\\Local\\\\Temp\\\\aiboard-production-one-shot-193D46"}
# C5 CLI root: {"event":"created","path":"C:\\\\Users\\\\b_a_s\\\\AppData\\\\Local\\\\Temp\\\\aiboard-final-verification-b1-smoke timeout-fKUh5C"}
# Subtest: runtime smoke waits for health, records endpoint/output facts, and releases its port
ok 121 - runtime smoke waits for health, records endpoint/output facts, and releases its port
  ---
  duration_ms: 18055.6357
  type: 'test'
  ...
# C5 CLI root: {"event":"created","path":"C:\\\\Users\\\\b_a_s\\\\AppData\\\\Local\\\\Temp\\\\aiboard-windows-semantic-duplex-IdVzpr"}
# C5 CLI root: {"event":"created","path":"C:\\\\Users\\\\b_a_s\\\\AppData\\\\Local\\\\Temp\\\\aiboard-windows-semantic-batch-C00HZj"}
# C5 CLI root: {"event":"created","path":"C:\\\\Users\\\\b_a_s\\\\AppData\\\\Local\\\\Temp\\\\aiboard-windows-semantic-tree-vnnFUK"}
# C5 CLI root: {"event":"created","path":"C:\\\\Users\\\\b_a_s\\\\AppData\\\\Local\\\\Temp\\\\aiboard-production-one-shot-hC9KrQ"}
# C5 CLI root: {"event":"created","path":"C:\\\\Users\\\\b_a_s\\\\AppData\\\\Local\\\\Temp\\\\aiboard-final-verification-b1-smoke unhealthy exit-YMVMDF"}
# Subtest: runtime smoke timeout is non-green and cleans up the owned process
ok 122 - runtime smoke timeout is non-green and cleans up the owned process
  ---
  duration_ms: 18423.1848
  type: 'test'
  ...
# C5 CLI root: {"event":"created","path":"C:\\\\Users\\\\b_a_s\\\\AppData\\\\Local\\\\Temp\\\\aiboard-windows-semantic-duplex-SLKfdI"}
# C5 CLI root: {"event":"created","path":"C:\\\\Users\\\\b_a_s\\\\AppData\\\\Local\\\\Temp\\\\aiboard-windows-semantic-batch-1YGss6"}
# C5 CLI root: {"event":"created","path":"C:\\\\Users\\\\b_a_s\\\\AppData\\\\Local\\\\Temp\\\\aiboard-windows-semantic-tree-9VDf1c"}
# C5 CLI root: {"event":"created","path":"C:\\\\Users\\\\b_a_s\\\\AppData\\\\Local\\\\Temp\\\\aiboard-production-one-shot-2ZKXAq"}
# C5 CLI root: {"event":"created","path":"C:\\\\Users\\\\b_a_s\\\\AppData\\\\Local\\\\Temp\\\\aiboard-final-verification-b1-smoke cancellation-9uEILY"}
# Subtest: runtime smoke marks an unhealthy process exit non-green and still stops it
ok 123 - runtime smoke marks an unhealthy process exit non-green and still stops it
  ---
  duration_ms: 20953.371
  type: 'test'
  ...
# C5 CLI root: {"event":"created","path":"C:\\\\Users\\\\b_a_s\\\\AppData\\\\Local\\\\Temp\\\\aiboard-windows-semantic-duplex-LqKYOU"}
# C5 CLI root: {"event":"created","path":"C:\\\\Users\\\\b_a_s\\\\AppData\\\\Local\\\\Temp\\\\aiboard-windows-semantic-batch-zeQEKi"}
# C5 CLI root: {"event":"created","path":"C:\\\\Users\\\\b_a_s\\\\AppData\\\\Local\\\\Temp\\\\aiboard-windows-semantic-tree-PvPcR7"}
# C5 CLI root: {"event":"created","path":"C:\\\\Users\\\\b_a_s\\\\AppData\\\\Local\\\\Temp\\\\aiboard-production-one-shot-p0DFr7"}
# Subtest: runtime smoke cancellation stops the process tree and releases the port
ok 124 - runtime smoke cancellation stops the process tree and releases the port
  ---
  duration_ms: 17065.3971
  type: 'test'
  ...
# C5 CLI root: {"event":"exit","path":"C:\\\\Users\\\\b_a_s\\\\AppData\\\\Local\\\\Temp\\\\aiboard-final-verification-b1-smoke success-EAY63S","existsAtExit":false}
# C5 CLI root: {"event":"exit","path":"C:\\\\Users\\\\b_a_s\\\\AppData\\\\Local\\\\Temp\\\\aiboard-windows-semantic-duplex-umPnLm","existsAtExit":false}
# C5 CLI root: {"event":"exit","path":"C:\\\\Users\\\\b_a_s\\\\AppData\\\\Local\\\\Temp\\\\aiboard-windows-semantic-batch-X93UPa","existsAtExit":false}
# C5 CLI root: {"event":"exit","path":"C:\\\\Users\\\\b_a_s\\\\AppData\\\\Local\\\\Temp\\\\aiboard-windows-semantic-tree-CgSEIl","existsAtExit":false}
# C5 CLI root: {"event":"exit","path":"C:\\\\Users\\\\b_a_s\\\\AppData\\\\Local\\\\Temp\\\\aiboard-production-one-shot-193D46","existsAtExit":false}
# C5 CLI root: {"event":"exit","path":"C:\\\\Users\\\\b_a_s\\\\AppData\\\\Local\\\\Temp\\\\aiboard-final-verification-b1-smoke timeout-fKUh5C","existsAtExit":false}
# C5 CLI root: {"event":"exit","path":"C:\\\\Users\\\\b_a_s\\\\AppData\\\\Local\\\\Temp\\\\aiboard-windows-semantic-duplex-IdVzpr","existsAtExit":false}
# C5 CLI root: {"event":"exit","path":"C:\\\\Users\\\\b_a_s\\\\AppData\\\\Local\\\\Temp\\\\aiboard-windows-semantic-batch-C00HZj","existsAtExit":false}
# C5 CLI root: {"event":"exit","path":"C:\\\\Users\\\\b_a_s\\\\AppData\\\\Local\\\\Temp\\\\aiboard-windows-semantic-tree-vnnFUK","existsAtExit":false}
# C5 CLI root: {"event":"exit","path":"C:\\\\Users\\\\b_a_s\\\\AppData\\\\Local\\\\Temp\\\\aiboard-production-one-shot-hC9KrQ","existsAtExit":false}
# C5 CLI root: {"event":"exit","path":"C:\\\\Users\\\\b_a_s\\\\AppData\\\\Local\\\\Temp\\\\aiboard-final-verification-b1-smoke unhealthy exit-YMVMDF","existsAtExit":false}
# C5 CLI root: {"event":"exit","path":"C:\\\\Users\\\\b_a_s\\\\AppData\\\\Local\\\\Temp\\\\aiboard-windows-semantic-duplex-SLKfdI","existsAtExit":false}
# C5 CLI root: {"event":"exit","path":"C:\\\\Users\\\\b_a_s\\\\AppData\\\\Local\\\\Temp\\\\aiboard-windows-semantic-batch-1YGss6","existsAtExit":false}
# C5 CLI root: {"event":"exit","path":"C:\\\\Users\\\\b_a_s\\\\AppData\\\\Local\\\\Temp\\\\aiboard-windows-semantic-tree-9VDf1c","existsAtExit":false}
# C5 CLI root: {"event":"exit","path":"C:\\\\Users\\\\b_a_s\\\\AppData\\\\Local\\\\Temp\\\\aiboard-production-one-shot-2ZKXAq","existsAtExit":false}
# C5 CLI root: {"event":"exit","path":"C:\\\\Users\\\\b_a_s\\\\AppData\\\\Local\\\\Temp\\\\aiboard-final-verification-b1-smoke cancellation-9uEILY","existsAtExit":false}
# C5 CLI root: {"event":"exit","path":"C:\\\\Users\\\\b_a_s\\\\AppData\\\\Local\\\\Temp\\\\aiboard-windows-semantic-duplex-LqKYOU","existsAtExit":false}
# C5 CLI root: {"event":"exit","path":"C:\\\\Users\\\\b_a_s\\\\AppData\\\\Local\\\\Temp\\\\aiboard-windows-semantic-batch-zeQEKi","existsAtExit":false}
# C5 CLI root: {"event":"exit","path":"C:\\\\Users\\\\b_a_s\\\\AppData\\\\Local\\\\Temp\\\\aiboard-windows-semantic-tree-PvPcR7","existsAtExit":false}
# C5 CLI root: {"event":"exit","path":"C:\\\\Users\\\\b_a_s\\\\AppData\\\\Local\\\\Temp\\\\aiboard-production-one-shot-p0DFr7","existsAtExit":false}
# C5 CLI root: {"event":"created","path":"C:\\\\Users\\\\b_a_s\\\\AppData\\\\Local\\\\Temp\\\\aiboard-final-verification-spill-output-bVb5Ad"}
# C5 CLI root: {"event":"created","path":"C:\\\\Users\\\\b_a_s\\\\AppData\\\\Local\\\\Temp\\\\aiboard-final-verification-spill-missing-ngKrB7"}
# Subtest: final verification ingests runtime spill output and log volume alone stays green
ok 125 - final verification ingests runtime spill output and log volume alone stays green
  ---
  duration_ms: 2586.5835
  type: 'test'
  ...
# C5 CLI root: {"event":"created","path":"C:\\\\Users\\\\b_a_s\\\\AppData\\\\Local\\\\Temp\\\\aiboard-final-verification-spill-corrupt-xzZs7p"}
# Subtest: final verification falls back to bounded tails for missing or corrupt spills
    # Subtest: missing
    ok 1 - missing
      ---
      duration_ms: 2546.6351
      type: 'test'
      ...
# C5 CLI root: {"event":"created","path":"C:\\\\Users\\\\b_a_s\\\\AppData\\\\Local\\\\Temp\\\\aiboard-final-verification-typed-isolation_capability_unavailable-lhrDOv"}
    # Subtest: corrupt
    ok 2 - corrupt
      ---
      duration_ms: 2532.1959
      type: 'test'
      ...
    1..2
ok 126 - final verification falls back to bounded tails for missing or corrupt spills
  ---
  duration_ms: 5079.6398
  type: 'test'
  ...
# C5 CLI root: {"event":"created","path":"C:\\\\Users\\\\b_a_s\\\\AppData\\\\Local\\\\Temp\\\\aiboard-final-verification-typed-isolation_revocation_failed-pdkZZW"}
# Subtest: final verification preserves stable isolation and runtime failure codes
    # Subtest: isolation_capability_unavailable
    ok 1 - isolation_capability_unavailable
      ---
      duration_ms: 2583.3605
      type: 'test'
      ...
# C5 CLI root: {"event":"created","path":"C:\\\\Users\\\\b_a_s\\\\AppData\\\\Local\\\\Temp\\\\aiboard-final-verification-typed-outcome_unknown-IMm6fd"}
    # Subtest: isolation_revocation_failed
    ok 2 - isolation_revocation_failed
      ---
      duration_ms: 2899.4241
      type: 'test'
      ...
# C5 CLI root: {"event":"created","path":"C:\\\\Users\\\\b_a_s\\\\AppData\\\\Local\\\\Temp\\\\aiboard-final-verification-production-output-matrix-18vL4b"}
    # Subtest: outcome_unknown
    ok 3 - outcome_unknown
      ---
      duration_ms: 2849.2735
      type: 'test'
      ...
    1..3
ok 127 - final verification preserves stable isolation and runtime failure codes
  ---
  duration_ms: 8332.9978
  type: 'test'
  ...
# C5 CLI root: {"event":"created","path":"C:\\\\Users\\\\b_a_s\\\\AppData\\\\Local\\\\Temp\\\\aiboard-production-one-shot-qyJovq"}
# C5 CLI root: {"event":"created","path":"C:\\\\Users\\\\b_a_s\\\\AppData\\\\Local\\\\Temp\\\\aiboard-final-verification-production-spill-fault-j7YnCu"}
# Subtest: final-verification production graph scrubs inherited secrets and survives output beyond spill capacity
ok 128 - final-verification production graph scrubs inherited secrets and survives output beyond spill capacity
  ---
  duration_ms: 33395.7551
  type: 'test'
  ...
# C5 CLI root: {"event":"created","path":"C:\\\\Users\\\\b_a_s\\\\AppData\\\\Local\\\\Temp\\\\aiboard-production-one-shot-tw2PaX"}
# C5 CLI root: {"event":"created","path":"C:\\\\Users\\\\b_a_s\\\\AppData\\\\Local\\\\Temp\\\\aiboard-final-verification-success-So6Lfk"}
# Subtest: final-verification production graph stays mechanically green on spill setup failure
ok 129 - final-verification production graph stays mechanically green on spill setup failure
  ---
  duration_ms: 6460.4204
  type: 'test'
  ...
# C5 CLI root: {"event":"created","path":"C:\\\\Users\\\\b_a_s\\\\AppData\\\\Local\\\\Temp\\\\aiboard-production-one-shot-0KQsSG"}
# C5 CLI root: {"event":"created","path":"C:\\\\Users\\\\b_a_s\\\\AppData\\\\Local\\\\Temp\\\\aiboard-final-verification-dependency-provisioning-2YZv7Y"}
# Subtest: runs build and test commands in the pinned workspace and records immutable evidence
ok 130 - runs build and test commands in the pinned workspace and records immutable evidence
  ---
  duration_ms: 7916.9022
  type: 'test'
  ...
# C5 CLI root: {"event":"created","path":"C:\\\\Users\\\\b_a_s\\\\AppData\\\\Local\\\\Temp\\\\aiboard-production-one-shot-23Rw5L"}
# C5 CLI root: {"event":"created","path":"C:\\\\Users\\\\b_a_s\\\\AppData\\\\Local\\\\Temp\\\\aiboard-final-verification-single-category-qYMMH8"}
# Subtest: provisions dependencies in the disposable workspace before project commands
ok 131 - provisions dependencies in the disposable workspace before project commands
  ---
  duration_ms: 7710.3765
  type: 'test'
  ...
# C5 CLI root: {"event":"created","path":"C:\\\\Users\\\\b_a_s\\\\AppData\\\\Local\\\\Temp\\\\aiboard-production-one-shot-UNK8k9"}
# C5 CLI root: {"event":"created","path":"C:\\\\Users\\\\b_a_s\\\\AppData\\\\Local\\\\Temp\\\\aiboard-final-verification-failures-OweXqf"}
# Subtest: executes one scheduler-selected category with the durable generation identity
ok 132 - executes one scheduler-selected category with the durable generation identity
  ---
  duration_ms: 6479.8892
  type: 'test'
  ...
# C5 CLI root: {"event":"created","path":"C:\\\\Users\\\\b_a_s\\\\AppData\\\\Local\\\\Temp\\\\aiboard-production-one-shot-RTGvPg"}
# C5 CLI root: {"event":"created","path":"C:\\\\Users\\\\b_a_s\\\\AppData\\\\Local\\\\Temp\\\\aiboard-final-verification-process-tree-P6Zl7y"}
# Subtest: nonzero, timeout, and cancellation outcomes are mechanically non-green
ok 133 - nonzero, timeout, and cancellation outcomes are mechanically non-green
  ---
  duration_ms: 6450.8676
  type: 'test'
  ...
# C5 CLI root: {"event":"created","path":"C:\\\\Users\\\\b_a_s\\\\AppData\\\\Local\\\\Temp\\\\aiboard-production-one-shot-YFSd3e"}
# C5 CLI root: {"event":"created","path":"C:\\\\Users\\\\b_a_s\\\\AppData\\\\Local\\\\Temp\\\\aiboard-final-verification-stale-vLo2J2"}
# Subtest: cancellation terminates descendant processes and leaves no late process output
ok 134 - cancellation terminates descendant processes and leaves no late process output
  ---
  duration_ms: 5567.4433
  type: 'test'
  ...
# C5 CLI root: {"event":"created","path":"C:\\\\Users\\\\b_a_s\\\\AppData\\\\Local\\\\Temp\\\\aiboard-production-one-shot-x7JFHQ"}
# Subtest: rejects a workspace that is stale relative to the current integration revision
ok 135 - rejects a workspace that is stale relative to the current integration revision
  ---
  duration_ms: 2682.596
  type: 'test'
  ...
# C5 CLI root: {"event":"exit","path":"C:\\\\Users\\\\b_a_s\\\\AppData\\\\Local\\\\Temp\\\\aiboard-final-verification-spill-output-bVb5Ad","existsAtExit":false}
# C5 CLI root: {"event":"exit","path":"C:\\\\Users\\\\b_a_s\\\\AppData\\\\Local\\\\Temp\\\\aiboard-final-verification-spill-missing-ngKrB7","existsAtExit":false}
# C5 CLI root: {"event":"exit","path":"C:\\\\Users\\\\b_a_s\\\\AppData\\\\Local\\\\Temp\\\\aiboard-final-verification-spill-corrupt-xzZs7p","existsAtExit":false}
# C5 CLI root: {"event":"exit","path":"C:\\\\Users\\\\b_a_s\\\\AppData\\\\Local\\\\Temp\\\\aiboard-final-verification-typed-isolation_capability_unavailable-lhrDOv","existsAtExit":false}
# C5 CLI root: {"event":"exit","path":"C:\\\\Users\\\\b_a_s\\\\AppData\\\\Local\\\\Temp\\\\aiboard-final-verification-typed-isolation_revocation_failed-pdkZZW","existsAtExit":false}
# C5 CLI root: {"event":"exit","path":"C:\\\\Users\\\\b_a_s\\\\AppData\\\\Local\\\\Temp\\\\aiboard-final-verification-typed-outcome_unknown-IMm6fd","existsAtExit":false}
# C5 CLI root: {"event":"exit","path":"C:\\\\Users\\\\b_a_s\\\\AppData\\\\Local\\\\Temp\\\\aiboard-final-verification-production-output-matrix-18vL4b","existsAtExit":false}
# C5 CLI root: {"event":"exit","path":"C:\\\\Users\\\\b_a_s\\\\AppData\\\\Local\\\\Temp\\\\aiboard-production-one-shot-qyJovq","existsAtExit":false}
# C5 CLI root: {"event":"exit","path":"C:\\\\Users\\\\b_a_s\\\\AppData\\\\Local\\\\Temp\\\\aiboard-final-verification-production-spill-fault-j7YnCu","existsAtExit":false}
# C5 CLI root: {"event":"exit","path":"C:\\\\Users\\\\b_a_s\\\\AppData\\\\Local\\\\Temp\\\\aiboard-production-one-shot-tw2PaX","existsAtExit":false}
# C5 CLI root: {"event":"exit","path":"C:\\\\Users\\\\b_a_s\\\\AppData\\\\Local\\\\Temp\\\\aiboard-final-verification-success-So6Lfk","existsAtExit":false}
# C5 CLI root: {"event":"exit","path":"C:\\\\Users\\\\b_a_s\\\\AppData\\\\Local\\\\Temp\\\\aiboard-production-one-shot-0KQsSG","existsAtExit":false}
# C5 CLI root: {"event":"exit","path":"C:\\\\Users\\\\b_a_s\\\\AppData\\\\Local\\\\Temp\\\\aiboard-final-verification-dependency-provisioning-2YZv7Y","existsAtExit":false}
# C5 CLI root: {"event":"exit","path":"C:\\\\Users\\\\b_a_s\\\\AppData\\\\Local\\\\Temp\\\\aiboard-production-one-shot-23Rw5L","existsAtExit":false}
# C5 CLI root: {"event":"exit","path":"C:\\\\Users\\\\b_a_s\\\\AppData\\\\Local\\\\Temp\\\\aiboard-final-verification-single-category-qYMMH8","existsAtExit":false}
# C5 CLI root: {"event":"exit","path":"C:\\\\Users\\\\b_a_s\\\\AppData\\\\Local\\\\Temp\\\\aiboard-production-one-shot-UNK8k9","existsAtExit":false}
# C5 CLI root: {"event":"exit","path":"C:\\\\Users\\\\b_a_s\\\\AppData\\\\Local\\\\Temp\\\\aiboard-final-verification-failures-OweXqf","existsAtExit":false}
# C5 CLI root: {"event":"exit","path":"C:\\\\Users\\\\b_a_s\\\\AppData\\\\Local\\\\Temp\\\\aiboard-production-one-shot-RTGvPg","existsAtExit":false}
# C5 CLI root: {"event":"exit","path":"C:\\\\Users\\\\b_a_s\\\\AppData\\\\Local\\\\Temp\\\\aiboard-final-verification-process-tree-P6Zl7y","existsAtExit":false}
# C5 CLI root: {"event":"exit","path":"C:\\\\Users\\\\b_a_s\\\\AppData\\\\Local\\\\Temp\\\\aiboard-production-one-shot-YFSd3e","existsAtExit":false}
# C5 CLI root: {"event":"exit","path":"C:\\\\Users\\\\b_a_s\\\\AppData\\\\Local\\\\Temp\\\\aiboard-final-verification-stale-vLo2J2","existsAtExit":false}
# C5 CLI root: {"event":"exit","path":"C:\\\\Users\\\\b_a_s\\\\AppData\\\\Local\\\\Temp\\\\aiboard-production-one-shot-x7JFHQ","existsAtExit":false}
# C5 CLI root: {"event":"created","path":"C:\\\\Users\\\\b_a_s\\\\AppData\\\\Local\\\\Temp\\\\aiboard-baseline-dirty-mdon5m"}
# C5 CLI root: {"event":"created","path":"C:\\\\Users\\\\b_a_s\\\\AppData\\\\Local\\\\Temp\\\\aiboard-baseline-new-rbWwGr"}
# Subtest: dirty repository baseline preserves branch, HEAD, index, status, and files
ok 136 - dirty repository baseline preserves branch, HEAD, index, status, and files
  ---
  duration_ms: 1642.3252
  type: 'test'
  ...
# C5 CLI root: {"event":"created","path":"C:\\\\Users\\\\b_a_s\\\\AppData\\\\Local\\\\Temp\\\\aiboard-baseline-unborn-Bw37lk"}
# Subtest: non-repository bootstrap creates an initial safe baseline without global identity
ok 137 - non-repository bootstrap creates an initial safe baseline without global identity
  ---
  duration_ms: 923.3113
  type: 'test'
  ...
# Subtest: unborn repository bootstrap creates HEAD and applies safe ignore defaults
ok 138 - unborn repository bootstrap creates HEAD and applies safe ignore defaults
  ---
  duration_ms: 823.627
  type: 'test'
  ...
# C5 CLI root: {"event":"exit","path":"C:\\\\Users\\\\b_a_s\\\\AppData\\\\Local\\\\Temp\\\\aiboard-baseline-dirty-mdon5m","existsAtExit":false}
# C5 CLI root: {"event":"exit","path":"C:\\\\Users\\\\b_a_s\\\\AppData\\\\Local\\\\Temp\\\\aiboard-baseline-new-rbWwGr","existsAtExit":false}
# C5 CLI root: {"event":"exit","path":"C:\\\\Users\\\\b_a_s\\\\AppData\\\\Local\\\\Temp\\\\aiboard-baseline-unborn-Bw37lk","existsAtExit":false}
# Subtest: Git compatibility wrappers delegate only to the explicit exact runner
ok 139 - Git compatibility wrappers delegate only to the explicit exact runner
  ---
  duration_ms: 2.1701
  type: 'test'
  ...
# Subtest: Git wrappers refuse absent injection before any operating-system effect
ok 140 - Git wrappers refuse absent injection before any operating-system effect
  ---
  duration_ms: 0.5769
  type: 'test'
  ...
# Subtest: Git tools bind every subcommand to the actual ToolBroker call
ok 141 - Git tools bind every subcommand to the actual ToolBroker call
  ---
  duration_ms: 0.7385
  type: 'test'
  ...
# C5 CLI root: {"event":"created","path":"C:\\\\Users\\\\b_a_s\\\\AppData\\\\Local\\\\Temp\\\\p6-git-caller-K330HY"}
# Subtest: Repository intelligence uses its injected runner for every Git query
ok 142 - Repository intelligence uses its injected runner for every Git query
  ---
  duration_ms: 5.8922
  type: 'test'
  ...
# exact caller fixture acquired: C:\\Users\\b_a_s\\AppData\\Local\\Temp\\p6-git-caller-K330HY
# exact caller fixture removed: C:\\Users\\b_a_s\\AppData\\Local\\Temp\\p6-git-caller-K330HY
# C5 CLI root: {"event":"created","path":"C:\\\\Users\\\\b_a_s\\\\AppData\\\\Local\\\\Temp\\\\p6-git-baseline-guard-EXsajk"}
# Subtest: Baseline refuses missing Git authority before changing a project or its index
ok 143 - Baseline refuses missing Git authority before changing a project or its index
  ---
  duration_ms: 3.0649
  type: 'test'
  ...
# exact baseline guard fixture acquired: C:\\Users\\b_a_s\\AppData\\Local\\Temp\\p6-git-baseline-guard-EXsajk
# exact baseline guard fixture removed: C:\\Users\\b_a_s\\AppData\\Local\\Temp\\p6-git-baseline-guard-EXsajk
# Subtest: standalone preflight refuses an absent closed owner instead of constructing ambient execution
ok 144 - standalone preflight refuses an absent closed owner instead of constructing ambient execution
  ---
  duration_ms: 0.4304
  type: 'test'
  ...
# C5 CLI root: {"event":"exit","path":"C:\\\\Users\\\\b_a_s\\\\AppData\\\\Local\\\\Temp\\\\p6-git-caller-K330HY","existsAtExit":false}
# C5 CLI root: {"event":"exit","path":"C:\\\\Users\\\\b_a_s\\\\AppData\\\\Local\\\\Temp\\\\p6-git-baseline-guard-EXsajk","existsAtExit":false}
# C5 CLI root: {"event":"created","path":"C:\\\\Users\\\\b_a_s\\\\AppData\\\\Local\\\\Temp\\\\p6-git-context-jw90Te"}
# Subtest: run Git context gives several commands distinct child authority under the same real ToolBroker call
ok 145 - run Git context gives several commands distinct child authority under the same real ToolBroker call
  ---
  duration_ms: 12.4013
  type: 'test'
  ...
# C5 CLI root: {"event":"created","path":"C:\\\\Users\\\\b_a_s\\\\AppData\\\\Local\\\\Temp\\\\p6-git-context-kL1aHX"}
# new synthetic Git context root: C:\\Users\\b_a_s\\AppData\\Local\\Temp\\p6-git-context-jw90Te
# released grants; removed exact root: C:\\Users\\b_a_s\\AppData\\Local\\Temp\\p6-git-context-jw90Te
# Subtest: run Git context rejects changed actor/run/call identity even when reusing a genuine token
ok 146 - run Git context rejects changed actor/run/call identity even when reusing a genuine token
  ---
  duration_ms: 3.3134
  type: 'test'
  ...
# new synthetic Git context root: C:\\Users\\b_a_s\\AppData\\Local\\Temp\\p6-git-context-kL1aHX
# released grants; removed exact root: C:\\Users\\b_a_s\\AppData\\Local\\Temp\\p6-git-context-kL1aHX
# C5 CLI root: {"event":"created","path":"C:\\\\Users\\\\b_a_s\\\\AppData\\\\Local\\\\Temp\\\\p6-git-context-4EwdIq"}
# Subtest: model Git authority cannot escape its original access through the working directory
ok 147 - model Git authority cannot escape its original access through the working directory
  ---
  duration_ms: 3.2213
  type: 'test'
  ...
# new synthetic Git context root: C:\\Users\\b_a_s\\AppData\\Local\\Temp\\p6-git-context-4EwdIq
# released grants; removed exact root: C:\\Users\\b_a_s\\AppData\\Local\\Temp\\p6-git-context-4EwdIq
# C5 CLI root: {"event":"created","path":"C:\\\\Users\\\\b_a_s\\\\AppData\\\\Local\\\\Temp\\\\p6-git-context-27znkn"}
# Subtest: Git lifecycle uses declared run ownership, never a fabricated model actor or the unrestricted host state root
ok 148 - Git lifecycle uses declared run ownership, never a fabricated model actor or the unrestricted host state root
  ---
  duration_ms: 6.781
  type: 'test'
  ...
# new synthetic Git context root: C:\\Users\\b_a_s\\AppData\\Local\\Temp\\p6-git-context-27znkn
# released grants; removed exact root: C:\\Users\\b_a_s\\AppData\\Local\\Temp\\p6-git-context-27znkn
# C5 CLI root: {"event":"created","path":"C:\\\\Users\\\\b_a_s\\\\AppData\\\\Local\\\\Temp\\\\p6-git-context-tpUvGR"}
# Subtest: Git lifecycle refuses a foreign working directory and network command before grant issuance
ok 149 - Git lifecycle refuses a foreign working directory and network command before grant issuance
  ---
  duration_ms: 3.0365
  type: 'test'
  ...
# new synthetic Git context root: C:\\Users\\b_a_s\\AppData\\Local\\Temp\\p6-git-context-tpUvGR
# released grants; removed exact root: C:\\Users\\b_a_s\\AppData\\Local\\Temp\\p6-git-context-tpUvGR
# C5 CLI root: {"event":"created","path":"C:\\\\Users\\\\b_a_s\\\\AppData\\\\Local\\\\Temp\\\\p6-git-context-vO2SMM"}
# Subtest: Git lifecycle canonicalization refuses a junction escape from an owned working root
ok 150 - Git lifecycle canonicalization refuses a junction escape from an owned working root
  ---
  duration_ms: 3.8122
  type: 'test'
  ...
# new synthetic Git context root: C:\\Users\\b_a_s\\AppData\\Local\\Temp\\p6-git-context-vO2SMM
# released grants; removed exact root: C:\\Users\\b_a_s\\AppData\\Local\\Temp\\p6-git-context-vO2SMM
# C5 CLI root: {"event":"created","path":"C:\\\\Users\\\\b_a_s\\\\AppData\\\\Local\\\\Temp\\\\p6-git-context-xt43Gw"}
# C5 CLI root: {"event":"created","path":"C:\\\\Users\\\\b_a_s\\\\AppData\\\\Local\\\\Temp\\\\p6-git-context-rjwNvl"}
# Subtest: strict Git isolation unavailability is retained without another executable or Full retry
ok 151 - strict Git isolation unavailability is retained without another executable or Full retry
  ---
  duration_ms: 4.1818
  type: 'test'
  ...
# new synthetic Git context root: C:\\Users\\b_a_s\\AppData\\Local\\Temp\\p6-git-context-xt43Gw
# released grants; removed exact root: C:\\Users\\b_a_s\\AppData\\Local\\Temp\\p6-git-context-xt43Gw
# Subtest: closed run and missing ToolBroker authority never fall back to stateless Git execution
ok 152 - closed run and missing ToolBroker authority never fall back to stateless Git execution
  ---
  duration_ms: 2.9473
  type: 'test'
  ...
# new synthetic Git context root: C:\\Users\\b_a_s\\AppData\\Local\\Temp\\p6-git-context-rjwNvl
# released grants; removed exact root: C:\\Users\\b_a_s\\AppData\\Local\\Temp\\p6-git-context-rjwNvl
# C5 CLI root: {"event":"created","path":"C:\\\\Users\\\\b_a_s\\\\AppData\\\\Local\\\\Temp\\\\p6-git-context-bjNwlt"}
# Subtest: nested repository Git reads retain separate call identity across asynchronous interleaving
ok 153 - nested repository Git reads retain separate call identity across asynchronous interleaving
  ---
  duration_ms: 4.2691
  type: 'test'
  ...
# new synthetic Git context root: C:\\Users\\b_a_s\\AppData\\Local\\Temp\\p6-git-context-bjNwlt
# released grants; removed exact root: C:\\Users\\b_a_s\\AppData\\Local\\Temp\\p6-git-context-bjNwlt
# C5 CLI root: {"event":"created","path":"C:\\\\Users\\\\b_a_s\\\\AppData\\\\Local\\\\Temp\\\\p6-git-context-AuZpJt"}
# Subtest: evidence revision read and its command share one original call without consuming it twice
ok 154 - evidence revision read and its command share one original call without consuming it twice
  ---
  duration_ms: 3.4512
  type: 'test'
  ...
# new synthetic Git context root: C:\\Users\\b_a_s\\AppData\\Local\\Temp\\p6-git-context-AuZpJt
# C5 CLI root: {"event":"created","path":"C:\\\\Users\\\\b_a_s\\\\AppData\\\\Local\\\\Temp\\\\p6-git-context-NYJsLA"}
# released grants; removed exact root: C:\\Users\\b_a_s\\AppData\\Local\\Temp\\p6-git-context-AuZpJt
# Subtest: scoped nested Git reads never manufacture lifecycle authority when no call is active
ok 155 - scoped nested Git reads never manufacture lifecycle authority when no call is active
  ---
  duration_ms: 2.5002
  type: 'test'
  ...
# new synthetic Git context root: C:\\Users\\b_a_s\\AppData\\Local\\Temp\\p6-git-context-NYJsLA
# released grants; removed exact root: C:\\Users\\b_a_s\\AppData\\Local\\Temp\\p6-git-context-NYJsLA
# C5 CLI root: {"event":"created","path":"C:\\\\Users\\\\b_a_s\\\\AppData\\\\Local\\\\Temp\\\\p6-git-context-SkMnB1"}
# Subtest: run-owned workspace cleanup permits its required exact ref inventory
ok 156 - run-owned workspace cleanup permits its required exact ref inventory
  ---
  duration_ms: 5.0031
  type: 'test'
  ...
# new synthetic Git context root: C:\\Users\\b_a_s\\AppData\\Local\\Temp\\p6-git-context-SkMnB1
# released grants; removed exact root: C:\\Users\\b_a_s\\AppData\\Local\\Temp\\p6-git-context-SkMnB1
# C5 CLI root: {"event":"created","path":"C:\\\\Users\\\\b_a_s\\\\AppData\\\\Local\\\\Temp\\\\p6-git-context-SwurHm"}
# Subtest: historical inspection cannot reinterpret an admitted read verb as a ref mutation
ok 157 - historical inspection cannot reinterpret an admitted read verb as a ref mutation
  ---
  duration_ms: 2.3301
  type: 'test'
  ...
# new synthetic Git context root: C:\\Users\\b_a_s\\AppData\\Local\\Temp\\p6-git-context-SwurHm
# C5 CLI root: {"event":"created","path":"C:\\\\Users\\\\b_a_s\\\\AppData\\\\Local\\\\Temp\\\\p6-git-context-4ryQDu"}
# released grants; removed exact root: C:\\Users\\b_a_s\\AppData\\Local\\Temp\\p6-git-context-SwurHm
# Subtest: actual ToolBroker carries exact per-call Git authority without changing guarded approval policy
ok 158 - actual ToolBroker carries exact per-call Git authority without changing guarded approval policy
  ---
  duration_ms: 6.0186
  type: 'test'
  ...
# new synthetic Git context root: C:\\Users\\b_a_s\\AppData\\Local\\Temp\\p6-git-context-4ryQDu
# released grants; removed exact root: C:\\Users\\b_a_s\\AppData\\Local\\Temp\\p6-git-context-4ryQDu
# C5 CLI root: {"event":"exit","path":"C:\\\\Users\\\\b_a_s\\\\AppData\\\\Local\\\\Temp\\\\p6-git-context-jw90Te","existsAtExit":false}
# C5 CLI root: {"event":"exit","path":"C:\\\\Users\\\\b_a_s\\\\AppData\\\\Local\\\\Temp\\\\p6-git-context-kL1aHX","existsAtExit":false}
# C5 CLI root: {"event":"exit","path":"C:\\\\Users\\\\b_a_s\\\\AppData\\\\Local\\\\Temp\\\\p6-git-context-4EwdIq","existsAtExit":false}
# C5 CLI root: {"event":"exit","path":"C:\\\\Users\\\\b_a_s\\\\AppData\\\\Local\\\\Temp\\\\p6-git-context-27znkn","existsAtExit":false}
# C5 CLI root: {"event":"exit","path":"C:\\\\Users\\\\b_a_s\\\\AppData\\\\Local\\\\Temp\\\\p6-git-context-tpUvGR","existsAtExit":false}
# C5 CLI root: {"event":"exit","path":"C:\\\\Users\\\\b_a_s\\\\AppData\\\\Local\\\\Temp\\\\p6-git-context-vO2SMM","existsAtExit":false}
# C5 CLI root: {"event":"exit","path":"C:\\\\Users\\\\b_a_s\\\\AppData\\\\Local\\\\Temp\\\\p6-git-context-xt43Gw","existsAtExit":false}
# C5 CLI root: {"event":"exit","path":"C:\\\\Users\\\\b_a_s\\\\AppData\\\\Local\\\\Temp\\\\p6-git-context-rjwNvl","existsAtExit":false}
# C5 CLI root: {"event":"exit","path":"C:\\\\Users\\\\b_a_s\\\\AppData\\\\Local\\\\Temp\\\\p6-git-context-bjNwlt","existsAtExit":false}
# C5 CLI root: {"event":"exit","path":"C:\\\\Users\\\\b_a_s\\\\AppData\\\\Local\\\\Temp\\\\p6-git-context-AuZpJt","existsAtExit":false}
# C5 CLI root: {"event":"exit","path":"C:\\\\Users\\\\b_a_s\\\\AppData\\\\Local\\\\Temp\\\\p6-git-context-NYJsLA","existsAtExit":false}
# C5 CLI root: {"event":"exit","path":"C:\\\\Users\\\\b_a_s\\\\AppData\\\\Local\\\\Temp\\\\p6-git-context-SkMnB1","existsAtExit":false}
# C5 CLI root: {"event":"exit","path":"C:\\\\Users\\\\b_a_s\\\\AppData\\\\Local\\\\Temp\\\\p6-git-context-SwurHm","existsAtExit":false}
# C5 CLI root: {"event":"exit","path":"C:\\\\Users\\\\b_a_s\\\\AppData\\\\Local\\\\Temp\\\\p6-git-context-4ryQDu","existsAtExit":false}
# C5 CLI root: {"event":"created","path":"C:\\\\Users\\\\b_a_s\\\\AppData\\\\Local\\\\Temp\\\\aiboard-git-tools-7ukaZB"}
# Subtest: task-safe Git tools inspect and commit only the worker branch
ok 159 - task-safe Git tools inspect and commit only the worker branch
  ---
  duration_ms: 2168.4918
  type: 'test'
  ...
# C5 CLI root: {"event":"exit","path":"C:\\\\Users\\\\b_a_s\\\\AppData\\\\Local\\\\Temp\\\\aiboard-git-tools-7ukaZB","existsAtExit":false}
# C5 CLI root: {"event":"created","path":"C:\\\\Users\\\\b_a_s\\\\AppData\\\\Local\\\\Temp\\\\aiboard-integration-ordered-yshBUL"}
# C5 CLI root: {"event":"created","path":"C:\\\\Users\\\\b_a_s\\\\AppData\\\\Local\\\\Temp\\\\aiboard-integration-conflict-DVlzEW"}
# Subtest: change sets integrate serially and retries do not duplicate commits
ok 160 - change sets integrate serially and retries do not duplicate commits
  ---
  duration_ms: 5378.9497
  type: 'test'
  ...
# C5 CLI root: {"event":"created","path":"C:\\\\Users\\\\b_a_s\\\\AppData\\\\Local\\\\Temp\\\\aiboard-integration-attempt-base-JnJpO3"}
# Subtest: integration conflicts are mechanical results and leave canonical integration clean
ok 161 - integration conflicts are mechanical results and leave canonical integration clean
  ---
  duration_ms: 4084.7931
  type: 'test'
  ...
# C5 CLI root: {"event":"created","path":"C:\\\\Users\\\\b_a_s\\\\AppData\\\\Local\\\\Temp\\\\aiboard-integration-no-change-a2Yihb"}
# Subtest: a later attempt can integrate from the current integration revision
ok 162 - a later attempt can integrate from the current integration revision
  ---
  duration_ms: 4096.9421
  type: 'test'
  ...
# C5 CLI root: {"event":"created","path":"C:\\\\Users\\\\b_a_s\\\\AppData\\\\Local\\\\Temp\\\\aiboard-integration-handoff-apply-lFfois"}
# Subtest: evidence-backed no-change tasks integrate without fabricating commits
ok 163 - evidence-backed no-change tasks integrate without fabricating commits
  ---
  duration_ms: 1804.702
  type: 'test'
  ...
# C5 CLI root: {"event":"created","path":"C:\\\\Users\\\\b_a_s\\\\AppData\\\\Local\\\\Temp\\\\aiboard-integration-handoff-dirty-G7TdMR"}
# Subtest: final handoff applies the integrated diff only after a successful dry run
ok 164 - final handoff applies the integrated diff only after a successful dry run
  ---
  duration_ms: 4799.7986
  type: 'test'
  ...
# C5 CLI root: {"event":"created","path":"C:\\\\Users\\\\b_a_s\\\\AppData\\\\Local\\\\Temp\\\\aiboard-integration-handoff-crash-repair-3rMt1H"}
# Subtest: final handoff rejects dirty projects without changing their worktree, index, or revision
ok 165 - final handoff rejects dirty projects without changing their worktree, index, or revision
  ---
  duration_ms: 3411.9952
  type: 'test'
  ...
# C5 CLI root: {"event":"created","path":"C:\\\\Users\\\\b_a_s\\\\AppData\\\\Local\\\\Temp\\\\aiboard-integration-handoff-real-crash-7g7S2X"}
# Subtest: a fresh manager repairs the exact journaled post-ref crash state
ok 166 - a fresh manager repairs the exact journaled post-ref crash state
  ---
  duration_ms: 5590.3106
  type: 'test'
  ...
# C5 CLI root: {"event":"created","path":"C:\\\\Users\\\\b_a_s\\\\AppData\\\\Local\\\\Temp\\\\aiboard-integration-handoff-ignored-crash-nOGGDv"}
# Subtest: the real apply path leaves a recoverable journal when the process dies after update-ref
ok 167 - the real apply path leaves a recoverable journal when the process dies after update-ref
  ---
  duration_ms: 4613.967
  type: 'test'
  ...
# C5 CLI root: {"event":"created","path":"C:\\\\Users\\\\b_a_s\\\\AppData\\\\Local\\\\Temp\\\\aiboard-integration-handoff-ignored-race-1zoaRN"}
# Subtest: crash recovery never overwrites an ignored untracked target path
ok 168 - crash recovery never overwrites an ignored untracked target path
  ---
  duration_ms: 4372.0337
  type: 'test'
  ...
# C5 CLI root: {"event":"created","path":"C:\\\\Users\\\\b_a_s\\\\AppData\\\\Local\\\\Temp\\\\aiboard-integration-handoff-concurrent-journals-QsgxgZ"}
# Subtest: the live checkout rechecks ignored target paths after advancing the ref
ok 169 - the live checkout rechecks ignored target paths after advancing the ref
  ---
  duration_ms: 4543.9091
  type: 'test'
  ...
# C5 CLI root: {"event":"created","path":"C:\\\\Users\\\\b_a_s\\\\AppData\\\\Local\\\\Temp\\\\aiboard-integration-handoff-concurrent-journals-pplbLR"}
# Subtest: concurrent managers cannot delete the winning post-ref crash journal
ok 170 - concurrent managers cannot delete the winning post-ref crash journal
  ---
  duration_ms: 5914.791
  type: 'test'
  ...
# C5 CLI root: {"event":"created","path":"C:\\\\Users\\\\b_a_s\\\\AppData\\\\Local\\\\Temp\\\\aiboard-integration-handoff-abandoned-and-winner-6rsncL"}
# Subtest: concurrent managers cannot delete the winning post-ref crash journal (early loser)
ok 171 - concurrent managers cannot delete the winning post-ref crash journal (early loser)
  ---
  duration_ms: 5803.8002
  type: 'test'
  ...
# C5 CLI root: {"event":"created","path":"C:\\\\Users\\\\b_a_s\\\\AppData\\\\Local\\\\Temp\\\\aiboard-integration-handoff-standalone-abandoned-relyHF"}
# Subtest: recovery retires an abandoned pre-CAS transition beside a crashed winner
ok 172 - recovery retires an abandoned pre-CAS transition beside a crashed winner
  ---
  duration_ms: 6359.9666
  type: 'test'
  ...
# C5 CLI root: {"event":"created","path":"C:\\\\Users\\\\b_a_s\\\\AppData\\\\Local\\\\Temp\\\\aiboard-integration-handoff-retirement-resume-iJEzvQ"}
# Subtest: a standalone abandoned pre-CAS journal does not block the next apply
ok 173 - a standalone abandoned pre-CAS journal does not block the next apply
  ---
  duration_ms: 5327.1906
  type: 'test'
  ...
# C5 CLI root: {"event":"created","path":"C:\\\\Users\\\\b_a_s\\\\AppData\\\\Local\\\\Temp\\\\aiboard-integration-handoff-winner-anchor-iai5Oq"}
# Subtest: retiring an abandoned transition resumes after its ownership ref was released
ok 174 - retiring an abandoned transition resumes after its ownership ref was released
  ---
  duration_ms: 5354.2505
  type: 'test'
  ...
# C5 CLI root: {"event":"created","path":"C:\\\\Users\\\\b_a_s\\\\AppData\\\\Local\\\\Temp\\\\aiboard-integration-handoff-winner-release-death-66anCf"}
# Subtest: winner journal survives death after adjacent abandoned transitions retire
ok 175 - winner journal survives death after adjacent abandoned transitions retire
  ---
  duration_ms: 6696.3288
  type: 'test'
  ...
# C5 CLI root: {"event":"created","path":"C:\\\\Users\\\\b_a_s\\\\AppData\\\\Local\\\\Temp\\\\aiboard-integration-handoff-winner-parent-ownership-dKtkst"}
# Subtest: winner cleanup resumes after death immediately after ownership release
ok 176 - winner cleanup resumes after death immediately after ownership release
  ---
  duration_ms: 4780.7987
  type: 'test'
  ...
# C5 CLI root: {"event":"created","path":"C:\\\\Users\\\\b_a_s\\\\AppData\\\\Local\\\\Temp\\\\aiboard-integration-handoff-crash-mismatch-YV46re"}
# Subtest: winner classification survives branch-CAS death and cleanup-release death
ok 177 - winner classification survives branch-CAS death and cleanup-release death
  ---
  duration_ms: 6133.9589
  type: 'test'
  ...
# C5 CLI root: {"event":"created","path":"C:\\\\Users\\\\b_a_s\\\\AppData\\\\Local\\\\Temp\\\\aiboard-integration-handoff-crash-ref-moved-2CPGs2"}
# Subtest: journal recovery blocks mismatches and preserves post-crash user edits
ok 178 - journal recovery blocks mismatches and preserves post-crash user edits
  ---
  duration_ms: 4752.2036
  type: 'test'
  ...
# C5 CLI root: {"event":"created","path":"C:\\\\Users\\\\b_a_s\\\\AppData\\\\Local\\\\Temp\\\\aiboard-integration-handoff-journal-lifecycle-SKoyBj"}
# Subtest: journal recovery never mutates a branch whose ref moved elsewhere
ok 179 - journal recovery never mutates a branch whose ref moved elsewhere
  ---
  duration_ms: 4537.812
  type: 'test'
  ...
# C5 CLI root: {"event":"created","path":"C:\\\\Users\\\\b_a_s\\\\AppData\\\\Local\\\\Temp\\\\aiboard-integration-handoff-detached-jeoiG2"}
# Subtest: normal success clears its apply journal and unjournaled dirty state stays blocked
ok 180 - normal success clears its apply journal and unjournaled dirty state stays blocked
  ---
  duration_ms: 4190.3456
  type: 'test'
  ...
# C5 CLI root: {"event":"created","path":"C:\\\\Users\\\\b_a_s\\\\AppData\\\\Local\\\\Temp\\\\aiboard-integration-handoff-conflict-ih4snR"}
# Subtest: final handoff rejects a detached project without changing it
ok 181 - final handoff rejects a detached project without changing it
  ---
  duration_ms: 2885.9573
  type: 'test'
  ...
# C5 CLI root: {"event":"created","path":"C:\\\\Users\\\\b_a_s\\\\AppData\\\\Local\\\\Temp\\\\aiboard-integration-handoff-rollback-8X1pYc"}
# Subtest: final handoff conflicts leave a clean project branch unchanged
ok 182 - final handoff conflicts leave a clean project branch unchanged
  ---
  duration_ms: 3125.2659
  type: 'test'
  ...
# C5 CLI root: {"event":"created","path":"C:\\\\Users\\\\b_a_s\\\\AppData\\\\Local\\\\Temp\\\\aiboard-integration-handoff-stage-race-RiMLGs"}
# Subtest: failed project commit rolls back only the Runner patch
ok 183 - failed project commit rolls back only the Runner patch
  ---
  duration_ms: 2850.5572
  type: 'test'
  ...
# C5 CLI root: {"event":"created","path":"C:\\\\Users\\\\b_a_s\\\\AppData\\\\Local\\\\Temp\\\\aiboard-integration-handoff-ref-race-OJlDE2"}
# Subtest: concurrent staged user changes are not swept into the AIBoard commit
ok 184 - concurrent staged user changes are not swept into the AIBoard commit
  ---
  duration_ms: 3124.7306
  type: 'test'
  ...
# C5 CLI root: {"event":"created","path":"C:\\\\Users\\\\b_a_s\\\\AppData\\\\Local\\\\Temp\\\\aiboard-integration-handoff-throw-SBtaPJ"}
# Subtest: a concurrent project commit wins the branch compare-and-swap
ok 185 - a concurrent project commit wins the branch compare-and-swap
  ---
  duration_ms: 3120.1097
  type: 'test'
  ...
# C5 CLI root: {"event":"created","path":"C:\\\\Users\\\\b_a_s\\\\AppData\\\\Local\\\\Temp\\\\aiboard-integration-files-EPFhkk"}
# Subtest: a thrown commit executor leaves the project unchanged
ok 186 - a thrown commit executor leaves the project unchanged
  ---
  duration_ms: 3119.3004
  type: 'test'
  ...
# C5 CLI root: {"event":"created","path":"C:\\\\Users\\\\b_a_s\\\\AppData\\\\Local\\\\Temp\\\\aiboard-integration-json-budget-PNRFbH"}
# Subtest: files returns bounded tracked UTF-8 content from the integration revision
ok 187 - files returns bounded tracked UTF-8 content from the integration revision
  ---
  duration_ms: 1816.9429
  type: 'test'
  ...
# C5 CLI root: {"event":"created","path":"C:\\\\Users\\\\b_a_s\\\\AppData\\\\Local\\\\Temp\\\\aiboard-integration-project-files-kwlIJ8"}
# Subtest: files budgets the serialized JSON envelope including control-character escaping
ok 188 - files budgets the serialized JSON envelope including control-character escaping
  ---
  duration_ms: 1180.404
  type: 'test'
  ...
# C5 CLI root: {"event":"created","path":"C:\\\\Users\\\\b_a_s\\\\AppData\\\\Local\\\\Temp\\\\aiboard-integration-project-files-pinned-haCw0K"}
# Subtest: files reads the committed project revision when project is the source
ok 189 - files reads the committed project revision when project is the source
  ---
  duration_ms: 1295.0369
  type: 'test'
  ...
# C5 CLI root: {"event":"created","path":"C:\\\\Users\\\\b_a_s\\\\AppData\\\\Local\\\\Temp\\\\aiboard-integration-cleanup-QphcSo"}
# Subtest: files reads the exact applied project revision when the project has additional history
ok 190 - files reads the exact applied project revision when the project has additional history
  ---
  duration_ms: 4037.6182
  type: 'test'
  ...
# C5 CLI root: {"event":"created","path":"C:\\\\Users\\\\b_a_s\\\\AppData\\\\Local\\\\Temp\\\\aiboard-integration-cleanup-empty-stale-unmarked-bUqqcg"}
# Subtest: cleanup removes the owned integration worktree but retains its audit branch
ok 191 - cleanup removes the owned integration worktree but retains its audit branch
  ---
  duration_ms: 1597.4709
  type: 'test'
  ...
# C5 CLI root: {"event":"created","path":"C:\\\\Users\\\\b_a_s\\\\AppData\\\\Local\\\\Temp\\\\aiboard-integration-initialize-empty-legacy-EQsXaC"}
# Subtest: cleanup removes an exact empty integration directory without a prunable marker
ok 192 - cleanup removes an exact empty integration directory without a prunable marker
  ---
  duration_ms: 1259.1176
  type: 'test'
  ...
# C5 CLI root: {"event":"created","path":"C:\\\\Users\\\\b_a_s\\\\AppData\\\\Local\\\\Temp\\\\aiboard-integration-initialize-empty-legacy-cleanup-only-iGxsvl"}
# Subtest: active initialization restores an exact empty legacy integration directory as a working worktree
ok 193 - active initialization restores an exact empty legacy integration directory as a working worktree
  ---
  duration_ms: 2776.214
  type: 'test'
  ...
# C5 CLI root: {"event":"created","path":"C:\\\\Users\\\\b_a_s\\\\AppData\\\\Local\\\\Temp\\\\aiboard-integration-cleanup-nonempty-stale-brOQzM"}
# Subtest: cleanup-only initialization retains a locked empty legacy integration directory until cleanup can retry
ok 194 - cleanup-only initialization retains a locked empty legacy integration directory until cleanup can retry
  ---
  duration_ms: 1609.1457
  type: 'test'
  ...
# C5 CLI root: {"event":"created","path":"C:\\\\Users\\\\b_a_s\\\\AppData\\\\Local\\\\Temp\\\\aiboard-integration-cleanup-unexpected-path-HYOiXI"}
# Subtest: cleanup refuses a nonempty invalid integration directory with a stale worktree record
ok 195 - cleanup refuses a nonempty invalid integration directory with a stale worktree record
  ---
  duration_ms: 1194.0506
  type: 'test'
  ...
# Subtest: cleanup refuses an integration worktree associated with an unexpected path
ok 196 - cleanup refuses an integration worktree associated with an unexpected path
  ---
  duration_ms: 1142.3978
  type: 'test'
  ...
# C5 CLI root: {"event":"exit","path":"C:\\\\Users\\\\b_a_s\\\\AppData\\\\Local\\\\Temp\\\\aiboard-integration-ordered-yshBUL","existsAtExit":false}
# C5 CLI root: {"event":"exit","path":"C:\\\\Users\\\\b_a_s\\\\AppData\\\\Local\\\\Temp\\\\aiboard-integration-conflict-DVlzEW","existsAtExit":false}
# C5 CLI root: {"event":"exit","path":"C:\\\\Users\\\\b_a_s\\\\AppData\\\\Local\\\\Temp\\\\aiboard-integration-attempt-base-JnJpO3","existsAtExit":false}
# C5 CLI root: {"event":"exit","path":"C:\\\\Users\\\\b_a_s\\\\AppData\\\\Local\\\\Temp\\\\aiboard-integration-no-change-a2Yihb","existsAtExit":false}
# C5 CLI root: {"event":"exit","path":"C:\\\\Users\\\\b_a_s\\\\AppData\\\\Local\\\\Temp\\\\aiboard-integration-handoff-apply-lFfois","existsAtExit":false}
# C5 CLI root: {"event":"exit","path":"C:\\\\Users\\\\b_a_s\\\\AppData\\\\Local\\\\Temp\\\\aiboard-integration-handoff-dirty-G7TdMR","existsAtExit":false}
# C5 CLI root: {"event":"exit","path":"C:\\\\Users\\\\b_a_s\\\\AppData\\\\Local\\\\Temp\\\\aiboard-integration-handoff-crash-repair-3rMt1H","existsAtExit":false}
# C5 CLI root: {"event":"exit","path":"C:\\\\Users\\\\b_a_s\\\\AppData\\\\Local\\\\Temp\\\\aiboard-integration-handoff-real-crash-7g7S2X","existsAtExit":false}
# C5 CLI root: {"event":"exit","path":"C:\\\\Users\\\\b_a_s\\\\AppData\\\\Local\\\\Temp\\\\aiboard-integration-handoff-ignored-crash-nOGGDv","existsAtExit":false}
# C5 CLI root: {"event":"exit","path":"C:\\\\Users\\\\b_a_s\\\\AppData\\\\Local\\\\Temp\\\\aiboard-integration-handoff-ignored-race-1zoaRN","existsAtExit":false}
# C5 CLI root: {"event":"exit","path":"C:\\\\Users\\\\b_a_s\\\\AppData\\\\Local\\\\Temp\\\\aiboard-integration-handoff-concurrent-journals-QsgxgZ","existsAtExit":false}
# C5 CLI root: {"event":"exit","path":"C:\\\\Users\\\\b_a_s\\\\AppData\\\\Local\\\\Temp\\\\aiboard-integration-handoff-concurrent-journals-pplbLR","existsAtExit":false}
# C5 CLI root: {"event":"exit","path":"C:\\\\Users\\\\b_a_s\\\\AppData\\\\Local\\\\Temp\\\\aiboard-integration-handoff-abandoned-and-winner-6rsncL","existsAtExit":false}
# C5 CLI root: {"event":"exit","path":"C:\\\\Users\\\\b_a_s\\\\AppData\\\\Local\\\\Temp\\\\aiboard-integration-handoff-standalone-abandoned-relyHF","existsAtExit":false}
# C5 CLI root: {"event":"exit","path":"C:\\\\Users\\\\b_a_s\\\\AppData\\\\Local\\\\Temp\\\\aiboard-integration-handoff-retirement-resume-iJEzvQ","existsAtExit":false}
# C5 CLI root: {"event":"exit","path":"C:\\\\Users\\\\b_a_s\\\\AppData\\\\Local\\\\Temp\\\\aiboard-integration-handoff-winner-anchor-iai5Oq","existsAtExit":false}
# C5 CLI root: {"event":"exit","path":"C:\\\\Users\\\\b_a_s\\\\AppData\\\\Local\\\\Temp\\\\aiboard-integration-handoff-winner-release-death-66anCf","existsAtExit":false}
# C5 CLI root: {"event":"exit","path":"C:\\\\Users\\\\b_a_s\\\\AppData\\\\Local\\\\Temp\\\\aiboard-integration-handoff-winner-parent-ownership-dKtkst","existsAtExit":false}
# C5 CLI root: {"event":"exit","path":"C:\\\\Users\\\\b_a_s\\\\AppData\\\\Local\\\\Temp\\\\aiboard-integration-handoff-crash-mismatch-YV46re","existsAtExit":false}
# C5 CLI root: {"event":"exit","path":"C:\\\\Users\\\\b_a_s\\\\AppData\\\\Local\\\\Temp\\\\aiboard-integration-handoff-crash-ref-moved-2CPGs2","existsAtExit":false}
# C5 CLI root: {"event":"exit","path":"C:\\\\Users\\\\b_a_s\\\\AppData\\\\Local\\\\Temp\\\\aiboard-integration-handoff-journal-lifecycle-SKoyBj","existsAtExit":false}
# C5 CLI root: {"event":"exit","path":"C:\\\\Users\\\\b_a_s\\\\AppData\\\\Local\\\\Temp\\\\aiboard-integration-handoff-detached-jeoiG2","existsAtExit":false}
# C5 CLI root: {"event":"exit","path":"C:\\\\Users\\\\b_a_s\\\\AppData\\\\Local\\\\Temp\\\\aiboard-integration-handoff-conflict-ih4snR","existsAtExit":false}
# C5 CLI root: {"event":"exit","path":"C:\\\\Users\\\\b_a_s\\\\AppData\\\\Local\\\\Temp\\\\aiboard-integration-handoff-rollback-8X1pYc","existsAtExit":false}
# C5 CLI root: {"event":"exit","path":"C:\\\\Users\\\\b_a_s\\\\AppData\\\\Local\\\\Temp\\\\aiboard-integration-handoff-stage-race-RiMLGs","existsAtExit":false}
# C5 CLI root: {"event":"exit","path":"C:\\\\Users\\\\b_a_s\\\\AppData\\\\Local\\\\Temp\\\\aiboard-integration-handoff-ref-race-OJlDE2","existsAtExit":false}
# C5 CLI root: {"event":"exit","path":"C:\\\\Users\\\\b_a_s\\\\AppData\\\\Local\\\\Temp\\\\aiboard-integration-handoff-throw-SBtaPJ","existsAtExit":false}
# C5 CLI root: {"event":"exit","path":"C:\\\\Users\\\\b_a_s\\\\AppData\\\\Local\\\\Temp\\\\aiboard-integration-files-EPFhkk","existsAtExit":false}
# C5 CLI root: {"event":"exit","path":"C:\\\\Users\\\\b_a_s\\\\AppData\\\\Local\\\\Temp\\\\aiboard-integration-json-budget-PNRFbH","existsAtExit":false}
# C5 CLI root: {"event":"exit","path":"C:\\\\Users\\\\b_a_s\\\\AppData\\\\Local\\\\Temp\\\\aiboard-integration-project-files-kwlIJ8","existsAtExit":false}
# C5 CLI root: {"event":"exit","path":"C:\\\\Users\\\\b_a_s\\\\AppData\\\\Local\\\\Temp\\\\aiboard-integration-project-files-pinned-haCw0K","existsAtExit":false}
# C5 CLI root: {"event":"exit","path":"C:\\\\Users\\\\b_a_s\\\\AppData\\\\Local\\\\Temp\\\\aiboard-integration-cleanup-QphcSo","existsAtExit":false}
# C5 CLI root: {"event":"exit","path":"C:\\\\Users\\\\b_a_s\\\\AppData\\\\Local\\\\Temp\\\\aiboard-integration-cleanup-empty-stale-unmarked-bUqqcg","existsAtExit":false}
# C5 CLI root: {"event":"exit","path":"C:\\\\Users\\\\b_a_s\\\\AppData\\\\Local\\\\Temp\\\\aiboard-integration-initialize-empty-legacy-EQsXaC","existsAtExit":false}
# C5 CLI root: {"event":"exit","path":"C:\\\\Users\\\\b_a_s\\\\AppData\\\\Local\\\\Temp\\\\aiboard-integration-initialize-empty-legacy-cleanup-only-iGxsvl","existsAtExit":false}
# C5 CLI root: {"event":"exit","path":"C:\\\\Users\\\\b_a_s\\\\AppData\\\\Local\\\\Temp\\\\aiboard-integration-cleanup-nonempty-stale-brOQzM","existsAtExit":false}
# C5 CLI root: {"event":"exit","path":"C:\\\\Users\\\\b_a_s\\\\AppData\\\\Local\\\\Temp\\\\aiboard-integration-cleanup-unexpected-path-HYOiXI","existsAtExit":false}
# C5 CLI root: {"event":"created","path":"C:\\\\Users\\\\b_a_s\\\\AppData\\\\Local\\\\Temp\\\\p683-context-PCeH1l"}
# Subtest: LSP invocation propagates the exact original code.workspace_symbols grant and identity
ok 197 - LSP invocation propagates the exact original code.workspace_symbols grant and identity
  ---
  duration_ms: 14.0647
  type: 'test'
  ...
# invocation root acquired: C:\\Users\\b_a_s\\AppData\\Local\\Temp\\p683-context-PCeH1l
# invocation root removed: C:\\Users\\b_a_s\\AppData\\Local\\Temp\\p683-context-PCeH1l
# C5 CLI root: {"event":"created","path":"C:\\\\Users\\\\b_a_s\\\\AppData\\\\Local\\\\Temp\\\\p683-context-3i0bL4"}
# Subtest: LSP invocation propagates the exact original code.definition grant and identity
ok 198 - LSP invocation propagates the exact original code.definition grant and identity
  ---
  duration_ms: 2.4167
  type: 'test'
  ...
# invocation root acquired: C:\\Users\\b_a_s\\AppData\\Local\\Temp\\p683-context-3i0bL4
# invocation root removed: C:\\Users\\b_a_s\\AppData\\Local\\Temp\\p683-context-3i0bL4
# C5 CLI root: {"event":"created","path":"C:\\\\Users\\\\b_a_s\\\\AppData\\\\Local\\\\Temp\\\\p683-context-HUnaIz"}
# Subtest: LSP invocation propagates the exact original code.references grant and identity
ok 199 - LSP invocation propagates the exact original code.references grant and identity
  ---
  duration_ms: 1.8015
  type: 'test'
  ...
# invocation root acquired: C:\\Users\\b_a_s\\AppData\\Local\\Temp\\p683-context-HUnaIz
# invocation root removed: C:\\Users\\b_a_s\\AppData\\Local\\Temp\\p683-context-HUnaIz
# C5 CLI root: {"event":"created","path":"C:\\\\Users\\\\b_a_s\\\\AppData\\\\Local\\\\Temp\\\\p683-context-jdVwfX"}
# Subtest: LSP invocation propagates the exact original code.diagnostics grant and identity
ok 200 - LSP invocation propagates the exact original code.diagnostics grant and identity
  ---
  duration_ms: 1.6429
  type: 'test'
  ...
# invocation root acquired: C:\\Users\\b_a_s\\AppData\\Local\\Temp\\p683-context-jdVwfX
# invocation root removed: C:\\Users\\b_a_s\\AppData\\Local\\Temp\\p683-context-jdVwfX
# C5 CLI root: {"event":"created","path":"C:\\\\Users\\\\b_a_s\\\\AppData\\\\Local\\\\Temp\\\\p683-context-QESkf8"}
# Subtest: LSP invocation propagates the exact original fs.write grant and identity
ok 201 - LSP invocation propagates the exact original fs.write grant and identity
  ---
  duration_ms: 30.8443
  type: 'test'
  ...
# invocation root acquired: C:\\Users\\b_a_s\\AppData\\Local\\Temp\\p683-context-QESkf8
# invocation root removed: C:\\Users\\b_a_s\\AppData\\Local\\Temp\\p683-context-QESkf8
# C5 CLI root: {"event":"exit","path":"C:\\\\Users\\\\b_a_s\\\\AppData\\\\Local\\\\Temp\\\\p683-context-PCeH1l","existsAtExit":false}
# C5 CLI root: {"event":"exit","path":"C:\\\\Users\\\\b_a_s\\\\AppData\\\\Local\\\\Temp\\\\p683-context-3i0bL4","existsAtExit":false}
# C5 CLI root: {"event":"exit","path":"C:\\\\Users\\\\b_a_s\\\\AppData\\\\Local\\\\Temp\\\\p683-context-HUnaIz","existsAtExit":false}
# C5 CLI root: {"event":"exit","path":"C:\\\\Users\\\\b_a_s\\\\AppData\\\\Local\\\\Temp\\\\p683-context-jdVwfX","existsAtExit":false}
# C5 CLI root: {"event":"exit","path":"C:\\\\Users\\\\b_a_s\\\\AppData\\\\Local\\\\Temp\\\\p683-context-QESkf8","existsAtExit":false}
# C5 CLI root: {"event":"created","path":"C:\\\\Users\\\\b_a_s\\\\AppData\\\\Local\\\\Temp\\\\p683-native-YLt2gN"}
# C5 CLI root: {"event":"created","path":"C:\\\\Users\\\\b_a_s\\\\AppData\\\\Local\\\\Temp\\\\aiboard-windows-semantic-duplex-YStuAz"}
# C5 CLI root: {"event":"created","path":"C:\\\\Users\\\\b_a_s\\\\AppData\\\\Local\\\\Temp\\\\aiboard-windows-semantic-batch-e6lSrn"}
# C5 CLI root: {"event":"created","path":"C:\\\\Users\\\\b_a_s\\\\AppData\\\\Local\\\\Temp\\\\aiboard-windows-semantic-tree-jfx9Fq"}
# Subtest: LSP real shared host is lazy and code plus filesystem diagnostics retain exact fresh ToolBroker authority
ok 202 - LSP real shared host is lazy and code plus filesystem diagnostics retain exact fresh ToolBroker authority
  ---
  duration_ms: 21454.0275
  type: 'test'
  ...
# exact native LSP fixture acquired: C:\\Users\\b_a_s\\AppData\\Local\\Temp\\p683-native-YLt2gN
# actual code grant, actual post-write grant, separate agent, protocol shutdown and shared release verified
# certified native LSP fixture removed: C:\\Users\\b_a_s\\AppData\\Local\\Temp\\p683-native-YLt2gN
# C5 CLI root: {"event":"exit","path":"C:\\\\Users\\\\b_a_s\\\\AppData\\\\Local\\\\Temp\\\\p683-native-YLt2gN","existsAtExit":false}
# C5 CLI root: {"event":"exit","path":"C:\\\\Users\\\\b_a_s\\\\AppData\\\\Local\\\\Temp\\\\aiboard-windows-semantic-duplex-YStuAz","existsAtExit":false}
# C5 CLI root: {"event":"exit","path":"C:\\\\Users\\\\b_a_s\\\\AppData\\\\Local\\\\Temp\\\\aiboard-windows-semantic-batch-e6lSrn","existsAtExit":false}
# C5 CLI root: {"event":"exit","path":"C:\\\\Users\\\\b_a_s\\\\AppData\\\\Local\\\\Temp\\\\aiboard-windows-semantic-tree-jfx9Fq","existsAtExit":false}
# C5 CLI root: {"event":"created","path":"C:\\\\Users\\\\b_a_s\\\\AppData\\\\Local\\\\Temp\\\\aiboard-architect-reassigned-review-WZxmo5"}
# Subtest: Architect model calls carry direct durable role attribution
ok 203 - Architect model calls carry direct durable role attribution
  ---
  duration_ms: 0.8158
  type: 'test'
  ...
# Subtest: Architect review context carries the submitted criterion evidence mapping
ok 204 - Architect review context carries the submitted criterion evidence mapping
  ---
  duration_ms: 0.5372
  type: 'test'
  ...
# C5 CLI root: {"event":"created","path":"C:\\\\Users\\\\b_a_s\\\\AppData\\\\Local\\\\Temp\\\\aiboard-native-architect-steering-jZ70zO"}
# Subtest: Architect review loads the revised worker session instead of the legacy same-attempt session
ok 205 - Architect review loads the revised worker session instead of the legacy same-attempt session
  ---
  duration_ms: 47.2516
  type: 'test'
  ...
# Subtest: Architect skill routing prioritizes the task named by the current action
ok 206 - Architect skill routing prioritizes the task named by the current action
  ---
  duration_ms: 0.7374
  type: 'test'
  ...
# Subtest: Architect reviews inspect the submitted attempt workspace instead of the project root
ok 207 - Architect reviews inspect the submitted attempt workspace instead of the project root
  ---
  duration_ms: 0.1252
  type: 'test'
  ...
# C5 CLI root: {"event":"created","path":"C:\\\\Users\\\\b_a_s\\\\AppData\\\\Local\\\\Temp\\\\aiboard-native-architect-ecJFJh"}
# Subtest: Native Architect steering cancellation does not create a user-decision pause
ok 208 - Native Architect steering cancellation does not create a user-decision pause
  ---
  duration_ms: 119.4925
  type: 'test'
  ...
# C5 CLI root: {"event":"created","path":"C:\\\\Users\\\\b_a_s\\\\AppData\\\\Local\\\\Temp\\\\aiboard-architect-extension-project-bkzHAP"}
# Subtest: Architect provider failure pauses for user-selected handoff before planning
ok 209 - Architect provider failure pauses for user-selected handoff before planning
  ---
  duration_ms: 169.7336
  type: 'test'
  ...
# C5 CLI root: {"event":"created","path":"C:\\\\Users\\\\b_a_s\\\\AppData\\\\Local\\\\Temp\\\\aiboard-architect-extension-full-17HVEO"}
# C5 CLI root: {"event":"created","path":"C:\\\\Users\\\\b_a_s\\\\AppData\\\\Local\\\\Temp\\\\aiboard-plan-only-tools-T4gcse"}
# C5 CLI root: {"event":"created","path":"C:\\\\Users\\\\b_a_s\\\\AppData\\\\Local\\\\Temp\\\\aiboard-architect-resume-X0sPNF"}
# Subtest: Architect excludes mutating extension tools under Project and Full access
ok 210 - Architect excludes mutating extension tools under Project and Full access
  ---
  duration_ms: 225.6653
  type: 'test'
  ...
# Subtest: Plan-only rejects forged mutating browser and MCP calls even under Full access
ok 211 - Plan-only rejects forged mutating browser and MCP calls even under Full access
  ---
  duration_ms: 1.3314
  type: 'test'
  ...
# Subtest: resumed Architect action receives a fresh mechanical reminder
ok 212 - resumed Architect action receives a fresh mechanical reminder
  ---
  duration_ms: 110.7487
  type: 'test'
  ...
# C5 CLI root: {"event":"exit","path":"C:\\\\Users\\\\b_a_s\\\\AppData\\\\Local\\\\Temp\\\\aiboard-architect-reassigned-review-WZxmo5","existsAtExit":false}
# C5 CLI root: {"event":"exit","path":"C:\\\\Users\\\\b_a_s\\\\AppData\\\\Local\\\\Temp\\\\aiboard-native-architect-steering-jZ70zO","existsAtExit":false}
# C5 CLI root: {"event":"exit","path":"C:\\\\Users\\\\b_a_s\\\\AppData\\\\Local\\\\Temp\\\\aiboard-native-architect-ecJFJh","existsAtExit":false}
# C5 CLI root: {"event":"exit","path":"C:\\\\Users\\\\b_a_s\\\\AppData\\\\Local\\\\Temp\\\\aiboard-architect-extension-project-bkzHAP","existsAtExit":false}
# C5 CLI root: {"event":"exit","path":"C:\\\\Users\\\\b_a_s\\\\AppData\\\\Local\\\\Temp\\\\aiboard-architect-extension-full-17HVEO","existsAtExit":false}
# C5 CLI root: {"event":"exit","path":"C:\\\\Users\\\\b_a_s\\\\AppData\\\\Local\\\\Temp\\\\aiboard-plan-only-tools-T4gcse","existsAtExit":false}
# C5 CLI root: {"event":"exit","path":"C:\\\\Users\\\\b_a_s\\\\AppData\\\\Local\\\\Temp\\\\aiboard-architect-resume-X0sPNF","existsAtExit":false}
# C5 CLI root: {"event":"created","path":"C:\\\\Users\\\\b_a_s\\\\AppData\\\\Local\\\\Temp\\\\aiboard-native-capabilities-execution-host-mcp-order-CvWCMZ"}
# C5 CLI root: {"event":"created","path":"C:\\\\Users\\\\b_a_s\\\\AppData\\\\Local\\\\Temp\\\\aiboard-windows-semantic-duplex-CC63H4"}
# C5 CLI root: {"event":"created","path":"C:\\\\Users\\\\b_a_s\\\\AppData\\\\Local\\\\Temp\\\\aiboard-windows-semantic-batch-QRv7qv"}
# C5 CLI root: {"event":"created","path":"C:\\\\Users\\\\b_a_s\\\\AppData\\\\Local\\\\Temp\\\\aiboard-windows-semantic-tree-tdA17v"}
# C5 CLI root: {"event":"created","path":"C:\\\\Users\\\\b_a_s\\\\AppData\\\\Local\\\\Temp\\\\aiboard-native-capabilities-metadata-Y3LcfC"}
# Subtest: production composition settles its owned MCP and run binding while retaining history and isolating another run
ok 213 - production composition settles its owned MCP and run binding while retaining history and isolating another run
  ---
  duration_ms: 65600.6097
  type: 'test'
  ...
# C5 CLI root: {"event":"created","path":"C:\\\\Users\\\\b_a_s\\\\AppData\\\\Local\\\\Temp\\\\aiboard-native-capabilities-metadata-Y3LcfC\\\\state\\\\capability-snapshots\\\\.staging-ENw66o"}
# C5 CLI root: {"event":"created","path":"C:\\\\Users\\\\b_a_s\\\\AppData\\\\Local\\\\Temp\\\\aiboard-native-capabilities-metadata-Y3LcfC\\\\state\\\\builds\\\\capability-metadata-9edcc03a39\\\\extension-executions\\\\.0677af4400a8cb12-e8c1oO"}
# C5 CLI root: {"event":"created","path":"C:\\\\Users\\\\b_a_s\\\\AppData\\\\Local\\\\Temp\\\\aiboard-windows-semantic-duplex-ooF8oC"}
# C5 CLI root: {"event":"created","path":"C:\\\\Users\\\\b_a_s\\\\AppData\\\\Local\\\\Temp\\\\aiboard-windows-semantic-batch-glUyLN"}
# C5 CLI root: {"event":"created","path":"C:\\\\Users\\\\b_a_s\\\\AppData\\\\Local\\\\Temp\\\\aiboard-windows-semantic-tree-qYCjE7"}
# C5 CLI root: {"event":"created","path":"C:\\\\Users\\\\b_a_s\\\\AppData\\\\Local\\\\Temp\\\\aiboard-native-capabilities-recovery-preflight-start-cleanup-ZGR1SZ"}
# Subtest: NativeBuildFactory loads configured capabilities and reports provider audit metadata
ok 214 - NativeBuildFactory loads configured capabilities and reports provider audit metadata
  ---
  duration_ms: 12418.1971
  type: 'test'
  ...
# C5 CLI root: {"event":"created","path":"C:\\\\Users\\\\b_a_s\\\\AppData\\\\Local\\\\Temp\\\\aiboard-native-capabilities-recovery-preflight-start-cleanup-ZGR1SZ\\\\state\\\\capability-snapshots\\\\.staging-Ute4hE"}
# C5 CLI root: {"event":"created","path":"C:\\\\Users\\\\b_a_s\\\\AppData\\\\Local\\\\Temp\\\\aiboard-native-capabilities-standalone-preflight-close-retry-wUjzWC"}
# Subtest: active recovery validates matching snapshots without starting extension lifecycle code
ok 215 - active recovery validates matching snapshots without starting extension lifecycle code
  ---
  duration_ms: 25.0385
  type: 'test'
  ...
# C5 CLI root: {"event":"created","path":"C:\\\\Users\\\\b_a_s\\\\AppData\\\\Local\\\\Temp\\\\aiboard-native-capabilities-standalone-preflight-close-retry-wUjzWC\\\\state\\\\extension-executions\\\\.3ceaab75a4e558c2-A088J4"}
# C5 CLI root: {"event":"created","path":"C:\\\\Users\\\\b_a_s\\\\AppData\\\\Local\\\\Temp\\\\aiboard-native-capabilities-partial-start-disposer-retry-TSDNDT"}
# Subtest: standalone capability preflight sweeps retryable close failures before releasing ownership
ok 216 - standalone capability preflight sweeps retryable close failures before releasing ownership
  ---
  duration_ms: 58.9449
  type: 'test'
  ...
# C5 CLI root: {"event":"created","path":"C:\\\\Users\\\\b_a_s\\\\AppData\\\\Local\\\\Temp\\\\aiboard-native-capabilities-partial-start-disposer-retry-TSDNDT\\\\state\\\\extension-executions\\\\.bef6069c44697cb9-HN0JIt"}
# C5 CLI root: {"event":"created","path":"C:\\\\Users\\\\b_a_s\\\\AppData\\\\Local\\\\Temp\\\\aiboard-native-capabilities-router-collision-disposer-retry-mzh1d1"}
# Subtest: capability startup retries a failed partial-start disposer until its child exits
ok 217 - capability startup retries a failed partial-start disposer until its child exits
  ---
  duration_ms: 59.2793
  type: 'test'
  ...
# C5 finalizer10 acquired exact capability fixture: C:\\Users\\b_a_s\\AppData\\Local\\Temp\\aiboard-native-capabilities-partial-start-disposer-retry-TSDNDT
# C5 finalizer10 removed certified capability fixture: C:\\Users\\b_a_s\\AppData\\Local\\Temp\\aiboard-native-capabilities-partial-start-disposer-retry-TSDNDT
# C5 CLI root: {"event":"created","path":"C:\\\\Users\\\\b_a_s\\\\AppData\\\\Local\\\\Temp\\\\aiboard-native-capabilities-router-collision-disposer-retry-mzh1d1\\\\state\\\\extension-executions\\\\.f3d7786ed56e164e-D2gDRl"}
# C5 CLI root: {"event":"created","path":"C:\\\\Users\\\\b_a_s\\\\AppData\\\\Local\\\\Temp\\\\aiboard-native-capabilities-recovery-preflight-evaluation-sazryM"}
# Subtest: capability startup retries post-start router-collision cleanup in exact order
ok 218 - capability startup retries post-start router-collision cleanup in exact order
  ---
  duration_ms: 63.8387
  type: 'test'
  ...
# C5 finalizer10 acquired exact capability fixture: C:\\Users\\b_a_s\\AppData\\Local\\Temp\\aiboard-native-capabilities-router-collision-disposer-retry-mzh1d1
# C5 finalizer10 removed certified capability fixture: C:\\Users\\b_a_s\\AppData\\Local\\Temp\\aiboard-native-capabilities-router-collision-disposer-retry-mzh1d1
# C5 CLI root: {"event":"created","path":"C:\\\\Users\\\\b_a_s\\\\AppData\\\\Local\\\\Temp\\\\aiboard-native-capabilities-recovery-preflight-evaluation-sazryM\\\\state\\\\capability-snapshots\\\\.staging-WXcynJ"}
# C5 CLI root: {"event":"created","path":"C:\\\\Users\\\\b_a_s\\\\AppData\\\\Local\\\\Temp\\\\aiboard-native-capabilities-recovery-preflight-factory-Z1YYtZ"}
# C5 CLI root: {"event":"created","path":"C:\\\\Users\\\\b_a_s\\\\AppData\\\\Local\\\\Temp\\\\aiboard-native-capabilities-recovery-preflight-factory-Z1YYtZ\\\\state\\\\capability-snapshots\\\\.staging-TdLEUz"}
# C5 CLI root: {"event":"created","path":"C:\\\\Users\\\\b_a_s\\\\AppData\\\\Local\\\\Temp\\\\aiboard-native-capabilities-recovery-preflight-missing-snapshot-XOZNoH"}
# Subtest: active recovery never evaluates matching snapshot modules or extension factories
ok 219 - active recovery never evaluates matching snapshot modules or extension factories
  ---
  duration_ms: 43.1419
  type: 'test'
  ...
# C5 CLI root: {"event":"created","path":"C:\\\\Users\\\\b_a_s\\\\AppData\\\\Local\\\\Temp\\\\aiboard-native-capabilities-recovery-preflight-missing-snapshot-XOZNoH\\\\state\\\\capability-snapshots\\\\.staging-xi1pF2"}
# C5 CLI root: {"event":"created","path":"C:\\\\Users\\\\b_a_s\\\\AppData\\\\Local\\\\Temp\\\\aiboard-native-capabilities-recovery-preflight-corrupt-snapshot-hFumMs"}
# Subtest: active recovery validates a missing snapshot before evaluating an extension
ok 220 - active recovery validates a missing snapshot before evaluating an extension
  ---
  duration_ms: 15.9817
  type: 'test'
  ...
# C5 CLI root: {"event":"created","path":"C:\\\\Users\\\\b_a_s\\\\AppData\\\\Local\\\\Temp\\\\aiboard-native-capabilities-recovery-preflight-corrupt-snapshot-hFumMs\\\\state\\\\capability-snapshots\\\\.staging-IEXpEE"}
# C5 CLI root: {"event":"created","path":"C:\\\\Users\\\\b_a_s\\\\AppData\\\\Local\\\\Temp\\\\aiboard-native-capabilities-recovery-preflight-lsp-wF2VJB"}
# Subtest: active recovery validates a corrupt snapshot before evaluating an extension
ok 221 - active recovery validates a corrupt snapshot before evaluating an extension
  ---
  duration_ms: 18.3954
  type: 'test'
  ...
# C5 CLI root: {"event":"created","path":"C:\\\\Users\\\\b_a_s\\\\AppData\\\\Local\\\\Temp\\\\aiboard-native-capabilities-recovery-contract-q5TIjn"}
# Subtest: active recovery statically attests configured language servers without spawning them
ok 222 - active recovery statically attests configured language servers without spawning them
  ---
  duration_ms: 167.2156
  type: 'test'
  ...
# C5 CLI root: {"event":"created","path":"C:\\\\Users\\\\b_a_s\\\\AppData\\\\Local\\\\Temp\\\\aiboard-native-capabilities-recovery-contract-q5TIjn\\\\state\\\\capability-snapshots\\\\.staging-cZ5zqG"}
# C5 CLI root: {"event":"created","path":"C:\\\\Users\\\\b_a_s\\\\AppData\\\\Local\\\\Temp\\\\aiboard-native-capabilities-helper-dependency-contract-AKtHht"}
# Subtest: NativeBuildFactory persists and validates a capability contract before recovery
ok 223 - NativeBuildFactory persists and validates a capability contract before recovery
  ---
  duration_ms: 887.3321
  type: 'test'
  ...
# C5 CLI root: {"event":"created","path":"C:\\\\Users\\\\b_a_s\\\\AppData\\\\Local\\\\Temp\\\\aiboard-native-capabilities-helper-dependency-contract-AKtHht\\\\state\\\\capability-snapshots\\\\.staging-VQFII9"}
# C5 CLI root: {"event":"created","path":"C:\\\\Users\\\\b_a_s\\\\AppData\\\\Local\\\\Temp\\\\aiboard-native-capabilities-legacy-capability-contract-dzdY1f"}
# Subtest: NativeBuildFactory rejects an active contract when a local extension helper changes
ok 224 - NativeBuildFactory rejects an active contract when a local extension helper changes
  ---
  duration_ms: 714.4519
  type: 'test'
  ...
# C5 CLI root: {"event":"created","path":"C:\\\\Users\\\\b_a_s\\\\AppData\\\\Local\\\\Temp\\\\aiboard-native-capabilities-legacy-capability-contract-dzdY1f\\\\state\\\\capability-snapshots\\\\.staging-fyhUAw"}
# C5 CLI root: {"event":"created","path":"C:\\\\Users\\\\b_a_s\\\\AppData\\\\Local\\\\Temp\\\\aiboard-native-capabilities-historical-execution-safety-contract-JdfLHR"}
# Subtest: NativeBuildFactory fails closed when an active legacy capability contract lacks an immutable closure
ok 225 - NativeBuildFactory fails closed when an active legacy capability contract lacks an immutable closure
  ---
  duration_ms: 700.7179
  type: 'test'
  ...
# C5 CLI root: {"event":"created","path":"C:\\\\Users\\\\b_a_s\\\\AppData\\\\Local\\\\Temp\\\\aiboard-native-capabilities-extension-snapshot-replacement-VGlxDI"}
# Subtest: NativeBuildFactory fails closed when an active historical contract lacks execution safety
ok 226 - NativeBuildFactory fails closed when an active historical contract lacks execution safety
  ---
  duration_ms: 698.6864
  type: 'test'
  ...
# C5 CLI root: {"event":"created","path":"C:\\\\Users\\\\b_a_s\\\\AppData\\\\Local\\\\Temp\\\\aiboard-native-capabilities-extension-snapshot-replacement-VGlxDI\\\\state\\\\capability-snapshots\\\\.staging-1nRqMp"}
# C5 CLI root: {"event":"created","path":"C:\\\\Users\\\\b_a_s\\\\AppData\\\\Local\\\\Temp\\\\aiboard-native-capabilities-extension-snapshot-replacement-VGlxDI\\\\state\\\\builds\\\\capability-extension-snapshot-replacemen-ac50b6f312\\\\extension-executions\\\\.02add0e1b1838345-58j4fU"}
# C5 CLI root: {"event":"created","path":"C:\\\\Users\\\\b_a_s\\\\AppData\\\\Local\\\\Temp\\\\aiboard-windows-semantic-duplex-fCmmSy"}
# C5 CLI root: {"event":"created","path":"C:\\\\Users\\\\b_a_s\\\\AppData\\\\Local\\\\Temp\\\\aiboard-windows-semantic-batch-vIoJSE"}
# C5 CLI root: {"event":"created","path":"C:\\\\Users\\\\b_a_s\\\\AppData\\\\Local\\\\Temp\\\\aiboard-windows-semantic-tree-5aGVUn"}
# C5 CLI root: {"event":"created","path":"C:\\\\Users\\\\b_a_s\\\\AppData\\\\Local\\\\Temp\\\\aiboard-native-capabilities-extension-tool-observation-ZkoXTp"}
# Subtest: NativeBuildFactory loads an extension snapshot after source replacement following validation
ok 227 - NativeBuildFactory loads an extension snapshot after source replacement following validation
  ---
  duration_ms: 13229.3841
  type: 'test'
  ...
# C5 CLI root: {"event":"created","path":"C:\\\\Users\\\\b_a_s\\\\AppData\\\\Local\\\\Temp\\\\aiboard-native-capabilities-extension-tool-observation-ZkoXTp\\\\state\\\\capability-snapshots\\\\.staging-E5DTRl"}
# C5 CLI root: {"event":"created","path":"C:\\\\Users\\\\b_a_s\\\\AppData\\\\Local\\\\Temp\\\\aiboard-native-capabilities-extension-tool-observation-ZkoXTp\\\\state\\\\builds\\\\capability-extension-tool-observation-5edb5eb1bf\\\\extension-executions\\\\.0677af4400a8cb12-vi6FmV"}
# C5 CLI root: {"event":"created","path":"C:\\\\Users\\\\b_a_s\\\\AppData\\\\Local\\\\Temp\\\\aiboard-windows-semantic-duplex-6psRJ5"}
# C5 CLI root: {"event":"created","path":"C:\\\\Users\\\\b_a_s\\\\AppData\\\\Local\\\\Temp\\\\aiboard-windows-semantic-batch-g9Vdts"}
# C5 CLI root: {"event":"created","path":"C:\\\\Users\\\\b_a_s\\\\AppData\\\\Local\\\\Temp\\\\aiboard-windows-semantic-tree-5uEseE"}
# C5 CLI root: {"event":"created","path":"C:\\\\Users\\\\b_a_s\\\\AppData\\\\Local\\\\Temp\\\\aiboard-native-capabilities-extension-language-close-1kfGHP"}
# Subtest: NativeBuildFactory snapshot preserves attribution for a live extension tool call
ok 228 - NativeBuildFactory snapshot preserves attribution for a live extension tool call
  ---
  duration_ms: 11665.2551
  type: 'test'
  ...
# C5 CLI root: {"event":"created","path":"C:\\\\Users\\\\b_a_s\\\\AppData\\\\Local\\\\Temp\\\\aiboard-native-capabilities-extension-language-close-1kfGHP\\\\state\\\\capability-snapshots\\\\.staging-zxVKeJ"}
# C5 CLI root: {"event":"created","path":"C:\\\\Users\\\\b_a_s\\\\AppData\\\\Local\\\\Temp\\\\aiboard-native-capabilities-extension-language-close-1kfGHP\\\\state\\\\builds\\\\capability-extension-language-close-a6f485b07d\\\\extension-executions\\\\.3c5f4d73efafb169-xuTf8b"}
# C5 CLI root: {"event":"created","path":"C:\\\\Users\\\\b_a_s\\\\AppData\\\\Local\\\\Temp\\\\aiboard-windows-semantic-duplex-CAweNb"}
# C5 CLI root: {"event":"created","path":"C:\\\\Users\\\\b_a_s\\\\AppData\\\\Local\\\\Temp\\\\aiboard-windows-semantic-batch-k4jjNn"}
# C5 CLI root: {"event":"created","path":"C:\\\\Users\\\\b_a_s\\\\AppData\\\\Local\\\\Temp\\\\aiboard-windows-semantic-tree-eBRkOX"}
# C5 CLI root: {"event":"created","path":"C:\\\\Users\\\\b_a_s\\\\AppData\\\\Local\\\\Temp\\\\aiboard-native-capabilities-atomic-2NbS2m"}
# Subtest: NativeBuildFactory closes extension language providers before their extension instance
ok 229 - NativeBuildFactory closes extension language providers before their extension instance
  ---
  duration_ms: 12133.7535
  type: 'test'
  ...
# C5 CLI root: {"event":"created","path":"C:\\\\Users\\\\b_a_s\\\\AppData\\\\Local\\\\Temp\\\\aiboard-native-capabilities-atomic-2NbS2m\\\\state\\\\capability-snapshots\\\\.staging-e4xrIb"}
# C5 CLI root: {"event":"created","path":"C:\\\\Users\\\\b_a_s\\\\AppData\\\\Local\\\\Temp\\\\aiboard-native-capabilities-atomic-2NbS2m\\\\state\\\\builds\\\\capability-atomic-f3e56529da\\\\extension-executions\\\\.4a1ebe8af4c5b5b1-YAtfNB"}
# C5 CLI root: {"event":"created","path":"C:\\\\Users\\\\b_a_s\\\\AppData\\\\Local\\\\Temp\\\\aiboard-native-capabilities-reserved-twFrZk"}
# Subtest: NativeBuildFactory closes extension providers before instances when language provider startup validation fails
ok 230 - NativeBuildFactory closes extension providers before instances when language provider startup validation fails
  ---
  duration_ms: 961.1162
  type: 'test'
  ...
# C5 CLI root: {"event":"created","path":"C:\\\\Users\\\\b_a_s\\\\AppData\\\\Local\\\\Temp\\\\aiboard-native-capabilities-reserved-twFrZk\\\\state\\\\capability-snapshots\\\\.staging-lfomUm"}
# C5 CLI root: {"event":"created","path":"C:\\\\Users\\\\b_a_s\\\\AppData\\\\Local\\\\Temp\\\\aiboard-native-capabilities-reserved-twFrZk\\\\state\\\\builds\\\\capability-reserved-3f9cfa92ac\\\\extension-executions\\\\.4bdbf80681b45464-ZDmqXK"}
# C5 CLI root: {"event":"created","path":"C:\\\\Users\\\\b_a_s\\\\AppData\\\\Local\\\\Temp\\\\aiboard-native-capabilities-runtime-construction-execution_isolation-KPbdiR"}
# Subtest: NativeBuildFactory reserves built-in tool names before any extension starts
ok 231 - NativeBuildFactory reserves built-in tool names before any extension starts
  ---
  duration_ms: 761.9639
  type: 'test'
  ...
# C5 CLI root: {"event":"created","path":"C:\\\\Users\\\\b_a_s\\\\AppData\\\\Local\\\\Temp\\\\aiboard-native-capabilities-runtime-construction-execution_isolation-KPbdiR\\\\state\\\\capability-snapshots\\\\.staging-3RO9m5"}
# C5 CLI root: {"event":"created","path":"C:\\\\Users\\\\b_a_s\\\\AppData\\\\Local\\\\Temp\\\\aiboard-native-capabilities-runtime-construction-capabilities-ltUL3I"}
# C5 CLI root: {"event":"created","path":"C:\\\\Users\\\\b_a_s\\\\AppData\\\\Local\\\\Temp\\\\aiboard-native-capabilities-runtime-construction-capabilities-ltUL3I\\\\state\\\\capability-snapshots\\\\.staging-sh20IZ"}
# C5 CLI root: {"event":"created","path":"C:\\\\Users\\\\b_a_s\\\\AppData\\\\Local\\\\Temp\\\\aiboard-native-capabilities-runtime-construction-capabilities-ltUL3I\\\\state\\\\builds\\\\runtime-construction-capabilities-c2144e95b5\\\\extension-executions\\\\.0677af4400a8cb12-YkW0XH"}
# C5 CLI root: {"event":"created","path":"C:\\\\Users\\\\b_a_s\\\\AppData\\\\Local\\\\Temp\\\\aiboard-native-capabilities-runtime-construction-evidence_store-LgUEfD"}
# C5 CLI root: {"event":"created","path":"C:\\\\Users\\\\b_a_s\\\\AppData\\\\Local\\\\Temp\\\\aiboard-native-capabilities-runtime-construction-evidence_store-LgUEfD\\\\state\\\\capability-snapshots\\\\.staging-6GYmkT"}
# C5 CLI root: {"event":"created","path":"C:\\\\Users\\\\b_a_s\\\\AppData\\\\Local\\\\Temp\\\\aiboard-native-capabilities-runtime-construction-evidence_store-LgUEfD\\\\state\\\\builds\\\\runtime-construction-evidence-store-18e527f405\\\\extension-executions\\\\.0677af4400a8cb12-PTIrq7"}
# C5 CLI root: {"event":"created","path":"C:\\\\Users\\\\b_a_s\\\\AppData\\\\Local\\\\Temp\\\\aiboard-native-capabilities-runtime-construction-scheduler_store-kS4IPI"}
# C5 CLI root: {"event":"created","path":"C:\\\\Users\\\\b_a_s\\\\AppData\\\\Local\\\\Temp\\\\aiboard-native-capabilities-runtime-construction-scheduler_store-kS4IPI\\\\state\\\\capability-snapshots\\\\.staging-rWsiT2"}
# C5 CLI root: {"event":"created","path":"C:\\\\Users\\\\b_a_s\\\\AppData\\\\Local\\\\Temp\\\\aiboard-native-capabilities-runtime-construction-scheduler_store-kS4IPI\\\\state\\\\builds\\\\runtime-construction-scheduler-store-c4cfcb6c97\\\\extension-executions\\\\.0677af4400a8cb12-Wzqlh2"}
# C5 CLI root: {"event":"created","path":"C:\\\\Users\\\\b_a_s\\\\AppData\\\\Local\\\\Temp\\\\aiboard-native-capabilities-runtime-construction-session_store-RuvCEz"}
# C5 CLI root: {"event":"created","path":"C:\\\\Users\\\\b_a_s\\\\AppData\\\\Local\\\\Temp\\\\aiboard-native-capabilities-runtime-construction-session_store-RuvCEz\\\\state\\\\capability-snapshots\\\\.staging-fwNkkW"}
# C5 CLI root: {"event":"created","path":"C:\\\\Users\\\\b_a_s\\\\AppData\\\\Local\\\\Temp\\\\aiboard-native-capabilities-runtime-construction-session_store-RuvCEz\\\\state\\\\builds\\\\runtime-construction-session-store-86eaeb0ad5\\\\extension-executions\\\\.0677af4400a8cb12-6WI5o1"}
# C5 CLI root: {"event":"created","path":"C:\\\\Users\\\\b_a_s\\\\AppData\\\\Local\\\\Temp\\\\aiboard-native-capabilities-runtime-construction-tool_ledger-MeLnRU"}
# C5 CLI root: {"event":"created","path":"C:\\\\Users\\\\b_a_s\\\\AppData\\\\Local\\\\Temp\\\\aiboard-native-capabilities-runtime-construction-tool_ledger-MeLnRU\\\\state\\\\capability-snapshots\\\\.staging-9NZ8em"}
# C5 CLI root: {"event":"created","path":"C:\\\\Users\\\\b_a_s\\\\AppData\\\\Local\\\\Temp\\\\aiboard-native-capabilities-runtime-construction-tool_ledger-MeLnRU\\\\state\\\\builds\\\\runtime-construction-tool-ledger-29381f9a8e\\\\extension-executions\\\\.0677af4400a8cb12-E4dwFQ"}
# C5 CLI root: {"event":"created","path":"C:\\\\Users\\\\b_a_s\\\\AppData\\\\Local\\\\Temp\\\\aiboard-native-capabilities-runtime-construction-budget_ledger-SpoH6O"}
# C5 CLI root: {"event":"created","path":"C:\\\\Users\\\\b_a_s\\\\AppData\\\\Local\\\\Temp\\\\aiboard-native-capabilities-runtime-construction-budget_ledger-SpoH6O\\\\state\\\\capability-snapshots\\\\.staging-os3opz"}
# C5 CLI root: {"event":"created","path":"C:\\\\Users\\\\b_a_s\\\\AppData\\\\Local\\\\Temp\\\\aiboard-native-capabilities-runtime-construction-budget_ledger-SpoH6O\\\\state\\\\builds\\\\runtime-construction-budget-ledger-0779643d62\\\\extension-executions\\\\.0677af4400a8cb12-zKmuiY"}
# C5 CLI root: {"event":"created","path":"C:\\\\Users\\\\b_a_s\\\\AppData\\\\Local\\\\Temp\\\\aiboard-native-capabilities-runtime-construction-workspace_manager-VCpIN2"}
# C5 CLI root: {"event":"created","path":"C:\\\\Users\\\\b_a_s\\\\AppData\\\\Local\\\\Temp\\\\aiboard-native-capabilities-runtime-construction-workspace_manager-VCpIN2\\\\state\\\\capability-snapshots\\\\.staging-bqZGqe"}
# C5 CLI root: {"event":"created","path":"C:\\\\Users\\\\b_a_s\\\\AppData\\\\Local\\\\Temp\\\\aiboard-native-capabilities-runtime-construction-workspace_manager-VCpIN2\\\\state\\\\builds\\\\runtime-construction-workspace-manager-0d5c1a0cd6\\\\extension-executions\\\\.0677af4400a8cb12-PvkW9v"}
# C5 CLI root: {"event":"created","path":"C:\\\\Users\\\\b_a_s\\\\AppData\\\\Local\\\\Temp\\\\aiboard-native-capabilities-runtime-construction-integration_workspace-TZSfIM"}
# C5 CLI root: {"event":"created","path":"C:\\\\Users\\\\b_a_s\\\\AppData\\\\Local\\\\Temp\\\\aiboard-native-capabilities-runtime-construction-integration_workspace-TZSfIM\\\\state\\\\capability-snapshots\\\\.staging-qO46uX"}
# C5 CLI root: {"event":"created","path":"C:\\\\Users\\\\b_a_s\\\\AppData\\\\Local\\\\Temp\\\\aiboard-native-capabilities-runtime-construction-integration_workspace-TZSfIM\\\\state\\\\builds\\\\runtime-construction-integration-workspa-efec5553ad\\\\extension-executions\\\\.0677af4400a8cb12-EZ1mAB"}
# C5 CLI root: {"event":"created","path":"C:\\\\Users\\\\b_a_s\\\\AppData\\\\Local\\\\Temp\\\\aiboard-native-capabilities-runtime-construction-verification_workspace-ahhj0q"}
# C5 CLI root: {"event":"created","path":"C:\\\\Users\\\\b_a_s\\\\AppData\\\\Local\\\\Temp\\\\aiboard-native-capabilities-runtime-construction-verification_workspace-ahhj0q\\\\state\\\\capability-snapshots\\\\.staging-ybalQJ"}
# C5 CLI root: {"event":"created","path":"C:\\\\Users\\\\b_a_s\\\\AppData\\\\Local\\\\Temp\\\\aiboard-native-capabilities-runtime-construction-verification_workspace-ahhj0q\\\\state\\\\builds\\\\runtime-construction-verification-worksp-b289e3e05a\\\\extension-executions\\\\.0677af4400a8cb12-qWfyfE"}
# C5 CLI root: {"event":"created","path":"C:\\\\Users\\\\b_a_s\\\\AppData\\\\Local\\\\Temp\\\\aiboard-native-capabilities-runtime-construction-independent_verifier_workspace-yMaYf7"}
# C5 CLI root: {"event":"created","path":"C:\\\\Users\\\\b_a_s\\\\AppData\\\\Local\\\\Temp\\\\aiboard-native-capabilities-runtime-construction-independent_verifier_workspace-yMaYf7\\\\state\\\\capability-snapshots\\\\.staging-Mt9AjQ"}
# C5 CLI root: {"event":"created","path":"C:\\\\Users\\\\b_a_s\\\\AppData\\\\Local\\\\Temp\\\\aiboard-native-capabilities-runtime-construction-independent_verifier_workspace-yMaYf7\\\\state\\\\builds\\\\runtime-construction-independent-verifie-3fd6daeb82\\\\extension-executions\\\\.0677af4400a8cb12-8HfZZb"}
# C5 CLI root: {"event":"created","path":"C:\\\\Users\\\\b_a_s\\\\AppData\\\\Local\\\\Temp\\\\aiboard-native-capabilities-runtime-construction-memory_store-Vh4I8q"}
# C5 CLI root: {"event":"created","path":"C:\\\\Users\\\\b_a_s\\\\AppData\\\\Local\\\\Temp\\\\aiboard-native-capabilities-runtime-construction-memory_store-Vh4I8q\\\\state\\\\capability-snapshots\\\\.staging-XjkzsG"}
# C5 CLI root: {"event":"created","path":"C:\\\\Users\\\\b_a_s\\\\AppData\\\\Local\\\\Temp\\\\aiboard-native-capabilities-runtime-construction-memory_store-Vh4I8q\\\\state\\\\builds\\\\runtime-construction-memory-store-440a0a3e6c\\\\extension-executions\\\\.0677af4400a8cb12-tiF4Fq"}
# C5 CLI root: {"event":"created","path":"C:\\\\Users\\\\b_a_s\\\\AppData\\\\Local\\\\Temp\\\\aiboard-native-capabilities-runtime-construction-managed_process_service-omKMYs"}
# C5 CLI root: {"event":"created","path":"C:\\\\Users\\\\b_a_s\\\\AppData\\\\Local\\\\Temp\\\\aiboard-native-capabilities-runtime-construction-managed_process_service-omKMYs\\\\state\\\\capability-snapshots\\\\.staging-e44hlM"}
# C5 CLI root: {"event":"created","path":"C:\\\\Users\\\\b_a_s\\\\AppData\\\\Local\\\\Temp\\\\aiboard-native-capabilities-runtime-construction-managed_process_service-omKMYs\\\\state\\\\builds\\\\runtime-construction-managed-process-ser-fccb111fe3\\\\extension-executions\\\\.0677af4400a8cb12-gYg4ER"}
# C5 CLI root: {"event":"created","path":"C:\\\\Users\\\\b_a_s\\\\AppData\\\\Local\\\\Temp\\\\aiboard-native-capabilities-runtime-handle-close-ownership-dnAH71"}
# Subtest: NativeBuildFactory reverses every acquired runtime resource after construction faults
ok 232 - NativeBuildFactory reverses every acquired runtime resource after construction faults
  ---
  duration_ms: 15851.2518
  type: 'test'
  ...
# C5 CLI root: {"event":"created","path":"C:\\\\Users\\\\b_a_s\\\\AppData\\\\Local\\\\Temp\\\\aiboard-native-capabilities-runtime-handle-close-ownership-dnAH71\\\\state\\\\capability-snapshots\\\\.staging-BD9jWC"}
# C5 CLI root: {"event":"created","path":"C:\\\\Users\\\\b_a_s\\\\AppData\\\\Local\\\\Temp\\\\aiboard-native-capabilities-runtime-handle-close-ownership-dnAH71\\\\state\\\\builds\\\\runtime-handle-close-ownership-da59f740f0\\\\extension-executions\\\\.0677af4400a8cb12-tuTp5x"}
# C5 CLI root: {"event":"created","path":"C:\\\\Users\\\\b_a_s\\\\AppData\\\\Local\\\\Temp\\\\aiboard-windows-semantic-duplex-ObUs9W"}
# C5 CLI root: {"event":"created","path":"C:\\\\Users\\\\b_a_s\\\\AppData\\\\Local\\\\Temp\\\\aiboard-windows-semantic-batch-paUypo"}
# C5 CLI root: {"event":"created","path":"C:\\\\Users\\\\b_a_s\\\\AppData\\\\Local\\\\Temp\\\\aiboard-windows-semantic-tree-7XEebS"}
# C5 CLI root: {"event":"created","path":"C:\\\\Users\\\\b_a_s\\\\AppData\\\\Local\\\\Temp\\\\aiboard-native-capabilities-runtime-construction-cleanup-retry-Jm0kU6"}
# Subtest: NativeBuildFactory handle close releases owned stores while retaining recovery worktrees
ok 233 - NativeBuildFactory handle close releases owned stores while retaining recovery worktrees
  ---
  duration_ms: 13430.3795
  type: 'test'
  ...
# C5 CLI root: {"event":"created","path":"C:\\\\Users\\\\b_a_s\\\\AppData\\\\Local\\\\Temp\\\\aiboard-native-capabilities-runtime-construction-cleanup-retry-Jm0kU6\\\\state\\\\capability-snapshots\\\\.staging-cn6kvU"}
# C5 CLI root: {"event":"created","path":"C:\\\\Users\\\\b_a_s\\\\AppData\\\\Local\\\\Temp\\\\aiboard-native-capabilities-runtime-construction-cleanup-retry-Jm0kU6\\\\state\\\\builds\\\\runtime-construction-cleanup-retry-12e687607c\\\\extension-executions\\\\.0677af4400a8cb12-P0qGcw"}
# C5 CLI root: {"event":"created","path":"C:\\\\Users\\\\b_a_s\\\\AppData\\\\Local\\\\Temp\\\\aiboard-native-capabilities-runtime-capability-close-retry-bQwoY6"}
# Subtest: NativeBuildFactory retains the primary construction error while retrying every failed cleanup
ok 234 - NativeBuildFactory retains the primary construction error while retrying every failed cleanup
  ---
  duration_ms: 851.0373
  type: 'test'
  ...
# C5 CLI root: {"event":"created","path":"C:\\\\Users\\\\b_a_s\\\\AppData\\\\Local\\\\Temp\\\\aiboard-native-capabilities-runtime-capability-close-retry-bQwoY6\\\\state\\\\capability-snapshots\\\\.staging-FilXiJ"}
# C5 CLI root: {"event":"created","path":"C:\\\\Users\\\\b_a_s\\\\AppData\\\\Local\\\\Temp\\\\aiboard-native-capabilities-runtime-capability-close-retry-bQwoY6\\\\state\\\\builds\\\\runtime-capability-close-retry-ca6246e4c5\\\\extension-executions\\\\.3ceaab75a4e558c2-ILB9pz"}
# C5 CLI root: {"event":"created","path":"C:\\\\Users\\\\b_a_s\\\\AppData\\\\Local\\\\Temp\\\\aiboard-native-capabilities-pre-handle-disposer-retention-kfKZ7R"}
# Subtest: NativeBuildFactory retries real capability close failures and removes the execution copy
ok 235 - NativeBuildFactory retries real capability close failures and removes the execution copy
  ---
  duration_ms: 818.3218
  type: 'test'
  ...
# C5 CLI root: {"event":"created","path":"C:\\\\Users\\\\b_a_s\\\\AppData\\\\Local\\\\Temp\\\\aiboard-native-capabilities-pre-handle-disposer-retention-kfKZ7R\\\\state\\\\capability-snapshots\\\\.staging-vm4U9j"}
# C5 CLI root: {"event":"created","path":"C:\\\\Users\\\\b_a_s\\\\AppData\\\\Local\\\\Temp\\\\aiboard-native-capabilities-pre-handle-disposer-retention-kfKZ7R\\\\state\\\\builds\\\\pre-handle-disposer-retention-df2c4dd6e9\\\\extension-executions\\\\.17d7b351aeed3c25-zvIWIL"}
# C5 CLI root: {"event":"created","path":"C:\\\\Users\\\\b_a_s\\\\AppData\\\\Local\\\\Temp\\\\aiboard-native-capabilities-provider-owner-c5mCNq"}
# C5 CLI root: {"event":"created","path":"C:\\\\Users\\\\b_a_s\\\\AppData\\\\Local\\\\Temp\\\\aiboard-native-capabilities-historical-terminal-pzbeGt"}
# Subtest: NativeBuildFactory retains a persistently failed pre-handle disposer for a later close
ok 236 - NativeBuildFactory retains a persistently failed pre-handle disposer for a later close
  ---
  duration_ms: 804.5109
  type: 'test'
  ...
# C5 finalizer10 acquired exact capability fixture: C:\\Users\\b_a_s\\AppData\\Local\\Temp\\aiboard-native-capabilities-pre-handle-disposer-retention-kfKZ7R
# C5 finalizer10 removed certified capability fixture: C:\\Users\\b_a_s\\AppData\\Local\\Temp\\aiboard-native-capabilities-pre-handle-disposer-retention-kfKZ7R
# Subtest: recovery classification preserves a capability primary inside cleanup aggregation
ok 237 - recovery classification preserves a capability primary inside cleanup aggregation
  ---
  duration_ms: 0.222
  type: 'test'
  ...
# Subtest: NativeBuildFactory leaves provider configuration cleanup to the CLI when requested
ok 238 - NativeBuildFactory leaves provider configuration cleanup to the CLI when requested
  ---
  duration_ms: 1.1892
  type: 'test'
  ...
# C5 CLI root: {"event":"created","path":"C:\\\\Users\\\\b_a_s\\\\AppData\\\\Local\\\\Temp\\\\aiboard-native-capabilities-historical-terminal-pzbeGt\\\\state\\\\capability-snapshots\\\\.staging-vsPNjG"}
# C5 CLI root: {"event":"created","path":"C:\\\\Users\\\\b_a_s\\\\AppData\\\\Local\\\\Temp\\\\aiboard-historical-sqlite-uLoCKW"}
# C5 CLI root: {"event":"created","path":"C:\\\\Users\\\\b_a_s\\\\AppData\\\\Local\\\\Temp\\\\aiboard-historical-sqlite-Maw1lj"}
# C5 CLI root: {"event":"created","path":"C:\\\\Users\\\\b_a_s\\\\AppData\\\\Local\\\\Temp\\\\aiboard-historical-sqlite-wQvigN"}
# C5 CLI root: {"event":"created","path":"C:\\\\Users\\\\b_a_s\\\\AppData\\\\Local\\\\Temp\\\\aiboard-historical-sqlite-Za0LYF"}
# C5 CLI root: {"event":"created","path":"C:\\\\Users\\\\b_a_s\\\\AppData\\\\Local\\\\Temp\\\\aiboard-historical-sqlite-GnIjeE"}
# C5 CLI root: {"event":"created","path":"C:\\\\Users\\\\b_a_s\\\\AppData\\\\Local\\\\Temp\\\\aiboard-native-capabilities-historical-missing-stores-hdISGM"}
# Subtest: NativeBuildFactory serves a terminal legacy Build from read-only durable stores
ok 239 - NativeBuildFactory serves a terminal legacy Build from read-only durable stores
  ---
  duration_ms: 876.2048
  type: 'test'
  ...
# C5 CLI root: {"event":"created","path":"C:\\\\Users\\\\b_a_s\\\\AppData\\\\Local\\\\Temp\\\\aiboard-native-capabilities-historical-no-global-authority-ymkCly"}
# C5 CLI root: {"event":"created","path":"C:\\\\Users\\\\b_a_s\\\\AppData\\\\Local\\\\Temp\\\\aiboard-native-capabilities-historical-close-retry-6DVkLS"}
# Subtest: NativeBuildFactory keeps missing terminal stores absent and projects empty read-only history
ok 240 - NativeBuildFactory keeps missing terminal stores absent and projects empty read-only history
  ---
  duration_ms: 729.5182
  type: 'test'
  ...
# Subtest: NativeBuildFactory historical readers do not create mutable global stores
ok 241 - NativeBuildFactory historical readers do not create mutable global stores
  ---
  duration_ms: 4.1046
  type: 'test'
  ...
# C5 CLI root: {"event":"created","path":"C:\\\\Users\\\\b_a_s\\\\AppData\\\\Local\\\\Temp\\\\aiboard-historical-sqlite-ByR7Rs"}
# C5 CLI root: {"event":"created","path":"C:\\\\Users\\\\b_a_s\\\\AppData\\\\Local\\\\Temp\\\\aiboard-native-capabilities-historical-snapshot-removal-retry-O1754V"}
# Subtest: NativeBuildFactory retries aggregate historical cleanup after a transient close failure
ok 242 - NativeBuildFactory retries aggregate historical cleanup after a transient close failure
  ---
  duration_ms: 58.7057
  type: 'test'
  ...
# C5 CLI root: {"event":"created","path":"C:\\\\Users\\\\b_a_s\\\\AppData\\\\Local\\\\Temp\\\\aiboard-historical-sqlite-sPRtWS"}
# C5 CLI root: {"event":"created","path":"C:\\\\Users\\\\b_a_s\\\\AppData\\\\Local\\\\Temp\\\\aiboard-historical-sqlite-h9s6tp"}
# C5 CLI root: {"event":"created","path":"C:\\\\Users\\\\b_a_s\\\\AppData\\\\Local\\\\Temp\\\\aiboard-native-capabilities-historical-construction-cleanup-oOTTLg"}
# Subtest: NativeBuildFactory retains every locked historical snapshot and retries aggregate removal
ok 243 - NativeBuildFactory retains every locked historical snapshot and retries aggregate removal
  ---
  duration_ms: 77.7337
  type: 'test'
  ...
# C5 CLI root: {"event":"created","path":"C:\\\\Users\\\\b_a_s\\\\AppData\\\\Local\\\\Temp\\\\aiboard-historical-sqlite-WXxY0a"}
# C5 CLI root: {"event":"created","path":"C:\\\\Users\\\\b_a_s\\\\AppData\\\\Local\\\\Temp\\\\aiboard-native-capabilities-historical-durable-observations-hsMVXu"}
# Subtest: NativeBuildFactory preserves opening and cleanup failures while constructing historical readers
ok 244 - NativeBuildFactory preserves opening and cleanup failures while constructing historical readers
  ---
  duration_ms: 53.5322
  type: 'test'
  ...
# C5 CLI root: {"event":"created","path":"C:\\\\Users\\\\b_a_s\\\\AppData\\\\Local\\\\Temp\\\\aiboard-historical-schema-hsUEuD"}
# C5 CLI root: {"event":"created","path":"C:\\\\Users\\\\b_a_s\\\\AppData\\\\Local\\\\Temp\\\\aiboard-historical-schema-yv1KLP"}
# C5 CLI root: {"event":"created","path":"C:\\\\Users\\\\b_a_s\\\\AppData\\\\Local\\\\Temp\\\\aiboard-historical-schema-ETBjcY"}
# C5 CLI root: {"event":"created","path":"C:\\\\Users\\\\b_a_s\\\\AppData\\\\Local\\\\Temp\\\\aiboard-historical-schema-uAA8mk"}
# C5 CLI root: {"event":"created","path":"C:\\\\Users\\\\b_a_s\\\\AppData\\\\Local\\\\Temp\\\\aiboard-historical-schema-qjZVRG"}
# C5 CLI root: {"event":"created","path":"C:\\\\Users\\\\b_a_s\\\\AppData\\\\Local\\\\Temp\\\\aiboard-historical-schema-ysLTL1"}
# C5 CLI root: {"event":"created","path":"C:\\\\Users\\\\b_a_s\\\\AppData\\\\Local\\\\Temp\\\\aiboard-historical-sqlite-dE2XVX"}
# C5 CLI root: {"event":"created","path":"C:\\\\Users\\\\b_a_s\\\\AppData\\\\Local\\\\Temp\\\\aiboard-historical-sqlite-qhoPdR"}
# C5 CLI root: {"event":"created","path":"C:\\\\Users\\\\b_a_s\\\\AppData\\\\Local\\\\Temp\\\\aiboard-historical-sqlite-N06sbv"}
# C5 CLI root: {"event":"created","path":"C:\\\\Users\\\\b_a_s\\\\AppData\\\\Local\\\\Temp\\\\aiboard-historical-sqlite-96dktc"}
# C5 CLI root: {"event":"created","path":"C:\\\\Users\\\\b_a_s\\\\AppData\\\\Local\\\\Temp\\\\aiboard-historical-sqlite-rFmKcm"}
# C5 CLI root: {"event":"created","path":"C:\\\\Users\\\\b_a_s\\\\AppData\\\\Local\\\\Temp\\\\aiboard-historical-sqlite-C3u9BH"}
# C5 CLI root: {"event":"created","path":"C:\\\\Users\\\\b_a_s\\\\AppData\\\\Local\\\\Temp\\\\aiboard-historical-schema-xnkXHo"}
# C5 CLI root: {"event":"created","path":"C:\\\\Users\\\\b_a_s\\\\AppData\\\\Local\\\\Temp\\\\aiboard-historical-schema-Pdefvx"}
# C5 CLI root: {"event":"created","path":"C:\\\\Users\\\\b_a_s\\\\AppData\\\\Local\\\\Temp\\\\aiboard-historical-schema-hQypbF"}
# C5 CLI root: {"event":"created","path":"C:\\\\Users\\\\b_a_s\\\\AppData\\\\Local\\\\Temp\\\\aiboard-historical-schema-X4t9SO"}
# C5 CLI root: {"event":"created","path":"C:\\\\Users\\\\b_a_s\\\\AppData\\\\Local\\\\Temp\\\\aiboard-historical-schema-Gk7Vw7"}
# C5 CLI root: {"event":"created","path":"C:\\\\Users\\\\b_a_s\\\\AppData\\\\Local\\\\Temp\\\\aiboard-historical-schema-GscK6b"}
# C5 CLI root: {"event":"created","path":"C:\\\\Users\\\\b_a_s\\\\AppData\\\\Local\\\\Temp\\\\aiboard-native-capabilities-historical-frozen-non-sqlite-observations-d1K7RF"}
# Subtest: NativeBuildFactory reconstructs terminal observations only from durable run records
ok 245 - NativeBuildFactory reconstructs terminal observations only from durable run records
  ---
  duration_ms: 349.9618
  type: 'test'
  ...
# C5 CLI root: {"event":"created","path":"C:\\\\Users\\\\b_a_s\\\\AppData\\\\Local\\\\Temp\\\\aiboard-historical-sqlite-wOxVuU"}
# C5 CLI root: {"event":"created","path":"C:\\\\Users\\\\b_a_s\\\\AppData\\\\Local\\\\Temp\\\\aiboard-historical-sqlite-oGlyux"}
# C5 CLI root: {"event":"created","path":"C:\\\\Users\\\\b_a_s\\\\AppData\\\\Local\\\\Temp\\\\aiboard-historical-sqlite-WIDHL6"}
# C5 CLI root: {"event":"created","path":"C:\\\\Users\\\\b_a_s\\\\AppData\\\\Local\\\\Temp\\\\aiboard-historical-sqlite-lfLgqh"}
# C5 CLI root: {"event":"created","path":"C:\\\\Users\\\\b_a_s\\\\AppData\\\\Local\\\\Temp\\\\aiboard-historical-sqlite-OAy0qe"}
# C5 CLI root: {"event":"created","path":"C:\\\\Users\\\\b_a_s\\\\AppData\\\\Local\\\\Temp\\\\aiboard-historical-sqlite-Uds46s"}
# C5 CLI root: {"event":"created","path":"C:\\\\Users\\\\b_a_s\\\\AppData\\\\Local\\\\Temp\\\\aiboard-historical-sqlite-CjyA7b"}
# C5 CLI root: {"event":"created","path":"C:\\\\Users\\\\b_a_s\\\\AppData\\\\Local\\\\Temp\\\\aiboard-historical-sqlite-1IEkjk"}
# C5 CLI root: {"event":"created","path":"C:\\\\Users\\\\b_a_s\\\\AppData\\\\Local\\\\Temp\\\\aiboard-historical-schema-2PLzHD"}
# C5 CLI root: {"event":"created","path":"C:\\\\Users\\\\b_a_s\\\\AppData\\\\Local\\\\Temp\\\\aiboard-historical-schema-OCQprf"}
# C5 CLI root: {"event":"created","path":"C:\\\\Users\\\\b_a_s\\\\AppData\\\\Local\\\\Temp\\\\aiboard-historical-schema-rwYIHW"}
# C5 CLI root: {"event":"created","path":"C:\\\\Users\\\\b_a_s\\\\AppData\\\\Local\\\\Temp\\\\aiboard-historical-schema-G7p7HV"}
# C5 CLI root: {"event":"created","path":"C:\\\\Users\\\\b_a_s\\\\AppData\\\\Local\\\\Temp\\\\aiboard-historical-schema-XQh3uw"}
# C5 CLI root: {"event":"created","path":"C:\\\\Users\\\\b_a_s\\\\AppData\\\\Local\\\\Temp\\\\aiboard-historical-schema-3QPUoD"}
# C5 CLI root: {"event":"created","path":"C:\\\\Users\\\\b_a_s\\\\AppData\\\\Local\\\\Temp\\\\aiboard-historical-schema-RIMAxT"}
# C5 CLI root: {"event":"created","path":"C:\\\\Users\\\\b_a_s\\\\AppData\\\\Local\\\\Temp\\\\aiboard-historical-schema-AbCw4w"}
# C5 CLI root: {"event":"created","path":"C:\\\\Users\\\\b_a_s\\\\AppData\\\\Local\\\\Temp\\\\aiboard-historical-schema-XcuOXL"}
# C5 CLI root: {"event":"created","path":"C:\\\\Users\\\\b_a_s\\\\AppData\\\\Local\\\\Temp\\\\aiboard-historical-schema-5NqT29"}
# C5 CLI root: {"event":"created","path":"C:\\\\Users\\\\b_a_s\\\\AppData\\\\Local\\\\Temp\\\\aiboard-native-capabilities-historical-unmigrated-observations-ueLE5i"}
# Subtest: NativeBuildFactory freezes terminal process and final-verification diagnostics observations at historical open
ok 246 - NativeBuildFactory freezes terminal process and final-verification diagnostics observations at historical open
  ---
  duration_ms: 2948.8891
  type: 'test'
  ...
# C5 CLI root: {"event":"created","path":"C:\\\\Users\\\\b_a_s\\\\AppData\\\\Local\\\\Temp\\\\aiboard-historical-schema-kw3BTF"}
# C5 CLI root: {"event":"created","path":"C:\\\\Users\\\\b_a_s\\\\AppData\\\\Local\\\\Temp\\\\aiboard-historical-schema-SmeuWT"}
# C5 CLI root: {"event":"created","path":"C:\\\\Users\\\\b_a_s\\\\AppData\\\\Local\\\\Temp\\\\aiboard-historical-sqlite-DIisTT"}
# C5 CLI root: {"event":"created","path":"C:\\\\Users\\\\b_a_s\\\\AppData\\\\Local\\\\Temp\\\\aiboard-historical-sqlite-HOGrOl"}
# C5 CLI root: {"event":"created","path":"C:\\\\Users\\\\b_a_s\\\\AppData\\\\Local\\\\Temp\\\\aiboard-historical-schema-8xkeac"}
# C5 CLI root: {"event":"created","path":"C:\\\\Users\\\\b_a_s\\\\AppData\\\\Local\\\\Temp\\\\aiboard-historical-schema-SWRphP"}
# C5 CLI root: {"event":"created","path":"C:\\\\Users\\\\b_a_s\\\\AppData\\\\Local\\\\Temp\\\\aiboard-native-capabilities-historical-partial-transcript-itECnM"}
# Subtest: NativeBuildFactory replays unmigrated terminal transcript and evidence without writes
ok 247 - NativeBuildFactory replays unmigrated terminal transcript and evidence without writes
  ---
  duration_ms: 80.5914
  type: 'test'
  ...
# C5 CLI root: {"event":"created","path":"C:\\\\Users\\\\b_a_s\\\\AppData\\\\Local\\\\Temp\\\\aiboard-historical-schema-5lIE8a"}
# C5 CLI root: {"event":"created","path":"C:\\\\Users\\\\b_a_s\\\\AppData\\\\Local\\\\Temp\\\\aiboard-historical-sqlite-oC5jrs"}
# C5 CLI root: {"event":"created","path":"C:\\\\Users\\\\b_a_s\\\\AppData\\\\Local\\\\Temp\\\\aiboard-historical-schema-zdjJ43"}
# C5 CLI root: {"event":"created","path":"C:\\\\Users\\\\b_a_s\\\\AppData\\\\Local\\\\Temp\\\\aiboard-native-capabilities-historical-wal-observation-QGySKM"}
# C5 CLI root: {"event":"created","path":"C:\\\\Users\\\\b_a_s\\\\AppData\\\\Local\\\\Temp\\\\aiboard-historical-schema-1stKIx"}
# Subtest: NativeBuildFactory replays a present but partial terminal transcript projection without writes
ok 248 - NativeBuildFactory replays a present but partial terminal transcript projection without writes
  ---
  duration_ms: 72.5925
  type: 'test'
  ...
# C5 CLI root: {"event":"created","path":"C:\\\\Users\\\\b_a_s\\\\AppData\\\\Local\\\\Temp\\\\aiboard-historical-sqlite-feOIRy"}
# C5 CLI root: {"event":"created","path":"C:\\\\Users\\\\b_a_s\\\\AppData\\\\Local\\\\Temp\\\\aiboard-historical-schema-RksTvF"}
# C5 CLI root: {"event":"created","path":"C:\\\\Users\\\\b_a_s\\\\AppData\\\\Local\\\\Temp\\\\aiboard-native-capabilities-historical-terminal-failed-8Q2kx0"}
# Subtest: NativeBuildFactory historical copies preserve WAL-visible durable observations
ok 249 - NativeBuildFactory historical copies preserve WAL-visible durable observations
  ---
  duration_ms: 39.612
  type: 'test'
  ...
# C5 CLI root: {"event":"created","path":"C:\\\\Users\\\\b_a_s\\\\AppData\\\\Local\\\\Temp\\\\aiboard-native-capabilities-historical-terminal-stopped-k5pK0g"}
# C5 CLI root: {"event":"created","path":"C:\\\\Users\\\\b_a_s\\\\AppData\\\\Local\\\\Temp\\\\p6-git-mcp-census-NvQUb2"}
# Subtest: NativeBuildFactory preserves the authoritative terminal state when scheduler history is absent
ok 250 - NativeBuildFactory preserves the authoritative terminal state when scheduler history is absent
  ---
  duration_ms: 1537.5191
  type: 'test'
  ...
# Subtest: MCP ownership census excludes only durably released Git records
ok 251 - MCP ownership census excludes only durably released Git records
  ---
  duration_ms: 11.6809
  type: 'test'
  ...
# C5 CLI root: {"event":"exit","path":"C:\\\\Users\\\\b_a_s\\\\AppData\\\\Local\\\\Temp\\\\aiboard-native-capabilities-execution-host-mcp-order-CvWCMZ","existsAtExit":false}
# C5 CLI root: {"event":"exit","path":"C:\\\\Users\\\\b_a_s\\\\AppData\\\\Local\\\\Temp\\\\aiboard-windows-semantic-duplex-CC63H4","existsAtExit":false}
# C5 CLI root: {"event":"exit","path":"C:\\\\Users\\\\b_a_s\\\\AppData\\\\Local\\\\Temp\\\\aiboard-windows-semantic-batch-QRv7qv","existsAtExit":false}
# C5 CLI root: {"event":"exit","path":"C:\\\\Users\\\\b_a_s\\\\AppData\\\\Local\\\\Temp\\\\aiboard-windows-semantic-tree-tdA17v","existsAtExit":false}
# C5 CLI root: {"event":"exit","path":"C:\\\\Users\\\\b_a_s\\\\AppData\\\\Local\\\\Temp\\\\aiboard-native-capabilities-metadata-Y3LcfC","existsAtExit":false}
# C5 CLI root: {"event":"exit","path":"C:\\\\Users\\\\b_a_s\\\\AppData\\\\Local\\\\Temp\\\\aiboard-native-capabilities-metadata-Y3LcfC\\\\state\\\\capability-snapshots\\\\.staging-ENw66o","existsAtExit":false}
# C5 CLI root: {"event":"exit","path":"C:\\\\Users\\\\b_a_s\\\\AppData\\\\Local\\\\Temp\\\\aiboard-native-capabilities-metadata-Y3LcfC\\\\state\\\\builds\\\\capability-metadata-9edcc03a39\\\\extension-executions\\\\.0677af4400a8cb12-e8c1oO","existsAtExit":false}
# C5 CLI root: {"event":"exit","path":"C:\\\\Users\\\\b_a_s\\\\AppData\\\\Local\\\\Temp\\\\aiboard-windows-semantic-duplex-ooF8oC","existsAtExit":false}
# C5 CLI root: {"event":"exit","path":"C:\\\\Users\\\\b_a_s\\\\AppData\\\\Local\\\\Temp\\\\aiboard-windows-semantic-batch-glUyLN","existsAtExit":false}
# C5 CLI root: {"event":"exit","path":"C:\\\\Users\\\\b_a_s\\\\AppData\\\\Local\\\\Temp\\\\aiboard-windows-semantic-tree-qYCjE7","existsAtExit":false}
# C5 CLI root: {"event":"exit","path":"C:\\\\Users\\\\b_a_s\\\\AppData\\\\Local\\\\Temp\\\\aiboard-native-capabilities-recovery-preflight-start-cleanup-ZGR1SZ","existsAtExit":false}
# C5 CLI root: {"event":"exit","path":"C:\\\\Users\\\\b_a_s\\\\AppData\\\\Local\\\\Temp\\\\aiboard-native-capabilities-recovery-preflight-start-cleanup-ZGR1SZ\\\\state\\\\capability-snapshots\\\\.staging-Ute4hE","existsAtExit":false}
# C5 CLI root: {"event":"exit","path":"C:\\\\Users\\\\b_a_s\\\\AppData\\\\Local\\\\Temp\\\\aiboard-native-capabilities-standalone-preflight-close-retry-wUjzWC","existsAtExit":false}
# C5 CLI root: {"event":"exit","path":"C:\\\\Users\\\\b_a_s\\\\AppData\\\\Local\\\\Temp\\\\aiboard-native-capabilities-standalone-preflight-close-retry-wUjzWC\\\\state\\\\extension-executions\\\\.3ceaab75a4e558c2-A088J4","existsAtExit":false}
# C5 CLI root: {"event":"exit","path":"C:\\\\Users\\\\b_a_s\\\\AppData\\\\Local\\\\Temp\\\\aiboard-native-capabilities-partial-start-disposer-retry-TSDNDT","existsAtExit":false}
# C5 CLI root: {"event":"exit","path":"C:\\\\Users\\\\b_a_s\\\\AppData\\\\Local\\\\Temp\\\\aiboard-native-capabilities-partial-start-disposer-retry-TSDNDT\\\\state\\\\extension-executions\\\\.bef6069c44697cb9-HN0JIt","existsAtExit":false}
# C5 CLI root: {"event":"exit","path":"C:\\\\Users\\\\b_a_s\\\\AppData\\\\Local\\\\Temp\\\\aiboard-native-capabilities-router-collision-disposer-retry-mzh1d1","existsAtExit":false}
# C5 CLI root: {"event":"exit","path":"C:\\\\Users\\\\b_a_s\\\\AppData\\\\Local\\\\Temp\\\\aiboard-native-capabilities-router-collision-disposer-retry-mzh1d1\\\\state\\\\extension-executions\\\\.f3d7786ed56e164e-D2gDRl","existsAtExit":false}
# C5 CLI root: {"event":"exit","path":"C:\\\\Users\\\\b_a_s\\\\AppData\\\\Local\\\\Temp\\\\aiboard-native-capabilities-recovery-preflight-evaluation-sazryM","existsAtExit":false}
# C5 CLI root: {"event":"exit","path":"C:\\\\Users\\\\b_a_s\\\\AppData\\\\Local\\\\Temp\\\\aiboard-native-capabilities-recovery-preflight-evaluation-sazryM\\\\state\\\\capability-snapshots\\\\.staging-WXcynJ","existsAtExit":false}
# C5 CLI root: {"event":"exit","path":"C:\\\\Users\\\\b_a_s\\\\AppData\\\\Local\\\\Temp\\\\aiboard-native-capabilities-recovery-preflight-factory-Z1YYtZ","existsAtExit":false}
# C5 CLI root: {"event":"exit","path":"C:\\\\Users\\\\b_a_s\\\\AppData\\\\Local\\\\Temp\\\\aiboard-native-capabilities-recovery-preflight-factory-Z1YYtZ\\\\state\\\\capability-snapshots\\\\.staging-TdLEUz","existsAtExit":false}
# C5 CLI root: {"event":"exit","path":"C:\\\\Users\\\\b_a_s\\\\AppData\\\\Local\\\\Temp\\\\aiboard-native-capabilities-recovery-preflight-missing-snapshot-XOZNoH","existsAtExit":false}
# C5 CLI root: {"event":"exit","path":"C:\\\\Users\\\\b_a_s\\\\AppData\\\\Local\\\\Temp\\\\aiboard-native-capabilities-recovery-preflight-missing-snapshot-XOZNoH\\\\state\\\\capability-snapshots\\\\.staging-xi1pF2","existsAtExit":false}
# C5 CLI root: {"event":"exit","path":"C:\\\\Users\\\\b_a_s\\\\AppData\\\\Local\\\\Temp\\\\aiboard-native-capabilities-recovery-preflight-corrupt-snapshot-hFumMs","existsAtExit":false}
# C5 CLI root: {"event":"exit","path":"C:\\\\Users\\\\b_a_s\\\\AppData\\\\Local\\\\Temp\\\\aiboard-native-capabilities-recovery-preflight-corrupt-snapshot-hFumMs\\\\state\\\\capability-snapshots\\\\.staging-IEXpEE","existsAtExit":false}
# C5 CLI root: {"event":"exit","path":"C:\\\\Users\\\\b_a_s\\\\AppData\\\\Local\\\\Temp\\\\aiboard-native-capabilities-recovery-preflight-lsp-wF2VJB","existsAtExit":false}
# C5 CLI root: {"event":"exit","path":"C:\\\\Users\\\\b_a_s\\\\AppData\\\\Local\\\\Temp\\\\aiboard-native-capabilities-recovery-contract-q5TIjn","existsAtExit":false}
# C5 CLI root: {"event":"exit","path":"C:\\\\Users\\\\b_a_s\\\\AppData\\\\Local\\\\Temp\\\\aiboard-native-capabilities-recovery-contract-q5TIjn\\\\state\\\\capability-snapshots\\\\.staging-cZ5zqG","existsAtExit":false}
# C5 CLI root: {"event":"exit","path":"C:\\\\Users\\\\b_a_s\\\\AppData\\\\Local\\\\Temp\\\\aiboard-native-capabilities-helper-dependency-contract-AKtHht","existsAtExit":false}
# C5 CLI root: {"event":"exit","path":"C:\\\\Users\\\\b_a_s\\\\AppData\\\\Local\\\\Temp\\\\aiboard-native-capabilities-helper-dependency-contract-AKtHht\\\\state\\\\capability-snapshots\\\\.staging-VQFII9","existsAtExit":false}
# C5 CLI root: {"event":"exit","path":"C:\\\\Users\\\\b_a_s\\\\AppData\\\\Local\\\\Temp\\\\aiboard-native-capabilities-legacy-capability-contract-dzdY1f","existsAtExit":false}
# C5 CLI root: {"event":"exit","path":"C:\\\\Users\\\\b_a_s\\\\AppData\\\\Local\\\\Temp\\\\aiboard-native-capabilities-legacy-capability-contract-dzdY1f\\\\state\\\\capability-snapshots\\\\.staging-fyhUAw","existsAtExit":false}
# C5 CLI root: {"event":"exit","path":"C:\\\\Users\\\\b_a_s\\\\AppData\\\\Local\\\\Temp\\\\aiboard-native-capabilities-historical-execution-safety-contract-JdfLHR","existsAtExit":false}
# C5 CLI root: {"event":"exit","path":"C:\\\\Users\\\\b_a_s\\\\AppData\\\\Local\\\\Temp\\\\aiboard-native-capabilities-extension-snapshot-replacement-VGlxDI","existsAtExit":false}
# C5 CLI root: {"event":"exit","path":"C:\\\\Users\\\\b_a_s\\\\AppData\\\\Local\\\\Temp\\\\aiboard-native-capabilities-extension-snapshot-replacement-VGlxDI\\\\state\\\\capability-snapshots\\\\.staging-1nRqMp","existsAtExit":false}
# C5 CLI root: {"event":"exit","path":"C:\\\\Users\\\\b_a_s\\\\AppData\\\\Local\\\\Temp\\\\aiboard-native-capabilities-extension-snapshot-replacement-VGlxDI\\\\state\\\\builds\\\\capability-extension-snapshot-replacemen-ac50b6f312\\\\extension-executions\\\\.02add0e1b1838345-58j4fU","existsAtExit":false}
# C5 CLI root: {"event":"exit","path":"C:\\\\Users\\\\b_a_s\\\\AppData\\\\Local\\\\Temp\\\\aiboard-windows-semantic-duplex-fCmmSy","existsAtExit":false}
# C5 CLI root: {"event":"exit","path":"C:\\\\Users\\\\b_a_s\\\\AppData\\\\Local\\\\Temp\\\\aiboard-windows-semantic-batch-vIoJSE","existsAtExit":false}
# C5 CLI root: {"event":"exit","path":"C:\\\\Users\\\\b_a_s\\\\AppData\\\\Local\\\\Temp\\\\aiboard-windows-semantic-tree-5aGVUn","existsAtExit":false}
# C5 CLI root: {"event":"exit","path":"C:\\\\Users\\\\b_a_s\\\\AppData\\\\Local\\\\Temp\\\\aiboard-native-capabilities-extension-tool-observation-ZkoXTp","existsAtExit":false}
# C5 CLI root: {"event":"exit","path":"C:\\\\Users\\\\b_a_s\\\\AppData\\\\Local\\\\Temp\\\\aiboard-native-capabilities-extension-tool-observation-ZkoXTp\\\\state\\\\capability-snapshots\\\\.staging-E5DTRl","existsAtExit":false}
# C5 CLI root: {"event":"exit","path":"C:\\\\Users\\\\b_a_s\\\\AppData\\\\Local\\\\Temp\\\\aiboard-native-capabilities-extension-tool-observation-ZkoXTp\\\\state\\\\builds\\\\capability-extension-tool-observation-5edb5eb1bf\\\\extension-executions\\\\.0677af4400a8cb12-vi6FmV","existsAtExit":false}
# C5 CLI root: {"event":"exit","path":"C:\\\\Users\\\\b_a_s\\\\AppData\\\\Local\\\\Temp\\\\aiboard-windows-semantic-duplex-6psRJ5","existsAtExit":false}
# C5 CLI root: {"event":"exit","path":"C:\\\\Users\\\\b_a_s\\\\AppData\\\\Local\\\\Temp\\\\aiboard-windows-semantic-batch-g9Vdts","existsAtExit":false}
# C5 CLI root: {"event":"exit","path":"C:\\\\Users\\\\b_a_s\\\\AppData\\\\Local\\\\Temp\\\\aiboard-windows-semantic-tree-5uEseE","existsAtExit":false}
# C5 CLI root: {"event":"exit","path":"C:\\\\Users\\\\b_a_s\\\\AppData\\\\Local\\\\Temp\\\\aiboard-native-capabilities-extension-language-close-1kfGHP","existsAtExit":false}
# C5 CLI root: {"event":"exit","path":"C:\\\\Users\\\\b_a_s\\\\AppData\\\\Local\\\\Temp\\\\aiboard-native-capabilities-extension-language-close-1kfGHP\\\\state\\\\capability-snapshots\\\\.staging-zxVKeJ","existsAtExit":false}
# C5 CLI root: {"event":"exit","path":"C:\\\\Users\\\\b_a_s\\\\AppData\\\\Local\\\\Temp\\\\aiboard-native-capabilities-extension-language-close-1kfGHP\\\\state\\\\builds\\\\capability-extension-language-close-a6f485b07d\\\\extension-executions\\\\.3c5f4d73efafb169-xuTf8b","existsAtExit":false}
# C5 CLI root: {"event":"exit","path":"C:\\\\Users\\\\b_a_s\\\\AppData\\\\Local\\\\Temp\\\\aiboard-windows-semantic-duplex-CAweNb","existsAtExit":false}
# C5 CLI root: {"event":"exit","path":"C:\\\\Users\\\\b_a_s\\\\AppData\\\\Local\\\\Temp\\\\aiboard-windows-semantic-batch-k4jjNn","existsAtExit":false}
# C5 CLI root: {"event":"exit","path":"C:\\\\Users\\\\b_a_s\\\\AppData\\\\Local\\\\Temp\\\\aiboard-windows-semantic-tree-eBRkOX","existsAtExit":false}
# C5 CLI root: {"event":"exit","path":"C:\\\\Users\\\\b_a_s\\\\AppData\\\\Local\\\\Temp\\\\aiboard-native-capabilities-atomic-2NbS2m","existsAtExit":false}
# C5 CLI root: {"event":"exit","path":"C:\\\\Users\\\\b_a_s\\\\AppData\\\\Local\\\\Temp\\\\aiboard-native-capabilities-atomic-2NbS2m\\\\state\\\\capability-snapshots\\\\.staging-e4xrIb","existsAtExit":false}
# C5 CLI root: {"event":"exit","path":"C:\\\\Users\\\\b_a_s\\\\AppData\\\\Local\\\\Temp\\\\aiboard-native-capabilities-atomic-2NbS2m\\\\state\\\\builds\\\\capability-atomic-f3e56529da\\\\extension-executions\\\\.4a1ebe8af4c5b5b1-YAtfNB","existsAtExit":false}
# C5 CLI root: {"event":"exit","path":"C:\\\\Users\\\\b_a_s\\\\AppData\\\\Local\\\\Temp\\\\aiboard-native-capabilities-reserved-twFrZk","existsAtExit":false}
# C5 CLI root: {"event":"exit","path":"C:\\\\Users\\\\b_a_s\\\\AppData\\\\Local\\\\Temp\\\\aiboard-native-capabilities-reserved-twFrZk\\\\state\\\\capability-snapshots\\\\.staging-lfomUm","existsAtExit":false}
# C5 CLI root: {"event":"exit","path":"C:\\\\Users\\\\b_a_s\\\\AppData\\\\Local\\\\Temp\\\\aiboard-native-capabilities-reserved-twFrZk\\\\state\\\\builds\\\\capability-reserved-3f9cfa92ac\\\\extension-executions\\\\.4bdbf80681b45464-ZDmqXK","existsAtExit":false}
# C5 CLI root: {"event":"exit","path":"C:\\\\Users\\\\b_a_s\\\\AppData\\\\Local\\\\Temp\\\\aiboard-native-capabilities-runtime-construction-execution_isolation-KPbdiR","existsAtExit":false}
# C5 CLI root: {"event":"exit","path":"C:\\\\Users\\\\b_a_s\\\\AppData\\\\Local\\\\Temp\\\\aiboard-native-capabilities-runtime-construction-execution_isolation-KPbdiR\\\\state\\\\capability-snapshots\\\\.staging-3RO9m5","existsAtExit":false}
# C5 CLI root: {"event":"exit","path":"C:\\\\Users\\\\b_a_s\\\\AppData\\\\Local\\\\Temp\\\\aiboard-native-capabilities-runtime-construction-capabilities-ltUL3I","existsAtExit":false}
# C5 CLI root: {"event":"exit","path":"C:\\\\Users\\\\b_a_s\\\\AppData\\\\Local\\\\Temp\\\\aiboard-native-capabilities-runtime-construction-capabilities-ltUL3I\\\\state\\\\capability-snapshots\\\\.staging-sh20IZ","existsAtExit":false}
# C5 CLI root: {"event":"exit","path":"C:\\\\Users\\\\b_a_s\\\\AppData\\\\Local\\\\Temp\\\\aiboard-native-capabilities-runtime-construction-capabilities-ltUL3I\\\\state\\\\builds\\\\runtime-construction-capabilities-c2144e95b5\\\\extension-executions\\\\.0677af4400a8cb12-YkW0XH","existsAtExit":false}
# C5 CLI root: {"event":"exit","path":"C:\\\\Users\\\\b_a_s\\\\AppData\\\\Local\\\\Temp\\\\aiboard-native-capabilities-runtime-construction-evidence_store-LgUEfD","existsAtExit":false}
# C5 CLI root: {"event":"exit","path":"C:\\\\Users\\\\b_a_s\\\\AppData\\\\Local\\\\Temp\\\\aiboard-native-capabilities-runtime-construction-evidence_store-LgUEfD\\\\state\\\\capability-snapshots\\\\.staging-6GYmkT","existsAtExit":false}
# C5 CLI root: {"event":"exit","path":"C:\\\\Users\\\\b_a_s\\\\AppData\\\\Local\\\\Temp\\\\aiboard-native-capabilities-runtime-construction-evidence_store-LgUEfD\\\\state\\\\builds\\\\runtime-construction-evidence-store-18e527f405\\\\extension-executions\\\\.0677af4400a8cb12-PTIrq7","existsAtExit":false}
# C5 CLI root: {"event":"exit","path":"C:\\\\Users\\\\b_a_s\\\\AppData\\\\Local\\\\Temp\\\\aiboard-native-capabilities-runtime-construction-scheduler_store-kS4IPI","existsAtExit":false}
# C5 CLI root: {"event":"exit","path":"C:\\\\Users\\\\b_a_s\\\\AppData\\\\Local\\\\Temp\\\\aiboard-native-capabilities-runtime-construction-scheduler_store-kS4IPI\\\\state\\\\capability-snapshots\\\\.staging-rWsiT2","existsAtExit":false}
# C5 CLI root: {"event":"exit","path":"C:\\\\Users\\\\b_a_s\\\\AppData\\\\Local\\\\Temp\\\\aiboard-native-capabilities-runtime-construction-scheduler_store-kS4IPI\\\\state\\\\builds\\\\runtime-construction-scheduler-store-c4cfcb6c97\\\\extension-executions\\\\.0677af4400a8cb12-Wzqlh2","existsAtExit":false}
# C5 CLI root: {"event":"exit","path":"C:\\\\Users\\\\b_a_s\\\\AppData\\\\Local\\\\Temp\\\\aiboard-native-capabilities-runtime-construction-session_store-RuvCEz","existsAtExit":false}
# C5 CLI root: {"event":"exit","path":"C:\\\\Users\\\\b_a_s\\\\AppData\\\\Local\\\\Temp\\\\aiboard-native-capabilities-runtime-construction-session_store-RuvCEz\\\\state\\\\capability-snapshots\\\\.staging-fwNkkW","existsAtExit":false}
# C5 CLI root: {"event":"exit","path":"C:\\\\Users\\\\b_a_s\\\\AppData\\\\Local\\\\Temp\\\\aiboard-native-capabilities-runtime-construction-session_store-RuvCEz\\\\state\\\\builds\\\\runtime-construction-session-store-86eaeb0ad5\\\\extension-executions\\\\.0677af4400a8cb12-6WI5o1","existsAtExit":false}
# C5 CLI root: {"event":"exit","path":"C:\\\\Users\\\\b_a_s\\\\AppData\\\\Local\\\\Temp\\\\aiboard-native-capabilities-runtime-construction-tool_ledger-MeLnRU","existsAtExit":false}
# C5 CLI root: {"event":"exit","path":"C:\\\\Users\\\\b_a_s\\\\AppData\\\\Local\\\\Temp\\\\aiboard-native-capabilities-runtime-construction-tool_ledger-MeLnRU\\\\state\\\\capability-snapshots\\\\.staging-9NZ8em","existsAtExit":false}
# C5 CLI root: {"event":"exit","path":"C:\\\\Users\\\\b_a_s\\\\AppData\\\\Local\\\\Temp\\\\aiboard-native-capabilities-runtime-construction-tool_ledger-MeLnRU\\\\state\\\\builds\\\\runtime-construction-tool-ledger-29381f9a8e\\\\extension-executions\\\\.0677af4400a8cb12-E4dwFQ","existsAtExit":false}
# C5 CLI root: {"event":"exit","path":"C:\\\\Users\\\\b_a_s\\\\AppData\\\\Local\\\\Temp\\\\aiboard-native-capabilities-runtime-construction-budget_ledger-SpoH6O","existsAtExit":false}
# C5 CLI root: {"event":"exit","path":"C:\\\\Users\\\\b_a_s\\\\AppData\\\\Local\\\\Temp\\\\aiboard-native-capabilities-runtime-construction-budget_ledger-SpoH6O\\\\state\\\\capability-snapshots\\\\.staging-os3opz","existsAtExit":false}
# C5 CLI root: {"event":"exit","path":"C:\\\\Users\\\\b_a_s\\\\AppData\\\\Local\\\\Temp\\\\aiboard-native-capabilities-runtime-construction-budget_ledger-SpoH6O\\\\state\\\\builds\\\\runtime-construction-budget-ledger-0779643d62\\\\extension-executions\\\\.0677af4400a8cb12-zKmuiY","existsAtExit":false}
# C5 CLI root: {"event":"exit","path":"C:\\\\Users\\\\b_a_s\\\\AppData\\\\Local\\\\Temp\\\\aiboard-native-capabilities-runtime-construction-workspace_manager-VCpIN2","existsAtExit":false}
# C5 CLI root: {"event":"exit","path":"C:\\\\Users\\\\b_a_s\\\\AppData\\\\Local\\\\Temp\\\\aiboard-native-capabilities-runtime-construction-workspace_manager-VCpIN2\\\\state\\\\capability-snapshots\\\\.staging-bqZGqe","existsAtExit":false}
# C5 CLI root: {"event":"exit","path":"C:\\\\Users\\\\b_a_s\\\\AppData\\\\Local\\\\Temp\\\\aiboard-native-capabilities-runtime-construction-workspace_manager-VCpIN2\\\\state\\\\builds\\\\runtime-construction-workspace-manager-0d5c1a0cd6\\\\extension-executions\\\\.0677af4400a8cb12-PvkW9v","existsAtExit":false}
# C5 CLI root: {"event":"exit","path":"C:\\\\Users\\\\b_a_s\\\\AppData\\\\Local\\\\Temp\\\\aiboard-native-capabilities-runtime-construction-integration_workspace-TZSfIM","existsAtExit":false}
# C5 CLI root: {"event":"exit","path":"C:\\\\Users\\\\b_a_s\\\\AppData\\\\Local\\\\Temp\\\\aiboard-native-capabilities-runtime-construction-integration_workspace-TZSfIM\\\\state\\\\capability-snapshots\\\\.staging-qO46uX","existsAtExit":false}
# C5 CLI root: {"event":"exit","path":"C:\\\\Users\\\\b_a_s\\\\AppData\\\\Local\\\\Temp\\\\aiboard-native-capabilities-runtime-construction-integration_workspace-TZSfIM\\\\state\\\\builds\\\\runtime-construction-integration-workspa-efec5553ad\\\\extension-executions\\\\.0677af4400a8cb12-EZ1mAB","existsAtExit":false}
# C5 CLI root: {"event":"exit","path":"C:\\\\Users\\\\b_a_s\\\\AppData\\\\Local\\\\Temp\\\\aiboard-native-capabilities-runtime-construction-verification_workspace-ahhj0q","existsAtExit":false}
# C5 CLI root: {"event":"exit","path":"C:\\\\Users\\\\b_a_s\\\\AppData\\\\Local\\\\Temp\\\\aiboard-native-capabilities-runtime-construction-verification_workspace-ahhj0q\\\\state\\\\capability-snapshots\\\\.staging-ybalQJ","existsAtExit":false}
# C5 CLI root: {"event":"exit","path":"C:\\\\Users\\\\b_a_s\\\\AppData\\\\Local\\\\Temp\\\\aiboard-native-capabilities-runtime-construction-verification_workspace-ahhj0q\\\\state\\\\builds\\\\runtime-construction-verification-worksp-b289e3e05a\\\\extension-executions\\\\.0677af4400a8cb12-qWfyfE","existsAtExit":false}
# C5 CLI root: {"event":"exit","path":"C:\\\\Users\\\\b_a_s\\\\AppData\\\\Local\\\\Temp\\\\aiboard-native-capabilities-runtime-construction-independent_verifier_workspace-yMaYf7","existsAtExit":false}
# C5 CLI root: {"event":"exit","path":"C:\\\\Users\\\\b_a_s\\\\AppData\\\\Local\\\\Temp\\\\aiboard-native-capabilities-runtime-construction-independent_verifier_workspace-yMaYf7\\\\state\\\\capability-snapshots\\\\.staging-Mt9AjQ","existsAtExit":false}
# C5 CLI root: {"event":"exit","path":"C:\\\\Users\\\\b_a_s\\\\AppData\\\\Local\\\\Temp\\\\aiboard-native-capabilities-runtime-construction-independent_verifier_workspace-yMaYf7\\\\state\\\\builds\\\\runtime-construction-independent-verifie-3fd6daeb82\\\\extension-executions\\\\.0677af4400a8cb12-8HfZZb","existsAtExit":false}
# C5 CLI root: {"event":"exit","path":"C:\\\\Users\\\\b_a_s\\\\AppData\\\\Local\\\\Temp\\\\aiboard-native-capabilities-runtime-construction-memory_store-Vh4I8q","existsAtExit":false}
# C5 CLI root: {"event":"exit","path":"C:\\\\Users\\\\b_a_s\\\\AppData\\\\Local\\\\Temp\\\\aiboard-native-capabilities-runtime-construction-memory_store-Vh4I8q\\\\state\\\\capability-snapshots\\\\.staging-XjkzsG","existsAtExit":false}
# C5 CLI root: {"event":"exit","path":"C:\\\\Users\\\\b_a_s\\\\AppData\\\\Local\\\\Temp\\\\aiboard-native-capabilities-runtime-construction-memory_store-Vh4I8q\\\\state\\\\builds\\\\runtime-construction-memory-store-440a0a3e6c\\\\extension-executions\\\\.0677af4400a8cb12-tiF4Fq","existsAtExit":false}
# C5 CLI root: {"event":"exit","path":"C:\\\\Users\\\\b_a_s\\\\AppData\\\\Local\\\\Temp\\\\aiboard-native-capabilities-runtime-construction-managed_process_service-omKMYs","existsAtExit":false}
# C5 CLI root: {"event":"exit","path":"C:\\\\Users\\\\b_a_s\\\\AppData\\\\Local\\\\Temp\\\\aiboard-native-capabilities-runtime-construction-managed_process_service-omKMYs\\\\state\\\\capability-snapshots\\\\.staging-e44hlM","existsAtExit":false}
# C5 CLI root: {"event":"exit","path":"C:\\\\Users\\\\b_a_s\\\\AppData\\\\Local\\\\Temp\\\\aiboard-native-capabilities-runtime-construction-managed_process_service-omKMYs\\\\state\\\\builds\\\\runtime-construction-managed-process-ser-fccb111fe3\\\\extension-executions\\\\.0677af4400a8cb12-gYg4ER","existsAtExit":false}
# C5 CLI root: {"event":"exit","path":"C:\\\\Users\\\\b_a_s\\\\AppData\\\\Local\\\\Temp\\\\aiboard-native-capabilities-runtime-handle-close-ownership-dnAH71","existsAtExit":false}
# C5 CLI root: {"event":"exit","path":"C:\\\\Users\\\\b_a_s\\\\AppData\\\\Local\\\\Temp\\\\aiboard-native-capabilities-runtime-handle-close-ownership-dnAH71\\\\state\\\\capability-snapshots\\\\.staging-BD9jWC","existsAtExit":false}
# C5 CLI root: {"event":"exit","path":"C:\\\\Users\\\\b_a_s\\\\AppData\\\\Local\\\\Temp\\\\aiboard-native-capabilities-runtime-handle-close-ownership-dnAH71\\\\state\\\\builds\\\\runtime-handle-close-ownership-da59f740f0\\\\extension-executions\\\\.0677af4400a8cb12-tuTp5x","existsAtExit":false}
# C5 CLI root: {"event":"exit","path":"C:\\\\Users\\\\b_a_s\\\\AppData\\\\Local\\\\Temp\\\\aiboard-windows-semantic-duplex-ObUs9W","existsAtExit":false}
# C5 CLI root: {"event":"exit","path":"C:\\\\Users\\\\b_a_s\\\\AppData\\\\Local\\\\Temp\\\\aiboard-windows-semantic-batch-paUypo","existsAtExit":false}
# C5 CLI root: {"event":"exit","path":"C:\\\\Users\\\\b_a_s\\\\AppData\\\\Local\\\\Temp\\\\aiboard-windows-semantic-tree-7XEebS","existsAtExit":false}
# C5 CLI root: {"event":"exit","path":"C:\\\\Users\\\\b_a_s\\\\AppData\\\\Local\\\\Temp\\\\aiboard-native-capabilities-runtime-construction-cleanup-retry-Jm0kU6","existsAtExit":false}
# C5 CLI root: {"event":"exit","path":"C:\\\\Users\\\\b_a_s\\\\AppData\\\\Local\\\\Temp\\\\aiboard-native-capabilities-runtime-construction-cleanup-retry-Jm0kU6\\\\state\\\\capability-snapshots\\\\.staging-cn6kvU","existsAtExit":false}
# C5 CLI root: {"event":"exit","path":"C:\\\\Users\\\\b_a_s\\\\AppData\\\\Local\\\\Temp\\\\aiboard-native-capabilities-runtime-construction-cleanup-retry-Jm0kU6\\\\state\\\\builds\\\\runtime-construction-cleanup-retry-12e687607c\\\\extension-executions\\\\.0677af4400a8cb12-P0qGcw","existsAtExit":false}
# C5 CLI root: {"event":"exit","path":"C:\\\\Users\\\\b_a_s\\\\AppData\\\\Local\\\\Temp\\\\aiboard-native-capabilities-runtime-capability-close-retry-bQwoY6","existsAtExit":false}
# C5 CLI root: {"event":"exit","path":"C:\\\\Users\\\\b_a_s\\\\AppData\\\\Local\\\\Temp\\\\aiboard-native-capabilities-runtime-capability-close-retry-bQwoY6\\\\state\\\\capability-snapshots\\\\.staging-FilXiJ","existsAtExit":false}
# C5 CLI root: {"event":"exit","path":"C:\\\\Users\\\\b_a_s\\\\AppData\\\\Local\\\\Temp\\\\aiboard-native-capabilities-runtime-capability-close-retry-bQwoY6\\\\state\\\\builds\\\\runtime-capability-close-retry-ca6246e4c5\\\\extension-executions\\\\.3ceaab75a4e558c2-ILB9pz","existsAtExit":false}
# C5 CLI root: {"event":"exit","path":"C:\\\\Users\\\\b_a_s\\\\AppData\\\\Local\\\\Temp\\\\aiboard-native-capabilities-pre-handle-disposer-retention-kfKZ7R","existsAtExit":false}
# C5 CLI root: {"event":"exit","path":"C:\\\\Users\\\\b_a_s\\\\AppData\\\\Local\\\\Temp\\\\aiboard-native-capabilities-pre-handle-disposer-retention-kfKZ7R\\\\state\\\\capability-snapshots\\\\.staging-vm4U9j","existsAtExit":false}
# C5 CLI root: {"event":"exit","path":"C:\\\\Users\\\\b_a_s\\\\AppData\\\\Local\\\\Temp\\\\aiboard-native-capabilities-pre-handle-disposer-retention-kfKZ7R\\\\state\\\\builds\\\\pre-handle-disposer-retention-df2c4dd6e9\\\\extension-executions\\\\.17d7b351aeed3c25-zvIWIL","existsAtExit":false}
# C5 CLI root: {"event":"exit","path":"C:\\\\Users\\\\b_a_s\\\\AppData\\\\Local\\\\Temp\\\\aiboard-native-capabilities-provider-owner-c5mCNq","existsAtExit":false}
# C5 CLI root: {"event":"exit","path":"C:\\\\Users\\\\b_a_s\\\\AppData\\\\Local\\\\Temp\\\\aiboard-native-capabilities-historical-terminal-pzbeGt","existsAtExit":false}
# C5 CLI root: {"event":"exit","path":"C:\\\\Users\\\\b_a_s\\\\AppData\\\\Local\\\\Temp\\\\aiboard-native-capabilities-historical-terminal-pzbeGt\\\\state\\\\capability-snapshots\\\\.staging-vsPNjG","existsAtExit":false}
# C5 CLI root: {"event":"exit","path":"C:\\\\Users\\\\b_a_s\\\\AppData\\\\Local\\\\Temp\\\\aiboard-historical-sqlite-uLoCKW","existsAtExit":false}
# C5 CLI root: {"event":"exit","path":"C:\\\\Users\\\\b_a_s\\\\AppData\\\\Local\\\\Temp\\\\aiboard-historical-sqlite-Maw1lj","existsAtExit":false}
# C5 CLI root: {"event":"exit","path":"C:\\\\Users\\\\b_a_s\\\\AppData\\\\Local\\\\Temp\\\\aiboard-historical-sqlite-wQvigN","existsAtExit":false}
# C5 CLI root: {"event":"exit","path":"C:\\\\Users\\\\b_a_s\\\\AppData\\\\Local\\\\Temp\\\\aiboard-historical-sqlite-Za0LYF","existsAtExit":false}
# C5 CLI root: {"event":"exit","path":"C:\\\\Users\\\\b_a_s\\\\AppData\\\\Local\\\\Temp\\\\aiboard-historical-sqlite-GnIjeE","existsAtExit":false}
# C5 CLI root: {"event":"exit","path":"C:\\\\Users\\\\b_a_s\\\\AppData\\\\Local\\\\Temp\\\\aiboard-native-capabilities-historical-missing-stores-hdISGM","existsAtExit":false}
# C5 CLI root: {"event":"exit","path":"C:\\\\Users\\\\b_a_s\\\\AppData\\\\Local\\\\Temp\\\\aiboard-native-capabilities-historical-no-global-authority-ymkCly","existsAtExit":false}
# C5 CLI root: {"event":"exit","path":"C:\\\\Users\\\\b_a_s\\\\AppData\\\\Local\\\\Temp\\\\aiboard-native-capabilities-historical-close-retry-6DVkLS","existsAtExit":false}
# C5 CLI root: {"event":"exit","path":"C:\\\\Users\\\\b_a_s\\\\AppData\\\\Local\\\\Temp\\\\aiboard-historical-sqlite-ByR7Rs","existsAtExit":false}
# C5 CLI root: {"event":"exit","path":"C:\\\\Users\\\\b_a_s\\\\AppData\\\\Local\\\\Temp\\\\aiboard-native-capabilities-historical-snapshot-removal-retry-O1754V","existsAtExit":false}
# C5 CLI root: {"event":"exit","path":"C:\\\\Users\\\\b_a_s\\\\AppData\\\\Local\\\\Temp\\\\aiboard-historical-sqlite-sPRtWS","existsAtExit":false}
# C5 CLI root: {"event":"exit","path":"C:\\\\Users\\\\b_a_s\\\\AppData\\\\Local\\\\Temp\\\\aiboard-historical-sqlite-h9s6tp","existsAtExit":false}
# C5 CLI root: {"event":"exit","path":"C:\\\\Users\\\\b_a_s\\\\AppData\\\\Local\\\\Temp\\\\aiboard-native-capabilities-historical-construction-cleanup-oOTTLg","existsAtExit":false}
# C5 CLI root: {"event":"exit","path":"C:\\\\Users\\\\b_a_s\\\\AppData\\\\Local\\\\Temp\\\\aiboard-historical-sqlite-WXxY0a","existsAtExit":false}
# C5 CLI root: {"event":"exit","path":"C:\\\\Users\\\\b_a_s\\\\AppData\\\\Local\\\\Temp\\\\aiboard-native-capabilities-historical-durable-observations-hsMVXu","existsAtExit":false}
# C5 CLI root: {"event":"exit","path":"C:\\\\Users\\\\b_a_s\\\\AppData\\\\Local\\\\Temp\\\\aiboard-historical-schema-hsUEuD","existsAtExit":false}
# C5 CLI root: {"event":"exit","path":"C:\\\\Users\\\\b_a_s\\\\AppData\\\\Local\\\\Temp\\\\aiboard-historical-schema-yv1KLP","existsAtExit":false}
# C5 CLI root: {"event":"exit","path":"C:\\\\Users\\\\b_a_s\\\\AppData\\\\Local\\\\Temp\\\\aiboard-historical-schema-ETBjcY","existsAtExit":false}
# C5 CLI root: {"event":"exit","path":"C:\\\\Users\\\\b_a_s\\\\AppData\\\\Local\\\\Temp\\\\aiboard-historical-schema-uAA8mk","existsAtExit":false}
# C5 CLI root: {"event":"exit","path":"C:\\\\Users\\\\b_a_s\\\\AppData\\\\Local\\\\Temp\\\\aiboard-historical-schema-qjZVRG","existsAtExit":false}
# C5 CLI root: {"event":"exit","path":"C:\\\\Users\\\\b_a_s\\\\AppData\\\\Local\\\\Temp\\\\aiboard-historical-schema-ysLTL1","existsAtExit":false}
# C5 CLI root: {"event":"exit","path":"C:\\\\Users\\\\b_a_s\\\\AppData\\\\Local\\\\Temp\\\\aiboard-historical-sqlite-dE2XVX","existsAtExit":false}
# C5 CLI root: {"event":"exit","path":"C:\\\\Users\\\\b_a_s\\\\AppData\\\\Local\\\\Temp\\\\aiboard-historical-sqlite-qhoPdR","existsAtExit":false}
# C5 CLI root: {"event":"exit","path":"C:\\\\Users\\\\b_a_s\\\\AppData\\\\Local\\\\Temp\\\\aiboard-historical-sqlite-N06sbv","existsAtExit":false}
# C5 CLI root: {"event":"exit","path":"C:\\\\Users\\\\b_a_s\\\\AppData\\\\Local\\\\Temp\\\\aiboard-historical-sqlite-96dktc","existsAtExit":false}
# C5 CLI root: {"event":"exit","path":"C:\\\\Users\\\\b_a_s\\\\AppData\\\\Local\\\\Temp\\\\aiboard-historical-sqlite-rFmKcm","existsAtExit":false}
# C5 CLI root: {"event":"exit","path":"C:\\\\Users\\\\b_a_s\\\\AppData\\\\Local\\\\Temp\\\\aiboard-historical-sqlite-C3u9BH","existsAtExit":false}
# C5 CLI root: {"event":"exit","path":"C:\\\\Users\\\\b_a_s\\\\AppData\\\\Local\\\\Temp\\\\aiboard-historical-schema-xnkXHo","existsAtExit":false}
# C5 CLI root: {"event":"exit","path":"C:\\\\Users\\\\b_a_s\\\\AppData\\\\Local\\\\Temp\\\\aiboard-historical-schema-Pdefvx","existsAtExit":false}
# C5 CLI root: {"event":"exit","path":"C:\\\\Users\\\\b_a_s\\\\AppData\\\\Local\\\\Temp\\\\aiboard-historical-schema-hQypbF","existsAtExit":false}
# C5 CLI root: {"event":"exit","path":"C:\\\\Users\\\\b_a_s\\\\AppData\\\\Local\\\\Temp\\\\aiboard-historical-schema-X4t9SO","existsAtExit":false}
# C5 CLI root: {"event":"exit","path":"C:\\\\Users\\\\b_a_s\\\\AppData\\\\Local\\\\Temp\\\\aiboard-historical-schema-Gk7Vw7","existsAtExit":false}
# C5 CLI root: {"event":"exit","path":"C:\\\\Users\\\\b_a_s\\\\AppData\\\\Local\\\\Temp\\\\aiboard-historical-schema-GscK6b","existsAtExit":false}
# C5 CLI root: {"event":"exit","path":"C:\\\\Users\\\\b_a_s\\\\AppData\\\\Local\\\\Temp\\\\aiboard-native-capabilities-historical-frozen-non-sqlite-observations-d1K7RF","existsAtExit":false}
# C5 CLI root: {"event":"exit","path":"C:\\\\Users\\\\b_a_s\\\\AppData\\\\Local\\\\Temp\\\\aiboard-historical-sqlite-wOxVuU","existsAtExit":false}
# C5 CLI root: {"event":"exit","path":"C:\\\\Users\\\\b_a_s\\\\AppData\\\\Local\\\\Temp\\\\aiboard-historical-sqlite-oGlyux","existsAtExit":false}
# C5 CLI root: {"event":"exit","path":"C:\\\\Users\\\\b_a_s\\\\AppData\\\\Local\\\\Temp\\\\aiboard-historical-sqlite-WIDHL6","existsAtExit":false}
# C5 CLI root: {"event":"exit","path":"C:\\\\Users\\\\b_a_s\\\\AppData\\\\Local\\\\Temp\\\\aiboard-historical-sqlite-lfLgqh","existsAtExit":false}
# C5 CLI root: {"event":"exit","path":"C:\\\\Users\\\\b_a_s\\\\AppData\\\\Local\\\\Temp\\\\aiboard-historical-sqlite-OAy0qe","existsAtExit":false}
# C5 CLI root: {"event":"exit","path":"C:\\\\Users\\\\b_a_s\\\\AppData\\\\Local\\\\Temp\\\\aiboard-historical-sqlite-Uds46s","existsAtExit":false}
# C5 CLI root: {"event":"exit","path":"C:\\\\Users\\\\b_a_s\\\\AppData\\\\Local\\\\Temp\\\\aiboard-historical-sqlite-CjyA7b","existsAtExit":false}
# C5 CLI root: {"event":"exit","path":"C:\\\\Users\\\\b_a_s\\\\AppData\\\\Local\\\\Temp\\\\aiboard-historical-sqlite-1IEkjk","existsAtExit":false}
# C5 CLI root: {"event":"exit","path":"C:\\\\Users\\\\b_a_s\\\\AppData\\\\Local\\\\Temp\\\\aiboard-historical-schema-2PLzHD","existsAtExit":false}
# C5 CLI root: {"event":"exit","path":"C:\\\\Users\\\\b_a_s\\\\AppData\\\\Local\\\\Temp\\\\aiboard-historical-schema-OCQprf","existsAtExit":false}
# C5 CLI root: {"event":"exit","path":"C:\\\\Users\\\\b_a_s\\\\AppData\\\\Local\\\\Temp\\\\aiboard-historical-schema-rwYIHW","existsAtExit":false}
# C5 CLI root: {"event":"exit","path":"C:\\\\Users\\\\b_a_s\\\\AppData\\\\Local\\\\Temp\\\\aiboard-historical-schema-G7p7HV","existsAtExit":false}
# C5 CLI root: {"event":"exit","path":"C:\\\\Users\\\\b_a_s\\\\AppData\\\\Local\\\\Temp\\\\aiboard-historical-schema-XQh3uw","existsAtExit":false}
# C5 CLI root: {"event":"exit","path":"C:\\\\Users\\\\b_a_s\\\\AppData\\\\Local\\\\Temp\\\\aiboard-historical-schema-3QPUoD","existsAtExit":false}
# C5 CLI root: {"event":"exit","path":"C:\\\\Users\\\\b_a_s\\\\AppData\\\\Local\\\\Temp\\\\aiboard-historical-schema-RIMAxT","existsAtExit":false}
# C5 CLI root: {"event":"exit","path":"C:\\\\Users\\\\b_a_s\\\\AppData\\\\Local\\\\Temp\\\\aiboard-historical-schema-AbCw4w","existsAtExit":false}
# C5 CLI root: {"event":"exit","path":"C:\\\\Users\\\\b_a_s\\\\AppData\\\\Local\\\\Temp\\\\aiboard-historical-schema-XcuOXL","existsAtExit":false}
# C5 CLI root: {"event":"exit","path":"C:\\\\Users\\\\b_a_s\\\\AppData\\\\Local\\\\Temp\\\\aiboard-historical-schema-5NqT29","existsAtExit":false}
# C5 CLI root: {"event":"exit","path":"C:\\\\Users\\\\b_a_s\\\\AppData\\\\Local\\\\Temp\\\\aiboard-native-capabilities-historical-unmigrated-observations-ueLE5i","existsAtExit":false}
# C5 CLI root: {"event":"exit","path":"C:\\\\Users\\\\b_a_s\\\\AppData\\\\Local\\\\Temp\\\\aiboard-historical-schema-kw3BTF","existsAtExit":false}
# C5 CLI root: {"event":"exit","path":"C:\\\\Users\\\\b_a_s\\\\AppData\\\\Local\\\\Temp\\\\aiboard-historical-schema-SmeuWT","existsAtExit":false}
# C5 CLI root: {"event":"exit","path":"C:\\\\Users\\\\b_a_s\\\\AppData\\\\Local\\\\Temp\\\\aiboard-historical-sqlite-DIisTT","existsAtExit":false}
# C5 CLI root: {"event":"exit","path":"C:\\\\Users\\\\b_a_s\\\\AppData\\\\Local\\\\Temp\\\\aiboard-historical-sqlite-HOGrOl","existsAtExit":false}
# C5 CLI root: {"event":"exit","path":"C:\\\\Users\\\\b_a_s\\\\AppData\\\\Local\\\\Temp\\\\aiboard-historical-schema-8xkeac","existsAtExit":false}
# C5 CLI root: {"event":"exit","path":"C:\\\\Users\\\\b_a_s\\\\AppData\\\\Local\\\\Temp\\\\aiboard-historical-schema-SWRphP","existsAtExit":false}
# C5 CLI root: {"event":"exit","path":"C:\\\\Users\\\\b_a_s\\\\AppData\\\\Local\\\\Temp\\\\aiboard-native-capabilities-historical-partial-transcript-itECnM","existsAtExit":false}
# C5 CLI root: {"event":"exit","path":"C:\\\\Users\\\\b_a_s\\\\AppData\\\\Local\\\\Temp\\\\aiboard-historical-schema-5lIE8a","existsAtExit":false}
# C5 CLI root: {"event":"exit","path":"C:\\\\Users\\\\b_a_s\\\\AppData\\\\Local\\\\Temp\\\\aiboard-historical-sqlite-oC5jrs","existsAtExit":false}
# C5 CLI root: {"event":"exit","path":"C:\\\\Users\\\\b_a_s\\\\AppData\\\\Local\\\\Temp\\\\aiboard-historical-schema-zdjJ43","existsAtExit":false}
# C5 CLI root: {"event":"exit","path":"C:\\\\Users\\\\b_a_s\\\\AppData\\\\Local\\\\Temp\\\\aiboard-native-capabilities-historical-wal-observation-QGySKM","existsAtExit":false}
# C5 CLI root: {"event":"exit","path":"C:\\\\Users\\\\b_a_s\\\\AppData\\\\Local\\\\Temp\\\\aiboard-historical-schema-1stKIx","existsAtExit":false}
# C5 CLI root: {"event":"exit","path":"C:\\\\Users\\\\b_a_s\\\\AppData\\\\Local\\\\Temp\\\\aiboard-historical-sqlite-feOIRy","existsAtExit":false}
# C5 CLI root: {"event":"exit","path":"C:\\\\Users\\\\b_a_s\\\\AppData\\\\Local\\\\Temp\\\\aiboard-historical-schema-RksTvF","existsAtExit":false}
# C5 CLI root: {"event":"exit","path":"C:\\\\Users\\\\b_a_s\\\\AppData\\\\Local\\\\Temp\\\\aiboard-native-capabilities-historical-terminal-failed-8Q2kx0","existsAtExit":false}
# C5 CLI root: {"event":"exit","path":"C:\\\\Users\\\\b_a_s\\\\AppData\\\\Local\\\\Temp\\\\aiboard-native-capabilities-historical-terminal-stopped-k5pK0g","existsAtExit":false}
# C5 CLI root: {"event":"exit","path":"C:\\\\Users\\\\b_a_s\\\\AppData\\\\Local\\\\Temp\\\\p6-git-mcp-census-NvQUb2","existsAtExit":false}
# C5 CLI root: {"event":"created","path":"C:\\\\Users\\\\b_a_s\\\\AppData\\\\Local\\\\Temp\\\\aiboard native final verification factory dmqE6f"}
# C5 CLI root: {"event":"created","path":"C:\\\\Users\\\\b_a_s\\\\AppData\\\\Local\\\\Temp\\\\aiboard-windows-semantic-duplex-ad1Kuj"}
# C5 CLI root: {"event":"created","path":"C:\\\\Users\\\\b_a_s\\\\AppData\\\\Local\\\\Temp\\\\aiboard-windows-semantic-batch-Eim2qX"}
# C5 CLI root: {"event":"created","path":"C:\\\\Users\\\\b_a_s\\\\AppData\\\\Local\\\\Temp\\\\aiboard-windows-semantic-tree-skByXr"}
# C5 CLI root: {"event":"created","path":"C:\\\\Users\\\\b_a_s\\\\AppData\\\\Local\\\\Temp\\\\playwright-artifacts-JKiCza"}
# C5 CLI root: {"event":"created","path":"C:\\\\Users\\\\b_a_s\\\\AppData\\\\Local\\\\Temp\\\\playwright_chromiumdev_profile-9IJoz7"}
# Subtest: NativeBuildFactory executes all four bound categories from clean integration state while user checkout is dirty
ok 252 - NativeBuildFactory executes all four bound categories from clean integration state while user checkout is dirty
  ---
  duration_ms: 93215.8756
  type: 'test'
  ...
# C5 CLI root: {"event":"exit","path":"C:\\\\Users\\\\b_a_s\\\\AppData\\\\Local\\\\Temp\\\\aiboard native final verification factory dmqE6f","existsAtExit":false}
# C5 CLI root: {"event":"exit","path":"C:\\\\Users\\\\b_a_s\\\\AppData\\\\Local\\\\Temp\\\\aiboard-windows-semantic-duplex-ad1Kuj","existsAtExit":false}
# C5 CLI root: {"event":"exit","path":"C:\\\\Users\\\\b_a_s\\\\AppData\\\\Local\\\\Temp\\\\aiboard-windows-semantic-batch-Eim2qX","existsAtExit":false}
# C5 CLI root: {"event":"exit","path":"C:\\\\Users\\\\b_a_s\\\\AppData\\\\Local\\\\Temp\\\\aiboard-windows-semantic-tree-skByXr","existsAtExit":false}
# C5 CLI root: {"event":"exit","path":"C:\\\\Users\\\\b_a_s\\\\AppData\\\\Local\\\\Temp\\\\playwright-artifacts-JKiCza","existsAtExit":false}
# C5 CLI root: {"event":"exit","path":"C:\\\\Users\\\\b_a_s\\\\AppData\\\\Local\\\\Temp\\\\playwright_chromiumdev_profile-9IJoz7","existsAtExit":false}
# C5 CLI root: {"event":"created","path":"C:\\\\Users\\\\b_a_s\\\\AppData\\\\Local\\\\Temp\\\\aiboard-native-verifier-preferred-gilbqg"}
# C5 CLI root: {"event":"created","path":"C:\\\\Users\\\\b_a_s\\\\AppData\\\\Local\\\\Temp\\\\aiboard-native-verifier-provider-fallback-14luZh"}
# Subtest: typed user selection constrains verifier routing to the preferred candidate
ok 253 - typed user selection constrains verifier routing to the preferred candidate
  ---
  duration_ms: 69.5408
  type: 'test'
  ...
# C5 CLI root: {"event":"created","path":"C:\\\\Users\\\\b_a_s\\\\AppData\\\\Local\\\\Temp\\\\aiboard-native-verifier-context-j2ICYS"}
# Subtest: restart excludes a provider-failed pending verifier session and selects fallback
ok 254 - restart excludes a provider-failed pending verifier session and selects fallback
  ---
  duration_ms: 59.1104
  type: 'test'
  ...
# C5 CLI root: {"event":"created","path":"C:\\\\Users\\\\b_a_s\\\\AppData\\\\Local\\\\Temp\\\\aiboard-native-verifier-budget-attribution-yj0c5j"}
# Subtest: verifier receives complete revision-bound context in a separate read-only session
ok 255 - verifier receives complete revision-bound context in a separate read-only session
  ---
  duration_ms: 57.2993
  type: 'test'
  ...
# C5 CLI root: {"event":"created","path":"C:\\\\Users\\\\b_a_s\\\\AppData\\\\Local\\\\Temp\\\\aiboard-native-verifier-authority-5oxg9V"}
# Subtest: verifier model calls and evidence inspections consume the governed run budget
ok 256 - verifier model calls and evidence inspections consume the governed run budget
  ---
  duration_ms: 108.5255
  type: 'test'
  ...
# C5 CLI root: {"event":"created","path":"C:\\\\Users\\\\b_a_s\\\\AppData\\\\Local\\\\Temp\\\\aiboard-native-verifier-stale-89et3c"}
# C5 CLI root: {"event":"created","path":"C:\\\\Users\\\\b_a_s\\\\AppData\\\\Local\\\\Temp\\\\aiboard-native-verifier-verdict-aSyUhN"}
# Subtest: verifier cannot invoke write, commit, lifecycle, or completion tools
ok 257 - verifier cannot invoke write, commit, lifecycle, or completion tools
  ---
  duration_ms: 79.9867
  type: 'test'
  ...
# Subtest: verifier refuses a workspace whose revision differs from the requested integration snapshot
ok 258 - verifier refuses a workspace whose revision differs from the requested integration snapshot
  ---
  duration_ms: 46.1033
  type: 'test'
  ...
# C5 CLI root: {"event":"created","path":"C:\\\\Users\\\\b_a_s\\\\AppData\\\\Local\\\\Temp\\\\aiboard-native-verifier-verdict-replay-gcXLVS"}
# C5 CLI root: {"event":"created","path":"C:\\\\Users\\\\b_a_s\\\\AppData\\\\Local\\\\Temp\\\\aiboard-native-verifier-verdict-pending-TV58xY"}
# Subtest: verifier submits one typed criterion-complete lifecycle verdict with kernel-bound identity
ok 259 - verifier submits one typed criterion-complete lifecycle verdict with kernel-bound identity
  ---
  duration_ms: 62.1773
  type: 'test'
  ...
# Subtest: persisted verifier verdict resumes without a duplicate model call
ok 260 - persisted verifier verdict resumes without a duplicate model call
  ---
  duration_ms: 47.797
  type: 'test'
  ...
# Subtest: restart after a durable model response executes its pending verdict without another model call
ok 261 - restart after a durable model response executes its pending verdict without another model call
  ---
  duration_ms: 69.6892
  type: 'test'
  ...
# C5 CLI root: {"event":"exit","path":"C:\\\\Users\\\\b_a_s\\\\AppData\\\\Local\\\\Temp\\\\aiboard-native-verifier-preferred-gilbqg","existsAtExit":false}
# C5 CLI root: {"event":"exit","path":"C:\\\\Users\\\\b_a_s\\\\AppData\\\\Local\\\\Temp\\\\aiboard-native-verifier-provider-fallback-14luZh","existsAtExit":false}
# C5 CLI root: {"event":"exit","path":"C:\\\\Users\\\\b_a_s\\\\AppData\\\\Local\\\\Temp\\\\aiboard-native-verifier-context-j2ICYS","existsAtExit":false}
# C5 CLI root: {"event":"exit","path":"C:\\\\Users\\\\b_a_s\\\\AppData\\\\Local\\\\Temp\\\\aiboard-native-verifier-budget-attribution-yj0c5j","existsAtExit":false}
# C5 CLI root: {"event":"exit","path":"C:\\\\Users\\\\b_a_s\\\\AppData\\\\Local\\\\Temp\\\\aiboard-native-verifier-authority-5oxg9V","existsAtExit":false}
# C5 CLI root: {"event":"exit","path":"C:\\\\Users\\\\b_a_s\\\\AppData\\\\Local\\\\Temp\\\\aiboard-native-verifier-stale-89et3c","existsAtExit":false}
# C5 CLI root: {"event":"exit","path":"C:\\\\Users\\\\b_a_s\\\\AppData\\\\Local\\\\Temp\\\\aiboard-native-verifier-verdict-aSyUhN","existsAtExit":false}
# C5 CLI root: {"event":"exit","path":"C:\\\\Users\\\\b_a_s\\\\AppData\\\\Local\\\\Temp\\\\aiboard-native-verifier-verdict-replay-gcXLVS","existsAtExit":false}
# C5 CLI root: {"event":"exit","path":"C:\\\\Users\\\\b_a_s\\\\AppData\\\\Local\\\\Temp\\\\aiboard-native-verifier-verdict-pending-TV58xY","existsAtExit":false}
# C5 CLI root: {"event":"created","path":"C:\\\\Users\\\\b_a_s\\\\AppData\\\\Local\\\\Temp\\\\aiboard-native-worker-8MCSWU"}
# Subtest: worker model calls carry direct durable role and task attribution
ok 262 - worker model calls carry direct durable role and task attribution
  ---
  duration_ms: 0.8275
  type: 'test'
  ...
# Subtest: steering reassignment gets a distinct session while ordinary and recovered sessions stay compatible
ok 263 - steering reassignment gets a distinct session while ordinary and recovered sessions stay compatible
  ---
  duration_ms: 0.2059
  type: 'test'
  ...
# Subtest: invalid worker requests fail once instead of cycling through runtimes
ok 264 - invalid worker requests fail once instead of cycling through runtimes
  ---
  duration_ms: 0.0809
  type: 'test'
  ...
# Subtest: worker lifecycle no-ops preserve the attempt and receive a fresh resume reminder
ok 265 - worker lifecycle no-ops preserve the attempt and receive a fresh resume reminder
  ---
  duration_ms: 0.1984
  type: 'test'
  ...
# C5 CLI root: {"event":"created","path":"C:\\\\Users\\\\b_a_s\\\\AppData\\\\Local\\\\Temp\\\\aiboard-production-one-shot-vjqsXq"}
# C5 CLI root: {"event":"created","path":"C:\\\\Users\\\\b_a_s\\\\AppData\\\\Local\\\\Temp\\\\aiboard-native-worker-cancel-1yQN0g"}
# Subtest: native worker fails over with the same session, context, tools, and evidence
ok 266 - native worker fails over with the same session, context, tools, and evidence
  ---
  duration_ms: 3446.1896
  type: 'test'
  ...
# Subtest: native worker cancellation interrupts an admitted provider retry sleep
ok 267 - native worker cancellation interrupts an admitted provider retry sleep
  ---
  duration_ms: 1302.2732
  type: 'test'
  ...
# Subtest: worker skill routing prefers required capability skills over generic description overlap
ok 268 - worker skill routing prefers required capability skills over generic description overlap
  ---
  duration_ms: 0.4912
  type: 'test'
  ...
# C5 CLI root: {"event":"exit","path":"C:\\\\Users\\\\b_a_s\\\\AppData\\\\Local\\\\Temp\\\\aiboard-native-worker-8MCSWU","existsAtExit":false}
# C5 CLI root: {"event":"exit","path":"C:\\\\Users\\\\b_a_s\\\\AppData\\\\Local\\\\Temp\\\\aiboard-production-one-shot-vjqsXq","existsAtExit":false}
# C5 CLI root: {"event":"exit","path":"C:\\\\Users\\\\b_a_s\\\\AppData\\\\Local\\\\Temp\\\\aiboard-native-worker-cancel-1yQN0g","existsAtExit":false}
# C5 CLI root: {"event":"created","path":"C:\\\\Users\\\\b_a_s\\\\AppData\\\\Local\\\\Temp\\\\aiboard-readonly-subagent-5m61Ir"}
# C5 CLI root: {"event":"created","path":"C:\\\\Users\\\\b_a_s\\\\AppData\\\\Local\\\\Temp\\\\aiboard-subagent-language-sZVNcO"}
# Subtest: read-only subagents expose no workspace mutation tools and are concurrency-safe
ok 269 - read-only subagents expose no workspace mutation tools and are concurrency-safe
  ---
  duration_ms: 80.5314
  type: 'test'
  ...
# C5 CLI root: {"event":"created","path":"C:\\\\Users\\\\b_a_s\\\\AppData\\\\Local\\\\Temp\\\\aiboard-attributed-subagent-2gLqlG"}
# Subtest: subagents route code intelligence through the supplied shared language router
ok 270 - subagents route code intelligence through the supplied shared language router
  ---
  duration_ms: 81.7872
  type: 'test'
  ...
# Subtest: subagent model calls use child role and session attribution
ok 271 - subagent model calls use child role and session attribution
  ---
  duration_ms: 93.062
  type: 'test'
  ...
# C5 CLI root: {"event":"exit","path":"C:\\\\Users\\\\b_a_s\\\\AppData\\\\Local\\\\Temp\\\\aiboard-readonly-subagent-5m61Ir","existsAtExit":false}
# C5 CLI root: {"event":"exit","path":"C:\\\\Users\\\\b_a_s\\\\AppData\\\\Local\\\\Temp\\\\aiboard-subagent-language-sZVNcO","existsAtExit":false}
# C5 CLI root: {"event":"exit","path":"C:\\\\Users\\\\b_a_s\\\\AppData\\\\Local\\\\Temp\\\\aiboard-attributed-subagent-2gLqlG","existsAtExit":false}
# C5 CLI root: {"event":"created","path":"C:\\\\Users\\\\b_a_s\\\\AppData\\\\Local\\\\Temp\\\\aiboard-broker-paths-muIav7"}
# C5 CLI root: {"event":"created","path":"C:\\\\Users\\\\b_a_s\\\\AppData\\\\Local\\\\Temp\\\\aiboard-broker-permission-6e5jWU"}
# Subtest: project profile allows contained writes but blocks traversal and symlink escape
ok 272 - project profile allows contained writes but blocks traversal and symlink escape
  ---
  duration_ms: 8.9307
  type: 'test'
  ...
# C5 CLI root: {"event":"created","path":"C:\\\\Users\\\\b_a_s\\\\AppData\\\\Local\\\\Temp\\\\aiboard-broker-external-kRMn7n"}
# C5 CLI root: {"event":"created","path":"C:\\\\Users\\\\b_a_s\\\\AppData\\\\Local\\\\Temp\\\\aiboard-broker-idempotency-fAUhfy"}
# Subtest: guarded approvals and full access follow the configured permission ceiling
ok 273 - guarded approvals and full access follow the configured permission ceiling
  ---
  duration_ms: 4.2724
  type: 'test'
  ...
# Subtest: project profile never treats an external effect as an ordinary workspace action
ok 274 - project profile never treats an external effect as an ordinary workspace action
  ---
  duration_ms: 0.6321
  type: 'test'
  ...
# C5 CLI root: {"event":"created","path":"C:\\\\Users\\\\b_a_s\\\\AppData\\\\Local\\\\Temp\\\\aiboard-broker-budget-IDaVHR"}
# Subtest: call identity prevents duplicate or conflicting side effects
ok 275 - call identity prevents duplicate or conflicting side effects
  ---
  duration_ms: 1.8399
  type: 'test'
  ...
# C5 CLI root: {"event":"created","path":"C:\\\\Users\\\\b_a_s\\\\AppData\\\\Local\\\\Temp\\\\aiboard-broker-output-H6CucN"}
# Subtest: tool execution reserves the hard tool-call budget before side effects
ok 276 - tool execution reserves the hard tool-call budget before side effects
  ---
  duration_ms: 22.7133
  type: 'test'
  ...
# C5 CLI root: {"event":"created","path":"C:\\\\Users\\\\b_a_s\\\\AppData\\\\Local\\\\Temp\\\\aiboard-broker-grant-SS7ZRt"}
# Subtest: large outputs become artifacts and timeouts abort the tool
ok 277 - large outputs become artifacts and timeouts abort the tool
  ---
  duration_ms: 51.5917
  type: 'test'
  ...
# Subtest: authorization attaches one Runner-created call-bound grant and revokes leftovers
ok 278 - authorization attaches one Runner-created call-bound grant and revokes leftovers
  ---
  duration_ms: 108.1822
  type: 'test'
  ...
# C5 CLI root: {"event":"exit","path":"C:\\\\Users\\\\b_a_s\\\\AppData\\\\Local\\\\Temp\\\\aiboard-broker-paths-muIav7","existsAtExit":false}
# C5 CLI root: {"event":"exit","path":"C:\\\\Users\\\\b_a_s\\\\AppData\\\\Local\\\\Temp\\\\aiboard-broker-permission-6e5jWU","existsAtExit":false}
# C5 CLI root: {"event":"exit","path":"C:\\\\Users\\\\b_a_s\\\\AppData\\\\Local\\\\Temp\\\\aiboard-broker-external-kRMn7n","existsAtExit":false}
# C5 CLI root: {"event":"exit","path":"C:\\\\Users\\\\b_a_s\\\\AppData\\\\Local\\\\Temp\\\\aiboard-broker-idempotency-fAUhfy","existsAtExit":false}
# C5 CLI root: {"event":"exit","path":"C:\\\\Users\\\\b_a_s\\\\AppData\\\\Local\\\\Temp\\\\aiboard-broker-budget-IDaVHR","existsAtExit":false}
# C5 CLI root: {"event":"exit","path":"C:\\\\Users\\\\b_a_s\\\\AppData\\\\Local\\\\Temp\\\\aiboard-broker-output-H6CucN","existsAtExit":false}
# C5 CLI root: {"event":"exit","path":"C:\\\\Users\\\\b_a_s\\\\AppData\\\\Local\\\\Temp\\\\aiboard-broker-grant-SS7ZRt","existsAtExit":false}
# C5 CLI root: {"event":"created","path":"C:\\\\Users\\\\b_a_s\\\\AppData\\\\Local\\\\Temp\\\\aiboard-tool-ledger-replay-RB8cri"}
# C5 CLI root: {"event":"created","path":"C:\\\\Users\\\\b_a_s\\\\AppData\\\\Local\\\\Temp\\\\aiboard-tool-ledger-doubt-DAMqiL"}
# Subtest: completed side effects replay their durable result after broker restart
ok 279 - completed side effects replay their durable result after broker restart
  ---
  duration_ms: 29.0994
  type: 'test'
  ...
# Subtest: in-doubt mutation is not repeated and conflicting reuse is rejected
ok 280 - in-doubt mutation is not repeated and conflicting reuse is rejected
  ---
  duration_ms: 18.99
  type: 'test'
  ...
# C5 CLI root: {"event":"exit","path":"C:\\\\Users\\\\b_a_s\\\\AppData\\\\Local\\\\Temp\\\\aiboard-tool-ledger-replay-RB8cri","existsAtExit":false}
# C5 CLI root: {"event":"exit","path":"C:\\\\Users\\\\b_a_s\\\\AppData\\\\Local\\\\Temp\\\\aiboard-tool-ledger-doubt-DAMqiL","existsAtExit":false}
# C5 CLI root: {"event":"created","path":"C:\\\\Users\\\\b_a_s\\\\AppData\\\\Local\\\\Temp\\\\aiboard-verification-create exact-ha0DTH"}
# C5 CLI root: {"event":"created","path":"C:\\\\Users\\\\b_a_s\\\\AppData\\\\Local\\\\Temp\\\\aiboard-verification-independent-verifier-f40Nj3"}
# Subtest: creates a detached verification worktree at the exact integration revision
ok 281 - creates a detached verification worktree at the exact integration revision
  ---
  duration_ms: 2513.4482
  type: 'test'
  ...
# C5 CLI root: {"event":"created","path":"C:\\\\Users\\\\b_a_s\\\\AppData\\\\Local\\\\Temp\\\\aiboard-verification-reopen-GSGQfn"}
# Subtest: independent verifier owns a clean workspace separate from final verification
ok 282 - independent verifier owns a clean workspace separate from final verification
  ---
  duration_ms: 3031.8519
  type: 'test'
  ...
# C5 CLI root: {"event":"created","path":"C:\\\\Users\\\\b_a_s\\\\AppData\\\\Local\\\\Temp\\\\aiboard-verification-containment-Z6tnTd"}
# Subtest: reopens the same valid workspace and rejects dirty or wrong-revision workspaces
ok 283 - reopens the same valid workspace and rejects dirty or wrong-revision workspaces
  ---
  duration_ms: 3432.6929
  type: 'test'
  ...
# C5 CLI root: {"event":"created","path":"C:\\\\Users\\\\b_a_s\\\\AppData\\\\Local\\\\Temp\\\\aiboard-verification-outside-VQyXf7"}
# C5 CLI root: {"event":"created","path":"C:\\\\Users\\\\b_a_s\\\\AppData\\\\Local\\\\Temp\\\\aiboard-verification-dirty-canonical-2dBcbq"}
# Subtest: rejects a symlink, path escape, and unexpected existing verification directory
ok 284 - rejects a symlink, path escape, and unexpected existing verification directory
  ---
  duration_ms: 1319.8169
  type: 'test'
  ...
# C5 CLI root: {"event":"created","path":"C:\\\\Users\\\\b_a_s\\\\AppData\\\\Local\\\\Temp\\\\aiboard-verification-cleanup-jJ7Bw1"}
# Subtest: refuses a dirty canonical checkout before creating verification state
ok 285 - refuses a dirty canonical checkout before creating verification state
  ---
  duration_ms: 1430.2207
  type: 'test'
  ...
# Subtest: cleanup removes only the owned verification worktree and preserves integration history
ok 286 - cleanup removes only the owned verification worktree and preserves integration history
  ---
  duration_ms: 2430.398
  type: 'test'
  ...
# C5 CLI root: {"event":"exit","path":"C:\\\\Users\\\\b_a_s\\\\AppData\\\\Local\\\\Temp\\\\aiboard-verification-create exact-ha0DTH","existsAtExit":false}
# C5 CLI root: {"event":"exit","path":"C:\\\\Users\\\\b_a_s\\\\AppData\\\\Local\\\\Temp\\\\aiboard-verification-independent-verifier-f40Nj3","existsAtExit":false}
# C5 CLI root: {"event":"exit","path":"C:\\\\Users\\\\b_a_s\\\\AppData\\\\Local\\\\Temp\\\\aiboard-verification-reopen-GSGQfn","existsAtExit":false}
# C5 CLI root: {"event":"exit","path":"C:\\\\Users\\\\b_a_s\\\\AppData\\\\Local\\\\Temp\\\\aiboard-verification-containment-Z6tnTd","existsAtExit":false}
# C5 CLI root: {"event":"exit","path":"C:\\\\Users\\\\b_a_s\\\\AppData\\\\Local\\\\Temp\\\\aiboard-verification-outside-VQyXf7","existsAtExit":false}
# C5 CLI root: {"event":"exit","path":"C:\\\\Users\\\\b_a_s\\\\AppData\\\\Local\\\\Temp\\\\aiboard-verification-dirty-canonical-2dBcbq","existsAtExit":false}
# C5 CLI root: {"event":"exit","path":"C:\\\\Users\\\\b_a_s\\\\AppData\\\\Local\\\\Temp\\\\aiboard-verification-cleanup-jJ7Bw1","existsAtExit":false}
# C5 CLI root: {"event":"created","path":"C:\\\\Users\\\\b_a_s\\\\AppData\\\\Local\\\\Temp\\\\aiboard-worker-extension-live-BDHfcJ"}
# C5 CLI root: {"event":"created","path":"C:\\\\Users\\\\b_a_s\\\\AppData\\\\Local\\\\Temp\\\\aiboard-worker-language-live-e5t5Jb"}
# Subtest: worker runtime runs mutating extension tools inside its isolated workspace
ok 287 - worker runtime runs mutating extension tools inside its isolated workspace
  ---
  duration_ms: 1130.719
  type: 'test'
  ...
# C5 CLI root: {"event":"created","path":"C:\\\\Users\\\\b_a_s\\\\AppData\\\\Local\\\\Temp\\\\aiboard-worker-runtime-a61xxX"}
# Subtest: worker runtime routes code tools through the supplied shared language router
ok 288 - worker runtime routes code tools through the supplied shared language router
  ---
  duration_ms: 1122.6107
  type: 'test'
  ...
# C5 CLI root: {"event":"created","path":"C:\\\\Users\\\\b_a_s\\\\AppData\\\\Local\\\\Temp\\\\aiboard-production-one-shot-Yccp1T"}
# C5 CLI root: {"event":"created","path":"C:\\\\Users\\\\b_a_s\\\\AppData\\\\Local\\\\Temp\\\\aiboard-worker-browser-evidence-JwDg79"}
# Subtest: worker inspects, edits, tests, diffs, restarts, and submits a typed change set
ok 289 - worker inspects, edits, tests, diffs, restarts, and submits a typed change set
  ---
  duration_ms: 6123.1604
  type: 'test'
  ...
# C5 CLI root: {"event":"created","path":"C:\\\\Users\\\\b_a_s\\\\AppData\\\\Local\\\\Temp\\\\aiboard-worker-no-change-WndJwq"}
# Subtest: worker submits automatically recorded browser facts as durable review evidence
ok 290 - worker submits automatically recorded browser facts as durable review evidence
  ---
  duration_ms: 1327.7799
  type: 'test'
  ...
# C5 CLI root: {"event":"created","path":"C:\\\\Users\\\\b_a_s\\\\AppData\\\\Local\\\\Temp\\\\aiboard-production-one-shot-9gSqdM"}
# C5 CLI root: {"event":"created","path":"C:\\\\Users\\\\b_a_s\\\\AppData\\\\Local\\\\Temp\\\\aiboard-worker-subagent-Wz72R6"}
# Subtest: worker can submit an evidence-backed inspection task without fabricating a commit
ok 291 - worker can submit an evidence-backed inspection task without fabricating a commit
  ---
  duration_ms: 5720.335
  type: 'test'
  ...
# C5 CLI root: {"event":"created","path":"C:\\\\Users\\\\b_a_s\\\\AppData\\\\Local\\\\Temp\\\\aiboard-production-one-shot-I43fby"}
# C5 CLI root: {"event":"created","path":"C:\\\\Users\\\\b_a_s\\\\AppData\\\\Local\\\\Temp\\\\aiboard-worker-criterion-contract-rT8nMM"}
# Subtest: worker subagent edits the shared task workspace and returns without parent lifecycle authority
ok 292 - worker subagent edits the shared task workspace and returns without parent lifecycle authority
  ---
  duration_ms: 2702.4793
  type: 'test'
  ...
# Subtest: worker submission cannot bypass exact criterion evidence coverage
ok 293 - worker submission cannot bypass exact criterion evidence coverage
  ---
  duration_ms: 1310.0949
  type: 'test'
  ...
# C5 CLI root: {"event":"exit","path":"C:\\\\Users\\\\b_a_s\\\\AppData\\\\Local\\\\Temp\\\\aiboard-worker-extension-live-BDHfcJ","existsAtExit":false}
# C5 CLI root: {"event":"exit","path":"C:\\\\Users\\\\b_a_s\\\\AppData\\\\Local\\\\Temp\\\\aiboard-worker-language-live-e5t5Jb","existsAtExit":false}
# C5 CLI root: {"event":"exit","path":"C:\\\\Users\\\\b_a_s\\\\AppData\\\\Local\\\\Temp\\\\aiboard-worker-runtime-a61xxX","existsAtExit":false}
# C5 CLI root: {"event":"exit","path":"C:\\\\Users\\\\b_a_s\\\\AppData\\\\Local\\\\Temp\\\\aiboard-production-one-shot-Yccp1T","existsAtExit":false}
# C5 CLI root: {"event":"exit","path":"C:\\\\Users\\\\b_a_s\\\\AppData\\\\Local\\\\Temp\\\\aiboard-worker-browser-evidence-JwDg79","existsAtExit":false}
# C5 CLI root: {"event":"exit","path":"C:\\\\Users\\\\b_a_s\\\\AppData\\\\Local\\\\Temp\\\\aiboard-worker-no-change-WndJwq","existsAtExit":false}
# C5 CLI root: {"event":"exit","path":"C:\\\\Users\\\\b_a_s\\\\AppData\\\\Local\\\\Temp\\\\aiboard-production-one-shot-9gSqdM","existsAtExit":false}
# C5 CLI root: {"event":"exit","path":"C:\\\\Users\\\\b_a_s\\\\AppData\\\\Local\\\\Temp\\\\aiboard-worker-subagent-Wz72R6","existsAtExit":false}
# C5 CLI root: {"event":"exit","path":"C:\\\\Users\\\\b_a_s\\\\AppData\\\\Local\\\\Temp\\\\aiboard-production-one-shot-I43fby","existsAtExit":false}
# C5 CLI root: {"event":"exit","path":"C:\\\\Users\\\\b_a_s\\\\AppData\\\\Local\\\\Temp\\\\aiboard-worker-criterion-contract-rT8nMM","existsAtExit":false}
# C5 CLI root: {"event":"created","path":"C:\\\\Users\\\\b_a_s\\\\AppData\\\\Local\\\\Temp\\\\aiboard-workspaces-mzPEQg"}
# C5 CLI root: {"event":"created","path":"C:\\\\Users\\\\b_a_s\\\\AppData\\\\Local\\\\Temp\\\\aiboard-workspace-clean-B5sxXW"}
# Subtest: task worktrees isolate concurrent edits and create attributable commits
ok 294 - task worktrees isolate concurrent edits and create attributable commits
  ---
  duration_ms: 2685.2087
  type: 'test'
  ...
# C5 CLI root: {"event":"created","path":"C:\\\\Users\\\\b_a_s\\\\AppData\\\\Local\\\\Temp\\\\aiboard-workspace-bounded-u5vl25"}
# Subtest: committing an unchanged task produces a typed mechanical error
ok 295 - committing an unchanged task produces a typed mechanical error
  ---
  duration_ms: 1229.8724
  type: 'test'
  ...
# C5 CLI root: {"event":"created","path":"C:\\\\Users\\\\b_a_s\\\\AppData\\\\Local\\\\Temp\\\\aiboard-workspace-retries-5k8Gyf"}
# Subtest: long run and task identifiers use bounded worktree and branch segments
ok 296 - long run and task identifiers use bounded worktree and branch segments
  ---
  duration_ms: 1002.3823
  type: 'test'
  ...
# C5 CLI root: {"event":"created","path":"C:\\\\Users\\\\b_a_s\\\\AppData\\\\Local\\\\Temp\\\\aiboard-workspace-cleanup-rJDYDk"}
# Subtest: retries use fresh worktrees based on the current integration revision
ok 297 - retries use fresh worktrees based on the current integration revision
  ---
  duration_ms: 1897.1329
  type: 'test'
  ...
# C5 CLI root: {"event":"created","path":"C:\\\\Users\\\\b_a_s\\\\AppData\\\\Local\\\\Temp\\\\aiboard-workspace-root-race-xJawTO"}
# Subtest: cleanup removes every owned task worktree and branch, prunes, and is idempotent
ok 298 - cleanup removes every owned task worktree and branch, prunes, and is idempotent
  ---
  duration_ms: 2275.1662
  type: 'test'
  ...
# C5 CLI root: {"event":"created","path":"C:\\\\Users\\\\b_a_s\\\\AppData\\\\Local\\\\Temp\\\\aiboard-workspace-empty-stale-xFx03R"}
# Subtest: cleanup preserves a file created immediately before workspace root removal
ok 299 - cleanup preserves a file created immediately before workspace root removal
  ---
  duration_ms: 1393.3509
  type: 'test'
  ...
# C5 CLI root: {"event":"created","path":"C:\\\\Users\\\\b_a_s\\\\AppData\\\\Local\\\\Temp\\\\aiboard-workspace-nonempty-stale-1apjHR"}
# Subtest: cleanup removes an empty task directory after its stale worktree record was pruned
ok 300 - cleanup removes an empty task directory after its stale worktree record was pruned
  ---
  duration_ms: 1470.4392
  type: 'test'
  ...
# C5 CLI root: {"event":"created","path":"C:\\\\Users\\\\b_a_s\\\\AppData\\\\Local\\\\Temp\\\\aiboard-workspace-owner-z9U4T9"}
# Subtest: cleanup refuses a nonempty invalid task directory with a stale worktree record
ok 301 - cleanup refuses a nonempty invalid task directory with a stale worktree record
  ---
  duration_ms: 1269.8792
  type: 'test'
  ...
# C5 CLI root: {"event":"created","path":"C:\\\\Users\\\\b_a_s\\\\AppData\\\\Local\\\\Temp\\\\aiboard-workspace-associated-ZGyZV0"}
# Subtest: cleanup rejects a task worktree whose ownership no longer matches
ok 302 - cleanup rejects a task worktree whose ownership no longer matches
  ---
  duration_ms: 1426.1744
  type: 'test'
  ...
# Subtest: cleanup rejects a missing descriptor associated with another worktree path
ok 303 - cleanup rejects a missing descriptor associated with another worktree path
  ---
  duration_ms: 1295.6849
  type: 'test'
  ...
# C5 CLI root: {"event":"exit","path":"C:\\\\Users\\\\b_a_s\\\\AppData\\\\Local\\\\Temp\\\\aiboard-workspaces-mzPEQg","existsAtExit":false}
# C5 CLI root: {"event":"exit","path":"C:\\\\Users\\\\b_a_s\\\\AppData\\\\Local\\\\Temp\\\\aiboard-workspace-clean-B5sxXW","existsAtExit":false}
# C5 CLI root: {"event":"exit","path":"C:\\\\Users\\\\b_a_s\\\\AppData\\\\Local\\\\Temp\\\\aiboard-workspace-bounded-u5vl25","existsAtExit":false}
# C5 CLI root: {"event":"exit","path":"C:\\\\Users\\\\b_a_s\\\\AppData\\\\Local\\\\Temp\\\\aiboard-workspace-retries-5k8Gyf","existsAtExit":false}
# C5 CLI root: {"event":"exit","path":"C:\\\\Users\\\\b_a_s\\\\AppData\\\\Local\\\\Temp\\\\aiboard-workspace-cleanup-rJDYDk","existsAtExit":false}
# C5 CLI root: {"event":"exit","path":"C:\\\\Users\\\\b_a_s\\\\AppData\\\\Local\\\\Temp\\\\aiboard-workspace-root-race-xJawTO","existsAtExit":false}
# C5 CLI root: {"event":"exit","path":"C:\\\\Users\\\\b_a_s\\\\AppData\\\\Local\\\\Temp\\\\aiboard-workspace-empty-stale-xFx03R","existsAtExit":false}
# C5 CLI root: {"event":"exit","path":"C:\\\\Users\\\\b_a_s\\\\AppData\\\\Local\\\\Temp\\\\aiboard-workspace-nonempty-stale-1apjHR","existsAtExit":false}
# C5 CLI root: {"event":"exit","path":"C:\\\\Users\\\\b_a_s\\\\AppData\\\\Local\\\\Temp\\\\aiboard-workspace-owner-z9U4T9","existsAtExit":false}
# C5 CLI root: {"event":"exit","path":"C:\\\\Users\\\\b_a_s\\\\AppData\\\\Local\\\\Temp\\\\aiboard-workspace-associated-ZGyZV0","existsAtExit":false}
1..303
# tests 308
# suites 0
# pass 308
# fail 0
# cancelled 0
# skipped 0
# todo 0
# duration_ms 746698.7029
