TAP version 13
# C5 CLI root: {"event":"created","path":"C:\\\\Users\\\\b_a_s\\\\AppData\\\\Local\\\\Temp\\\\aiboard-control-api-iywA2j"}
# C5 CLI root: {"event":"created","path":"C:\\\\Users\\\\b_a_s\\\\AppData\\\\Local\\\\Temp\\\\aiboard-control-native-build-SZADfF"}
# Subtest: control API authenticates every route and drives durable lifecycle
ok 1 - control API authenticates every route and drives durable lifecycle
  ---
  duration_ms: 154.2819
  type: 'test'
  ...
# C5 CLI root: {"event":"created","path":"C:\\\\Users\\\\b_a_s\\\\AppData\\\\Local\\\\Temp\\\\aiboard-control-permissions-CGVK3c"}
# Subtest: control API stores provider credentials without returning secrets and provisions native Builds
ok 2 - control API stores provider credentials without returning secrets and provisions native Builds
  ---
  duration_ms: 231.3081
  type: 'test'
  ...
# C5 CLI root: {"event":"created","path":"C:\\\\Users\\\\b_a_s\\\\AppData\\\\Local\\\\Temp\\\\aiboard-control-git-O38xTi"}
# Subtest: control API lists and decides durable permission requests
ok 3 - control API lists and decides durable permission requests
  ---
  duration_ms: 48.771
  type: 'test'
  ...
# C5 CLI root: {"event":"created","path":"C:\\\\Users\\\\b_a_s\\\\AppData\\\\Local\\\\Temp\\\\aiboard-control-bootstrap-HyOhDk"}
# Subtest: run creation stops before persistence when Git is unavailable
ok 4 - run creation stops before persistence when Git is unavailable
  ---
  duration_ms: 24.599
  type: 'test'
  ...
# C5 CLI root: {"event":"created","path":"C:\\\\Users\\\\b_a_s\\\\AppData\\\\Local\\\\Temp\\\\aiboard-control-historical-build-K8hYh2"}
# Subtest: Git bootstrap failure becomes a durable failed run before model work
ok 5 - Git bootstrap failure becomes a durable failed run before model work
  ---
  duration_ms: 27.382
  type: 'test'
  ...
# C5 CLI root: {"event":"created","path":"C:\\\\Users\\\\b_a_s\\\\AppData\\\\Local\\\\Temp\\\\aiboard-control-build-Hk7649"}
# Subtest: terminal historical Build reads expose durable provenance through every GET endpoint and audit
ok 6 - terminal historical Build reads expose durable provenance through every GET endpoint and audit
  ---
  duration_ms: 95.7084
  type: 'test'
  ...
# C5 CLI root: {"event":"created","path":"C:\\\\Users\\\\b_a_s\\\\AppData\\\\Local\\\\Temp\\\\aiboard-control-steering-hwP7QD"}
# Subtest: native Build projections and pump controls are runner-owned API routes
ok 7 - native Build projections and pump controls are runner-owned API routes
  ---
  duration_ms: 327.9081
  type: 'test'
  ...
# C5 CLI root: {"event":"created","path":"C:\\\\Users\\\\b_a_s\\\\AppData\\\\Local\\\\Temp\\\\aiboard-control-guidance-identical-q82SaD"}
# Subtest: authenticated steering routes enforce validation, unique concurrency, idempotency conflicts, and exact question versions
ok 8 - authenticated steering routes enforce validation, unique concurrency, idempotency conflicts, and exact question versions
  ---
  duration_ms: 204.796
  type: 'test'
  ...
# C5 CLI root: {"event":"created","path":"C:\\\\Users\\\\b_a_s\\\\AppData\\\\Local\\\\Temp\\\\aiboard-control-guidance-conflict-2dcVQo"}
# Subtest: concurrent identical guidance retries both succeed with one durable event and version
ok 9 - concurrent identical guidance retries both succeed with one durable event and version
  ---
  duration_ms: 56.6229
  type: 'test'
  ...
# C5 CLI root: {"event":"created","path":"C:\\\\Users\\\\b_a_s\\\\AppData\\\\Local\\\\Temp\\\\aiboard-control-guidance-lost-response-DIy84Y"}
# Subtest: concurrent conflicting guidance retries yield one success, one conflict, and one durable winner
ok 10 - concurrent conflicting guidance retries yield one success, one conflict, and one durable winner
  ---
  duration_ms: 56.0247
  type: 'test'
  ...
# C5 CLI root: {"event":"created","path":"C:\\\\Users\\\\b_a_s\\\\AppData\\\\Local\\\\Temp\\\\aiboard-control-sse-1fDqE0"}
# Subtest: guidance retry after a lost post-append response replays one WAL event without changing the objective
ok 11 - guidance retry after a lost post-append response replays one WAL event without changing the objective
  ---
  duration_ms: 64.6391
  type: 'test'
  ...
# C5 CLI root: {"event":"created","path":"C:\\\\Users\\\\b_a_s\\\\AppData\\\\Local\\\\Temp\\\\aiboard-control-limit-sy939g"}
# Subtest: SSE reconnect replays only events after the acknowledged sequence
ok 12 - SSE reconnect replays only events after the acknowledged sequence
  ---
  duration_ms: 41.2017
  type: 'test'
  ...
# Subtest: control API rejects request bodies larger than one MiB
ok 13 - control API rejects request bodies larger than one MiB
  ---
  duration_ms: 28.9484
  type: 'test'
  ...
# C5 CLI root: {"event":"exit","path":"C:\\\\Users\\\\b_a_s\\\\AppData\\\\Local\\\\Temp\\\\aiboard-control-api-iywA2j","existsAtExit":false}
# C5 CLI root: {"event":"exit","path":"C:\\\\Users\\\\b_a_s\\\\AppData\\\\Local\\\\Temp\\\\aiboard-control-native-build-SZADfF","existsAtExit":false}
# C5 CLI root: {"event":"exit","path":"C:\\\\Users\\\\b_a_s\\\\AppData\\\\Local\\\\Temp\\\\aiboard-control-permissions-CGVK3c","existsAtExit":false}
# C5 CLI root: {"event":"exit","path":"C:\\\\Users\\\\b_a_s\\\\AppData\\\\Local\\\\Temp\\\\aiboard-control-git-O38xTi","existsAtExit":false}
# C5 CLI root: {"event":"exit","path":"C:\\\\Users\\\\b_a_s\\\\AppData\\\\Local\\\\Temp\\\\aiboard-control-bootstrap-HyOhDk","existsAtExit":false}
# C5 CLI root: {"event":"exit","path":"C:\\\\Users\\\\b_a_s\\\\AppData\\\\Local\\\\Temp\\\\aiboard-control-historical-build-K8hYh2","existsAtExit":false}
# C5 CLI root: {"event":"exit","path":"C:\\\\Users\\\\b_a_s\\\\AppData\\\\Local\\\\Temp\\\\aiboard-control-build-Hk7649","existsAtExit":false}
# C5 CLI root: {"event":"exit","path":"C:\\\\Users\\\\b_a_s\\\\AppData\\\\Local\\\\Temp\\\\aiboard-control-steering-hwP7QD","existsAtExit":false}
# C5 CLI root: {"event":"exit","path":"C:\\\\Users\\\\b_a_s\\\\AppData\\\\Local\\\\Temp\\\\aiboard-control-guidance-identical-q82SaD","existsAtExit":false}
# C5 CLI root: {"event":"exit","path":"C:\\\\Users\\\\b_a_s\\\\AppData\\\\Local\\\\Temp\\\\aiboard-control-guidance-conflict-2dcVQo","existsAtExit":false}
# C5 CLI root: {"event":"exit","path":"C:\\\\Users\\\\b_a_s\\\\AppData\\\\Local\\\\Temp\\\\aiboard-control-guidance-lost-response-DIy84Y","existsAtExit":false}
# C5 CLI root: {"event":"exit","path":"C:\\\\Users\\\\b_a_s\\\\AppData\\\\Local\\\\Temp\\\\aiboard-control-sse-1fDqE0","existsAtExit":false}
# C5 CLI root: {"event":"exit","path":"C:\\\\Users\\\\b_a_s\\\\AppData\\\\Local\\\\Temp\\\\aiboard-control-limit-sy939g","existsAtExit":false}
# Subtest: Runner-created store kernel rejects structural authority and claims output intent durably
ok 14 - Runner-created store kernel rejects structural authority and claims output intent durably
  ---
  duration_ms: 3.6505
  type: 'test'
  ...
# Subtest: strict per-state parser rejects forged prepared completion and illegal state fields
ok 15 - strict per-state parser rejects forged prepared completion and illegal state fields
  ---
  duration_ms: 1.6759
  type: 'test'
  ...
# Subtest: closed mutation log is the sole authority for prepared and terminal row facts
ok 16 - closed mutation log is the sole authority for prepared and terminal row facts
  ---
  duration_ms: 3.8249
  type: 'test'
  ...
# Subtest: monotonic fencing rejects a stale owner even after it rereads the new revision
ok 17 - monotonic fencing rejects a stale owner even after it rereads the new revision
  ---
  duration_ms: 2.1778
  type: 'test'
  ...
# Subtest: effect journal rejects takeover, stale settlement, and replay until semantic commit
ok 18 - effect journal rejects takeover, stale settlement, and replay until semantic commit
  ---
  duration_ms: 6.3537
  type: 'test'
  ...
# Subtest: effect journal preserves concurrent markers and consumes only the exact family effect id
ok 19 - effect journal preserves concurrent markers and consumes only the exact family effect id
  ---
  duration_ms: 6.3024
  type: 'test'
  ...
# Subtest: effect family consumer matrix accepts only the exact semantic mutation
ok 20 - effect family consumer matrix accepts only the exact semantic mutation
  ---
  duration_ms: 53.4255
  type: 'test'
  ...
# Subtest: late exact signal consumer cannot weaken an already proven exit
ok 21 - late exact signal consumer cannot weaken an already proven exit
  ---
  duration_ms: 19.6477
  type: 'test'
  ...
# C5 CLI root: {"event":"created","path":"C:\\\\Users\\\\b_a_s\\\\AppData\\\\Local\\\\Temp\\\\runner-v2-effect-journal-wINhez"}
# Subtest: completed effect marker survives SQLite restart and tampering fails integrity
ok 22 - completed effect marker survives SQLite restart and tampering fails integrity
  ---
  duration_ms: 48.1974
  type: 'test'
  ...
# Subtest: blocked-exit recovery mutation is authenticated and scoped only to bound cleanup blockers
ok 23 - blocked-exit recovery mutation is authenticated and scoped only to bound cleanup blockers
  ---
  duration_ms: 5.1287
  type: 'test'
  ...
# Subtest: terminal parser cross-validates history revision observation stop result escalation and cleanup
ok 24 - terminal parser cross-validates history revision observation stop result escalation and cleanup
  ---
  duration_ms: 8.1136
  type: 'test'
  ...
# Subtest: keyed semantic fingerprint covers environment and deadline without dictionary-guessable SHA
ok 25 - keyed semantic fingerprint covers environment and deadline without dictionary-guessable SHA
  ---
  duration_ms: 0.2921
  type: 'test'
  ...
# Subtest: exact prepare retries converge while divergent retries and stale CAS commands conflict
ok 26 - exact prepare retries converge while divergent retries and stale CAS commands conflict
  ---
  duration_ms: 2.6553
  type: 'test'
  ...
# C5 CLI root: {"event":"created","path":"C:\\\\Users\\\\b_a_s\\\\AppData\\\\Local\\\\Temp\\\\runner-v2-process-store-71ix2r"}
# Subtest: SQLite prepare is atomic across concurrent store instances and divergent requests conflict
ok 27 - SQLite prepare is atomic across concurrent store instances and divergent requests conflict
  ---
  duration_ms: 23.7002
  type: 'test'
  ...
# C5 CLI root: {"event":"created","path":"C:\\\\Users\\\\b_a_s\\\\AppData\\\\Local\\\\Temp\\\\runner-v2-process-store-p0UZKT"}
# Subtest: SQLite corruption fails closed on reopen instead of returning a forged cached result
ok 28 - SQLite corruption fails closed on reopen instead of returning a forged cached result
  ---
  duration_ms: 29.363
  type: 'test'
  ...
# C5 CLI root: {"event":"created","path":"C:\\\\Users\\\\b_a_s\\\\AppData\\\\Local\\\\Temp\\\\runner-v2-process-store-NF9w3j"}
# Subtest: actual persisted row contains no command, argument, cwd, secret, native handle, or spill path
ok 29 - actual persisted row contains no command, argument, cwd, secret, native handle, or spill path
  ---
  duration_ms: 21.3338
  type: 'test'
  ...
# C5 CLI root: {"event":"created","path":"C:\\\\Users\\\\b_a_s\\\\AppData\\\\Local\\\\Temp\\\\runner-v2-legacy-H5MOwE"}
# Subtest: SQLite transactionally migrates legacy writable schema without trusting old rows
ok 30 - SQLite transactionally migrates legacy writable schema without trusting old rows
  ---
  duration_ms: 31.0187
  type: 'test'
  ...
# C5 CLI root: {"event":"created","path":"C:\\\\Users\\\\b_a_s\\\\AppData\\\\Local\\\\Temp\\\\runner-v2-legacy-ro-qsnxG3"}
# Subtest: read-only legacy inspection neither mutates schema nor globally crashes
ok 31 - read-only legacy inspection neither mutates schema nor globally crashes
  ---
  duration_ms: 15.8082
  type: 'test'
  ...
# C5 CLI root: {"event":"exit","path":"C:\\\\Users\\\\b_a_s\\\\AppData\\\\Local\\\\Temp\\\\runner-v2-effect-journal-wINhez","existsAtExit":false}
# C5 CLI root: {"event":"exit","path":"C:\\\\Users\\\\b_a_s\\\\AppData\\\\Local\\\\Temp\\\\runner-v2-process-store-71ix2r","existsAtExit":false}
# C5 CLI root: {"event":"exit","path":"C:\\\\Users\\\\b_a_s\\\\AppData\\\\Local\\\\Temp\\\\runner-v2-process-store-p0UZKT","existsAtExit":false}
# C5 CLI root: {"event":"exit","path":"C:\\\\Users\\\\b_a_s\\\\AppData\\\\Local\\\\Temp\\\\runner-v2-process-store-NF9w3j","existsAtExit":false}
# C5 CLI root: {"event":"exit","path":"C:\\\\Users\\\\b_a_s\\\\AppData\\\\Local\\\\Temp\\\\runner-v2-legacy-H5MOwE","existsAtExit":false}
# C5 CLI root: {"event":"exit","path":"C:\\\\Users\\\\b_a_s\\\\AppData\\\\Local\\\\Temp\\\\runner-v2-legacy-ro-qsnxG3","existsAtExit":false}
# C5 CLI root: {"event":"created","path":"C:\\\\Users\\\\b_a_s\\\\AppData\\\\Local\\\\Temp\\\\runner-grant-gnCJsW"}
# Subtest: issues a canonical opaque grant and consumes it for exactly its bound call
ok 32 - issues a canonical opaque grant and consumes it for exactly its bound call
  ---
  duration_ms: 9.9104
  type: 'test'
  ...
# C5 CLI root: {"event":"created","path":"C:\\\\Users\\\\b_a_s\\\\AppData\\\\Local\\\\Temp\\\\runner-grant-credentials-LbqCpk"}
# Subtest: retains only the bounded approved credential names in consumed claims
ok 33 - retains only the bounded approved credential names in consumed claims
  ---
  duration_ms: 1.9913
  type: 'test'
  ...
# C5 CLI root: {"event":"created","path":"C:\\\\Users\\\\b_a_s\\\\AppData\\\\Local\\\\Temp\\\\runner-grant-credential-clone-keXIAk"}
# Subtest: clones every public credential-name result instead of sharing authority-owned arrays
ok 34 - clones every public credential-name result instead of sharing authority-owned arrays
  ---
  duration_ms: 2.2071
  type: 'test'
  ...
# C5 CLI root: {"event":"created","path":"C:\\\\Users\\\\b_a_s\\\\AppData\\\\Local\\\\Temp\\\\runner-grant-current-8FmzXD"}
# Subtest: makes consumed claims unusable after the ToolBroker revokes their opaque grant
ok 35 - makes consumed claims unusable after the ToolBroker revokes their opaque grant
  ---
  duration_ms: 1.985
  type: 'test'
  ...
# C5 CLI root: {"event":"created","path":"C:\\\\Users\\\\b_a_s\\\\AppData\\\\Local\\\\Temp\\\\runner-grant-expiry-owner-BSptBG"}
# Subtest: observing expired consumed claims leaves exactly-once cleanup to ToolBroker revocation
ok 36 - observing expired consumed claims leaves exactly-once cleanup to ToolBroker revocation
  ---
  duration_ms: 1.8488
  type: 'test'
  ...
# C5 CLI root: {"event":"created","path":"C:\\\\Users\\\\b_a_s\\\\AppData\\\\Local\\\\Temp\\\\runner-grant-deny-69ghGe"}
# Subtest: denies forged, mismatched, escalated, expired, revoked, and restarted grants
ok 37 - denies forged, mismatched, escalated, expired, revoked, and restarted grants
  ---
  duration_ms: 5.9861
  type: 'test'
  ...
# C5 CLI root: {"event":"created","path":"C:\\\\Users\\\\b_a_s\\\\AppData\\\\Local\\\\Temp\\\\runner-grant-path-0kWQzR"}
# Subtest: rejects access escalation and symbolic canonical roots before issuance
ok 38 - rejects access escalation and symbolic canonical roots before issuance
  ---
  duration_ms: 2.7875
  type: 'test'
  ...
# C5 CLI root: {"event":"created","path":"C:\\\\Users\\\\b_a_s\\\\AppData\\\\Local\\\\Temp\\\\runner-grant-race-1GVDJn"}
# Subtest: restart and cancellation close an asynchronous issuance barrier
ok 39 - restart and cancellation close an asynchronous issuance barrier
  ---
  duration_ms: 1.9405
  type: 'test'
  ...
# C5 CLI root: {"event":"exit","path":"C:\\\\Users\\\\b_a_s\\\\AppData\\\\Local\\\\Temp\\\\runner-grant-gnCJsW","existsAtExit":false}
# C5 CLI root: {"event":"exit","path":"C:\\\\Users\\\\b_a_s\\\\AppData\\\\Local\\\\Temp\\\\runner-grant-credentials-LbqCpk","existsAtExit":false}
# C5 CLI root: {"event":"exit","path":"C:\\\\Users\\\\b_a_s\\\\AppData\\\\Local\\\\Temp\\\\runner-grant-credential-clone-keXIAk","existsAtExit":false}
# C5 CLI root: {"event":"exit","path":"C:\\\\Users\\\\b_a_s\\\\AppData\\\\Local\\\\Temp\\\\runner-grant-current-8FmzXD","existsAtExit":false}
# C5 CLI root: {"event":"exit","path":"C:\\\\Users\\\\b_a_s\\\\AppData\\\\Local\\\\Temp\\\\runner-grant-expiry-owner-BSptBG","existsAtExit":false}
# C5 CLI root: {"event":"exit","path":"C:\\\\Users\\\\b_a_s\\\\AppData\\\\Local\\\\Temp\\\\runner-grant-deny-69ghGe","existsAtExit":false}
# C5 CLI root: {"event":"exit","path":"C:\\\\Users\\\\b_a_s\\\\AppData\\\\Local\\\\Temp\\\\runner-grant-path-0kWQzR","existsAtExit":false}
# C5 CLI root: {"event":"exit","path":"C:\\\\Users\\\\b_a_s\\\\AppData\\\\Local\\\\Temp\\\\runner-grant-race-1GVDJn","existsAtExit":false}
# C5 CLI root: {"event":"created","path":"C:\\\\Users\\\\b_a_s\\\\AppData\\\\Local\\\\Temp\\\\runner-credential-graph-rZk8bd"}
# Subtest: real ExecutionHost run excludes ungranted credentials from child environment and exact supervisor argv
ok 40 - real ExecutionHost run excludes ungranted credentials from child environment and exact supervisor argv
  ---
  duration_ms: 4069.7403
  type: 'test'
  ...
# C5 CLI root: {"event":"created","path":"C:\\\\Users\\\\b_a_s\\\\AppData\\\\Local\\\\Temp\\\\runner-credential-graph-OOYyXT"}
# Subtest: real ExecutionHost internal-discovery excludes ungranted credentials from child environment and exact supervisor argv
ok 41 - real ExecutionHost internal-discovery excludes ungranted credentials from child environment and exact supervisor argv
  ---
  duration_ms: 9269.3814
  type: 'test'
  ...
# C5 CLI root: {"event":"exit","path":"C:\\\\Users\\\\b_a_s\\\\AppData\\\\Local\\\\Temp\\\\runner-credential-graph-rZk8bd","existsAtExit":false}
# C5 CLI root: {"event":"exit","path":"C:\\\\Users\\\\b_a_s\\\\AppData\\\\Local\\\\Temp\\\\runner-credential-graph-OOYyXT","existsAtExit":false}
# {"fixture":"c2-close-conjunction","event":"planned","root":"C:\\\\Users\\\\b_a_s\\\\AppData\\\\Local\\\\Temp\\\\c2-close-3050f5f6-30ea-41a9-857a-bc0765192c96"}
# {"fixture":"c2-close-conjunction","event":"handles-closed","root":"C:\\\\Users\\\\b_a_s\\\\AppData\\\\Local\\\\Temp\\\\c2-close-3050f5f6-30ea-41a9-857a-bc0765192c96"}
# {"fixture":"c2-close-conjunction","event":"removed","root":"C:\\\\Users\\\\b_a_s\\\\AppData\\\\Local\\\\Temp\\\\c2-close-3050f5f6-30ea-41a9-857a-bc0765192c96"}
# {"fixture":"c2-close-conjunction","event":"planned","root":"C:\\\\Users\\\\b_a_s\\\\AppData\\\\Local\\\\Temp\\\\c2-close-6c401600-b863-4697-a646-177b3b98853f"}
# Subtest: ExecutionHost close conjunction retains a pre-adoption unknown launch and exact retry authority
ok 42 - ExecutionHost close conjunction retains a pre-adoption unknown launch and exact retry authority
  ---
  duration_ms: 193.1403
  type: 'test'
  ...
# {"fixture":"c2-close-conjunction","event":"handles-closed","root":"C:\\\\Users\\\\b_a_s\\\\AppData\\\\Local\\\\Temp\\\\c2-close-6c401600-b863-4697-a646-177b3b98853f"}
# {"fixture":"c2-close-conjunction","event":"removed","root":"C:\\\\Users\\\\b_a_s\\\\AppData\\\\Local\\\\Temp\\\\c2-close-6c401600-b863-4697-a646-177b3b98853f"}
# {"fixture":"c2-close-conjunction","event":"planned","root":"C:\\\\Users\\\\b_a_s\\\\AppData\\\\Local\\\\Temp\\\\c2-close-56fabfe7-4d1c-4fc6-8db4-ee0bebf80220"}
# Subtest: ExecutionHost close conjunction independently checks launches beyond bounded recovery
ok 43 - ExecutionHost close conjunction independently checks launches beyond bounded recovery
  ---
  duration_ms: 4779.374
  type: 'test'
  ...
# {"fixture":"c2-close-conjunction","event":"handles-closed","root":"C:\\\\Users\\\\b_a_s\\\\AppData\\\\Local\\\\Temp\\\\c2-close-56fabfe7-4d1c-4fc6-8db4-ee0bebf80220"}
# {"fixture":"c2-close-conjunction","event":"removed","root":"C:\\\\Users\\\\b_a_s\\\\AppData\\\\Local\\\\Temp\\\\c2-close-56fabfe7-4d1c-4fc6-8db4-ee0bebf80220"}
# {"fixture":"c2-close-conjunction","event":"planned","root":"C:\\\\Users\\\\b_a_s\\\\AppData\\\\Local\\\\Temp\\\\c2-close-a9ce23af-9077-4e54-a73a-96de3dd988dc"}
# Subtest: ExecutionHost close conjunction consumes blocked recovery when durable settlement fails
ok 44 - ExecutionHost close conjunction consumes blocked recovery when durable settlement fails
  ---
  duration_ms: 153.0334
  type: 'test'
  ...
# {"fixture":"c2-close-conjunction","event":"handles-closed","root":"C:\\\\Users\\\\b_a_s\\\\AppData\\\\Local\\\\Temp\\\\c2-close-a9ce23af-9077-4e54-a73a-96de3dd988dc"}
# {"fixture":"c2-close-conjunction","event":"removed","root":"C:\\\\Users\\\\b_a_s\\\\AppData\\\\Local\\\\Temp\\\\c2-close-a9ce23af-9077-4e54-a73a-96de3dd988dc"}
# {"fixture":"c2-close-conjunction","event":"planned","root":"C:\\\\Users\\\\b_a_s\\\\AppData\\\\Local\\\\Temp\\\\c2-close-493c1fa8-134e-443f-8eb8-91b9567b6545"}
# Subtest: ExecutionHost close conjunction validates handed-off launch with released session
ok 45 - ExecutionHost close conjunction validates handed-off launch with released session
  ---
  duration_ms: 108.0699
  type: 'test'
  ...
# {"fixture":"c2-close-conjunction","event":"handles-closed","root":"C:\\\\Users\\\\b_a_s\\\\AppData\\\\Local\\\\Temp\\\\c2-close-493c1fa8-134e-443f-8eb8-91b9567b6545"}
# {"fixture":"c2-close-conjunction","event":"removed","root":"C:\\\\Users\\\\b_a_s\\\\AppData\\\\Local\\\\Temp\\\\c2-close-493c1fa8-134e-443f-8eb8-91b9567b6545"}
# {"fixture":"execution-host","event":"planned","root":"C:\\\\Users\\\\b_a_s\\\\AppData\\\\Local\\\\Temp\\\\runner-execution-host-a6051f47-3df7-4dcf-b414-625a01dc7164"}
# Subtest: ExecutionHost close conjunction validates handed-off launch with missing session
ok 46 - ExecutionHost close conjunction validates handed-off launch with missing session
  ---
  duration_ms: 105.4327
  type: 'test'
  ...
# {"fixture":"execution-host","event":"removed","root":"C:\\\\Users\\\\b_a_s\\\\AppData\\\\Local\\\\Temp\\\\runner-execution-host-a6051f47-3df7-4dcf-b414-625a01dc7164"}
# {"fixture":"execution-host","event":"planned","root":"C:\\\\Users\\\\b_a_s\\\\AppData\\\\Local\\\\Temp\\\\runner-execution-host-8ec740b7-c335-47f2-a820-4d5d87007195"}
# Subtest: one ExecutionHost creates isolated per-run grants stores runtimes and cleanup ownership
ok 47 - one ExecutionHost creates isolated per-run grants stores runtimes and cleanup ownership
  ---
  duration_ms: 139.98
  type: 'test'
  ...
# {"fixture":"execution-host","event":"removed","root":"C:\\\\Users\\\\b_a_s\\\\AppData\\\\Local\\\\Temp\\\\runner-execution-host-8ec740b7-c335-47f2-a820-4d5d87007195"}
# {"fixture":"execution-host","event":"planned","root":"C:\\\\Users\\\\b_a_s\\\\AppData\\\\Local\\\\Temp\\\\runner-execution-host-1ee811fe-fc30-49e1-9ccf-6ab6672e85b1"}
# Subtest: ExecutionHost captures one filtered ambient source and rejects duplicate live run bindings
ok 48 - ExecutionHost captures one filtered ambient source and rejects duplicate live run bindings
  ---
  duration_ms: 77.2872
  type: 'test'
  ...
# {"fixture":"execution-host","event":"removed","root":"C:\\\\Users\\\\b_a_s\\\\AppData\\\\Local\\\\Temp\\\\runner-execution-host-1ee811fe-fc30-49e1-9ccf-6ab6672e85b1"}
# {"fixture":"execution-host","event":"planned","root":"C:\\\\Users\\\\b_a_s\\\\AppData\\\\Local\\\\Temp\\\\runner-execution-host-1b22cb73-6e7c-4b4e-a5a0-553a5890a544"}
# Subtest: ExecutionHost excludes provider-prefixed credentials from its captured child source
ok 49 - ExecutionHost excludes provider-prefixed credentials from its captured child source
  ---
  duration_ms: 4.1377
  type: 'test'
  ...
# {"fixture":"execution-host","event":"removed","root":"C:\\\\Users\\\\b_a_s\\\\AppData\\\\Local\\\\Temp\\\\runner-execution-host-1b22cb73-6e7c-4b4e-a5a0-553a5890a544"}
# {"fixture":"execution-host","event":"planned","root":"C:\\\\Users\\\\b_a_s\\\\AppData\\\\Local\\\\Temp\\\\runner-execution-host-bd97839c-8697-44df-ab19-947ca26a1d21"}
# Subtest: failed ExecutionHost run construction unwinds its opened SQLite resources
ok 50 - failed ExecutionHost run construction unwinds its opened SQLite resources
  ---
  duration_ms: 40.6982
  type: 'test'
  ...
# {"fixture":"execution-host","event":"removed","root":"C:\\\\Users\\\\b_a_s\\\\AppData\\\\Local\\\\Temp\\\\runner-execution-host-bd97839c-8697-44df-ab19-947ca26a1d21"}
# {"fixture":"execution-host","event":"planned","root":"C:\\\\Users\\\\b_a_s\\\\AppData\\\\Local\\\\Temp\\\\runner-execution-host-9b2009bb-fa5d-484d-8db0-e6a3e5819c06"}
# Subtest: run binding retains membership and retries a transient cleanup failure
ok 51 - run binding retains membership and retries a transient cleanup failure
  ---
  duration_ms: 80.7637
  type: 'test'
  ...
# {"fixture":"execution-host","event":"removed","root":"C:\\\\Users\\\\b_a_s\\\\AppData\\\\Local\\\\Temp\\\\runner-execution-host-9b2009bb-fa5d-484d-8db0-e6a3e5819c06"}
# {"fixture":"execution-host","event":"planned","root":"C:\\\\Users\\\\b_a_s\\\\AppData\\\\Local\\\\Temp\\\\runner-execution-host-b68d97ff-c414-4515-b2f3-b825d181b9d3"}
# Subtest: ExecutionHost close retains failed bindings and retries its exact cleanup graph
ok 52 - ExecutionHost close retains failed bindings and retries its exact cleanup graph
  ---
  duration_ms: 63.4894
  type: 'test'
  ...
# {"fixture":"execution-host","event":"planned","root":"C:\\\\Users\\\\b_a_s\\\\AppData\\\\Local\\\\Temp\\\\runner-execution-host-7c697963-6244-4ab8-842c-bf9ef800c07e"}
# Subtest: fresh ExecutionHost close accounts for unreleased adopted active
ok 53 - fresh ExecutionHost close accounts for unreleased adopted active
  ---
  duration_ms: 281.1229
  type: 'test'
  ...
# {"fixture":"execution-host","event":"planned","root":"C:\\\\Users\\\\b_a_s\\\\AppData\\\\Local\\\\Temp\\\\runner-execution-host-8472bc67-fac3-4755-8073-d66853b458c1"}
# Subtest: fresh ExecutionHost close accounts for unreleased adopted stopping
ok 54 - fresh ExecutionHost close accounts for unreleased adopted stopping
  ---
  duration_ms: 109.8723
  type: 'test'
  ...
# {"fixture":"execution-host","event":"planned","root":"C:\\\\Users\\\\b_a_s\\\\AppData\\\\Local\\\\Temp\\\\runner-execution-host-cbb6dba2-1880-4eb2-9269-f3ac6667df1d"}
# Subtest: fresh ExecutionHost close accounts for unreleased adopted input_unavailable
ok 55 - fresh ExecutionHost close accounts for unreleased adopted input_unavailable
  ---
  duration_ms: 112.4111
  type: 'test'
  ...
# {"fixture":"execution-host","event":"planned","root":"C:\\\\Users\\\\b_a_s\\\\AppData\\\\Local\\\\Temp\\\\runner-execution-host-c234c551-3fcc-4ea4-a17b-f9008dee3983"}
# Subtest: fresh ExecutionHost close accounts for unreleased adopted backend_unavailable
ok 56 - fresh ExecutionHost close accounts for unreleased adopted backend_unavailable
  ---
  duration_ms: 128.7192
  type: 'test'
  ...
# {"fixture":"execution-host","event":"planned","root":"C:\\\\Users\\\\b_a_s\\\\AppData\\\\Local\\\\Temp\\\\runner-execution-host-dda332d1-4a91-4c2b-8abb-ac2bfbb720f6"}
# Subtest: fresh ExecutionHost close accounts for unreleased adopted outcome_unknown
ok 57 - fresh ExecutionHost close accounts for unreleased adopted outcome_unknown
  ---
  duration_ms: 131.7733
  type: 'test'
  ...
# {"fixture":"execution-host","event":"planned","root":"C:\\\\Users\\\\b_a_s\\\\AppData\\\\Local\\\\Temp\\\\runner-execution-host-99bbd8a3-e6ab-46c9-9e58-1df9f2fcf493"}
# Subtest: fresh ExecutionHost close accounts for unreleased adopted cleanup_pending
ok 58 - fresh ExecutionHost close accounts for unreleased adopted cleanup_pending
  ---
  duration_ms: 128.2583
  type: 'test'
  ...
# {"fixture":"execution-host","event":"planned","root":"C:\\\\Users\\\\b_a_s\\\\AppData\\\\Local\\\\Temp\\\\runner-execution-host-d0cb3aba-6c1b-46ec-92ec-6edba7efb925"}
# Subtest: fresh ExecutionHost close accounts for unreleased adopted cleanup_blocked
ok 59 - fresh ExecutionHost close accounts for unreleased adopted cleanup_blocked
  ---
  duration_ms: 125.2516
  type: 'test'
  ...
# C5 CLI root: {"event":"created","path":"C:\\\\Users\\\\b_a_s\\\\AppData\\\\Local\\\\Temp\\\\aiboard-windows-semantic-duplex-qT9VVB"}
# C5 CLI root: {"event":"created","path":"C:\\\\Users\\\\b_a_s\\\\AppData\\\\Local\\\\Temp\\\\aiboard-windows-semantic-batch-7vLcKO"}
# C5 CLI root: {"event":"created","path":"C:\\\\Users\\\\b_a_s\\\\AppData\\\\Local\\\\Temp\\\\aiboard-windows-semantic-tree-iU0LR7"}
# {"fixture":"execution-host","event":"removed","root":"C:\\\\Users\\\\b_a_s\\\\AppData\\\\Local\\\\Temp\\\\runner-execution-host-d0cb3aba-6c1b-46ec-92ec-6edba7efb925"}
# Subtest: two real concurrent run bindings cannot cross grants outputs or cleanup effects
ok 60 - two real concurrent run bindings cannot cross grants outputs or cleanup effects
  ---
  duration_ms: 21108.9638
  type: 'test'
  ...
# C5 CLI root: {"event":"exit","path":"C:\\\\Users\\\\b_a_s\\\\AppData\\\\Local\\\\Temp\\\\aiboard-windows-semantic-duplex-qT9VVB","existsAtExit":false}
# C5 CLI root: {"event":"exit","path":"C:\\\\Users\\\\b_a_s\\\\AppData\\\\Local\\\\Temp\\\\aiboard-windows-semantic-batch-7vLcKO","existsAtExit":false}
# C5 CLI root: {"event":"exit","path":"C:\\\\Users\\\\b_a_s\\\\AppData\\\\Local\\\\Temp\\\\aiboard-windows-semantic-tree-iU0LR7","existsAtExit":false}
# C5 CLI root: {"event":"created","path":"C:\\\\Users\\\\b_a_s\\\\AppData\\\\Local\\\\Temp\\\\aiboard-build-manager-legacy-steering-upgrade-7vfGq0"}
# C5 CLI root: {"event":"created","path":"C:\\\\Users\\\\b_a_s\\\\AppData\\\\Local\\\\Temp\\\\aiboard-build-manager-pause-quiesce-UhIJVE"}
# C5 CLI root: {"event":"created","path":"C:\\\\Users\\\\b_a_s\\\\AppData\\\\Local\\\\Temp\\\\aiboard-build-manager-recovery-quiesce-8zpDd3"}
# C5 CLI root: {"event":"created","path":"C:\\\\Users\\\\b_a_s\\\\AppData\\\\Local\\\\Temp\\\\aiboard-build-manager-error-quiesce-veVv5u"}
# C5 CLI root: {"event":"created","path":"C:\\\\Users\\\\b_a_s\\\\AppData\\\\Local\\\\Temp\\\\aiboard-build-manager-question-blocked-WxRsLb"}
# C5 CLI root: {"event":"created","path":"C:\\\\Users\\\\b_a_s\\\\AppData\\\\Local\\\\Temp\\\\aiboard-build-manager-steering-wake-fXD4pd"}
# C5 CLI root: {"event":"created","path":"C:\\\\Users\\\\b_a_s\\\\AppData\\\\Local\\\\Temp\\\\aiboard-build-manager-steering-retirement-PJpIGw"}
# C5 CLI root: {"event":"created","path":"C:\\\\Users\\\\b_a_s\\\\AppData\\\\Local\\\\Temp\\\\aiboard-build-manager-steering-retirement-barrier-ylxzSy"}
# Subtest: recovery upgrades a parent-format acknowledged interruption while adopting a newer verification generation
ok 61 - recovery upgrades a parent-format acknowledged interruption while adopting a newer verification generation
  ---
  duration_ms: 495.6812
  type: 'test'
  ...
# Subtest: explicit pause quiesces exact run resources without invoking workspace cleanup
ok 62 - explicit pause quiesces exact run resources without invoking workspace cleanup
  ---
  duration_ms: 33.2559
  type: 'test'
  ...
# Subtest: startup recovery quiesces active run resources without removing verification state
ok 63 - startup recovery quiesces active run resources without removing verification state
  ---
  duration_ms: 44.5082
  type: 'test'
  ...
# Subtest: autonomous pump error durably pauses then quiesces exact run resources
ok 64 - autonomous pump error durably pauses then quiesces exact run resources
  ---
  duration_ms: 40.6933
  type: 'test'
  ...
# Subtest: an unanswered Architect question quiesces the autonomous pump without pausing the run
ok 65 - an unanswered Architect question quiesces the autonomous pump without pausing the run
  ---
  duration_ms: 37.6108
  type: 'test'
  ...
# Subtest: durable steering appends before the manager wakes the autonomous pump
ok 66 - durable steering appends before the manager wakes the autonomous pump
  ---
  duration_ms: 37.9598
  type: 'test'
  ...
# Subtest: durable steering retires the exact invalidated verification generation before pumping
ok 67 - durable steering retires the exact invalidated verification generation before pumping
  ---
  duration_ms: 34.8898
  type: 'test'
  ...
# C5 CLI root: {"event":"created","path":"C:\\\\Users\\\\b_a_s\\\\AppData\\\\Local\\\\Temp\\\\aiboard-build-manager-guidance-replay-no-effects-gqrZ76"}
# C5 CLI root: {"event":"created","path":"C:\\\\Users\\\\b_a_s\\\\AppData\\\\Local\\\\Temp\\\\aiboard-build-manager-terminal-guidance-replay-GTePhY"}
# C5 CLI root: {"event":"created","path":"C:\\\\Users\\\\b_a_s\\\\AppData\\\\Local\\\\Temp\\\\aiboard-build-manager-guidance-retirement-retry-d8J1eK"}
# C5 CLI root: {"event":"created","path":"C:\\\\Users\\\\b_a_s\\\\AppData\\\\Local\\\\Temp\\\\aiboard-build-manager-steering-retirement-recovery-aCUj9b"}
# C5 CLI root: {"event":"created","path":"C:\\\\Users\\\\b_a_s\\\\AppData\\\\Local\\\\Temp\\\\aiboard-build-manager-steering-adoption-recovery-hDPqRY"}
# C5 CLI root: {"event":"created","path":"C:\\\\Users\\\\b_a_s\\\\AppData\\\\Local\\\\Temp\\\\aiboard-build-manager-steering-active-wake-WiwHMX"}
# C5 CLI root: {"event":"created","path":"C:\\\\Users\\\\b_a_s\\\\AppData\\\\Local\\\\Temp\\\\aiboard-build-manager-l6offC"}
# C5 CLI root: {"event":"created","path":"C:\\\\Users\\\\b_a_s\\\\AppData\\\\Local\\\\Temp\\\\aiboard-build-manager-pump-FYqHVB"}
# Subtest: active pump cannot consume guidance until exact verification retirement completes
ok 68 - active pump cannot consume guidance until exact verification retirement completes
  ---
  duration_ms: 62.4855
  type: 'test'
  ...
# Subtest: acknowledged exact guidance replay performs no later lifecycle side effects
ok 69 - acknowledged exact guidance replay performs no later lifecycle side effects
  ---
  duration_ms: 36.44
  type: 'test'
  ...
# Subtest: completed exact guidance replay succeeds without touching a failing cleanup service
ok 70 - completed exact guidance replay succeeds without touching a failing cleanup service
  ---
  duration_ms: 34.9174
  type: 'test'
  ...
# Subtest: exact retry after post-append retirement failure retries cleanup and releases durable progress
ok 71 - exact retry after post-append retirement failure retries cleanup and releases durable progress
  ---
  duration_ms: 34.8036
  type: 'test'
  ...
# Subtest: recovery retires a durably invalidated generation after post-append cleanup failure
ok 72 - recovery retires a durably invalidated generation after post-append cleanup failure
  ---
  duration_ms: 37.1124
  type: 'test'
  ...
# Subtest: recovery adopts an invalidated generation without removing a newer current workspace
ok 73 - recovery adopts an invalidated generation without removing a newer current workspace
  ---
  duration_ms: 38.8499
  type: 'test'
  ...
# Subtest: steering that lands during an active pump schedules a post-checkpoint wake
ok 74 - steering that lands during an active pump schedules a post-checkpoint wake
  ---
  duration_ms: 35.3049
  type: 'test'
  ...
# Subtest: native Build manager recreates persisted runtimes and closes resources
ok 75 - native Build manager recreates persisted runtimes and closes resources
  ---
  duration_ms: 36.1463
  type: 'test'
  ...
# C5 CLI root: {"event":"created","path":"C:\\\\Users\\\\b_a_s\\\\AppData\\\\Local\\\\Temp\\\\aiboard-build-manager-recover-pump-HKuUnQ"}
# C5 CLI root: {"event":"created","path":"C:\\\\Users\\\\b_a_s\\\\AppData\\\\Local\\\\Temp\\\\aiboard-build-manager-handoff-replay-rVCEQt"}
# C5 CLI root: {"event":"created","path":"C:\\\\Users\\\\b_a_s\\\\AppData\\\\Local\\\\Temp\\\\aiboard-build-manager-handoff-steering-race-a0vmQZ"}
# Subtest: native Build manager owns one autonomous pump per active run
ok 76 - native Build manager owns one autonomous pump per active run
  ---
  duration_ms: 57.0674
  type: 'test'
  ...
# Subtest: recovery autonomously restarts only runs the supervisor still marks active
ok 77 - recovery autonomously restarts only runs the supervisor still marks active
  ---
  duration_ms: 39.7249
  type: 'test'
  ...
# Subtest: completed project handoff replays without applying the project twice
ok 78 - completed project handoff replays without applying the project twice
  ---
  duration_ms: 39.9875
  type: 'test'
  ...
# C5 CLI root: {"event":"created","path":"C:\\\\Users\\\\b_a_s\\\\AppData\\\\Local\\\\Temp\\\\aiboard-build-manager-guidance-wins-handoff-V3mMa2"}
# C5 CLI root: {"event":"created","path":"C:\\\\Users\\\\b_a_s\\\\AppData\\\\Local\\\\Temp\\\\aiboard-build-manager-yield-uEAbv9"}
# Subtest: guidance and project handoff are linearized before external project mutation
ok 79 - guidance and project handoff are linearized before external project mutation
  ---
  duration_ms: 31.3408
  type: 'test'
  ...
# Subtest: guidance that wins handoff serialization prevents external project mutation
ok 80 - guidance that wins handoff serialization prevents external project mutation
  ---
  duration_ms: 38.4535
  type: 'test'
  ...
# Subtest: a brand-new native Build starts with no recovered provider cooldowns
ok 81 - a brand-new native Build starts with no recovered provider cooldowns
  ---
  duration_ms: 0.1836
  type: 'test'
  ...
# Subtest: worker routing excludes Architect-only runtimes from the worker pool
ok 82 - worker routing excludes Architect-only runtimes from the worker pool
  ---
  duration_ms: 0.2804
  type: 'test'
  ...
# C5 CLI root: {"event":"created","path":"C:\\\\Users\\\\b_a_s\\\\AppData\\\\Local\\\\Temp\\\\aiboard-build-manager-auto-handoff-IYtMWu"}
# C5 CLI root: {"event":"created","path":"C:\\\\Users\\\\b_a_s\\\\AppData\\\\Local\\\\Temp\\\\aiboard-build-manager-plan-handoff-xgP7Re"}
# C5 CLI root: {"event":"created","path":"C:\\\\Users\\\\b_a_s\\\\AppData\\\\Local\\\\Temp\\\\aiboard-build-manager-missing-policy-5gCQdQ"}
# C5 CLI root: {"event":"created","path":"C:\\\\Users\\\\b_a_s\\\\AppData\\\\Local\\\\Temp\\\\aiboard-build-manager-failed-handoff-2vM5CN"}
# C5 CLI root: {"event":"created","path":"C:\\\\Users\\\\b_a_s\\\\AppData\\\\Local\\\\Temp\\\\aiboard-build-manager-cleanup-failure-8ZBfj5"}
# C5 CLI root: {"event":"created","path":"C:\\\\Users\\\\b_a_s\\\\AppData\\\\Local\\\\Temp\\\\aiboard-build-manager-recover-cleanup-XvKOr7"}
# C5 CLI root: {"event":"created","path":"C:\\\\Users\\\\b_a_s\\\\AppData\\\\Local\\\\Temp\\\\aiboard-build-manager-recover-compact-4izdsj"}
# C5 CLI root: {"event":"created","path":"C:\\\\Users\\\\b_a_s\\\\AppData\\\\Local\\\\Temp\\\\aiboard-build-manager-recover-scan-error-WIGl8h"}
# C5 CLI root: {"event":"created","path":"C:\\\\Users\\\\b_a_s\\\\AppData\\\\Local\\\\Temp\\\\aiboard-build-manager-live-gc-self-lease-GV768k"}
# C5 CLI root: {"event":"created","path":"C:\\\\Users\\\\b_a_s\\\\AppData\\\\Local\\\\Temp\\\\aiboard-build-manager-manual-step-finalize-9uOdzu"}
# C5 CLI root: {"event":"created","path":"C:\\\\Users\\\\b_a_s\\\\AppData\\\\Local\\\\Temp\\\\aiboard-build-manager-manual-run-gc-0W4hcQ"}
# Subtest: autonomous pump continues after bounded progress without user Resume
ok 83 - autonomous pump continues after bounded progress without user Resume
  ---
  duration_ms: 34.9239
  type: 'test'
  ...
# Subtest: requested Finish or Budgeted handoff auto-applies once and cleans up after settlement
ok 84 - requested Finish or Budgeted handoff auto-applies once and cleans up after settlement
  ---
  duration_ms: 35.2336
  type: 'test'
  ...
# Subtest: Plan-only requested handoff remains paused for the user
ok 85 - Plan-only requested handoff remains paused for the user
  ---
  duration_ms: 35.3916
  type: 'test'
  ...
# Subtest: a requested handoff without a durable policy is not auto-applied
ok 86 - a requested handoff without a durable policy is not auto-applied
  ---
  duration_ms: 33.4253
  type: 'test'
  ...
# Subtest: automatic apply failure leaves requested handoff paused without cleanup
ok 87 - automatic apply failure leaves requested handoff paused without cleanup
  ---
  duration_ms: 38.803
  type: 'test'
  ...
# Subtest: cleanup failure does not reclassify an already settled handoff as paused
ok 88 - cleanup failure does not reclassify an already settled handoff as paused
  ---
  duration_ms: 35.6549
  type: 'test'
  ...
# Subtest: recovery retries cleanup for a durably settled Build
ok 89 - recovery retries cleanup for a durably settled Build
  ---
  duration_ms: 26.3165
  type: 'test'
  ...
# Subtest: recovery compacts every non-running Build, skips active Builds, and continues after one compaction error
ok 90 - recovery compacts every non-running Build, skips active Builds, and continues after one compaction error
  ---
  duration_ms: 48.1484
  type: 'test'
  ...
# Subtest: recovery reports a global reachability scan failure and still activates recoverable work
ok 91 - recovery reports a global reachability scan failure and still activates recoverable work
  ---
  duration_ms: 33.7662
  type: 'test'
  ...
# Subtest: settlement requests live compaction after releasing its own activity lease
ok 92 - settlement requests live compaction after releasing its own activity lease
  ---
  duration_ms: 30.3639
  type: 'test'
  ...
# Subtest: public step auto-applies Finish handoff and finalizes cleanup once
ok 93 - public step auto-applies Finish handoff and finalizes cleanup once
  ---
  duration_ms: 37.5036
  type: 'test'
  ...
# C5 CLI root: {"event":"created","path":"C:\\\\Users\\\\b_a_s\\\\AppData\\\\Local\\\\Temp\\\\aiboard-build-manager-manual-plan-only-REplhb"}
# C5 CLI root: {"event":"created","path":"C:\\\\Users\\\\b_a_s\\\\AppData\\\\Local\\\\Temp\\\\aiboard-build-manager-live-gc-resume-race-VvtiWM"}
# Subtest: public runUntilBlocked performs live physical cleanup after completion
ok 94 - public runUntilBlocked performs live physical cleanup after completion
  ---
  duration_ms: 132.0191
  type: 'test'
  ...
# Subtest: public step leaves Plan-only handoff requested without mutation or cleanup
ok 95 - public step leaves Plan-only handoff requested without mutation or cleanup
  ---
  duration_ms: 28.1286
  type: 'test'
  ...
# C5 CLI root: {"event":"created","path":"C:\\\\Users\\\\b_a_s\\\\AppData\\\\Local\\\\Temp\\\\aiboard-build-manager-live-gc-gate-OOGHZF"}
# Subtest: lifecycle mutations wait during live compaction and pass two recomputes eligibility
ok 96 - lifecycle mutations wait during live compaction and pass two recomputes eligibility
  ---
  duration_ms: 30.4817
  type: 'test'
  ...
# C5 CLI root: {"event":"created","path":"C:\\\\Users\\\\b_a_s\\\\AppData\\\\Local\\\\Temp\\\\aiboard-build-manager-live-gc-delete-ejbZHi"}
# Subtest: live compaction waits for active work, blocks new work, and scans once
ok 97 - live compaction waits for active work, blocks new work, and scans once
  ---
  duration_ms: 33.544
  type: 'test'
  ...
# C5 CLI root: {"event":"created","path":"C:\\\\Users\\\\b_a_s\\\\AppData\\\\Local\\\\Temp\\\\aiboard-build-manager-live-gc-coalesce-PHg6sd"}
# C5 CLI root: {"event":"created","path":"C:\\\\Users\\\\b_a_s\\\\AppData\\\\Local\\\\Temp\\\\aiboard-build-manager-live-gc-generation-FLfjCG"}
# Subtest: live settlement physically deletes obsolete checkpoints without touching active-run artifacts
ok 98 - live settlement physically deletes obsolete checkpoints without touching active-run artifacts
  ---
  duration_ms: 138.0896
  type: 'test'
  ...
# Subtest: concurrent settlements coalesce into one live reachability scan
ok 99 - concurrent settlements coalesce into one live reachability scan
  ---
  duration_ms: 32.8237
  type: 'test'
  ...
# C5 CLI root: {"event":"created","path":"C:\\\\Users\\\\b_a_s\\\\AppData\\\\Local\\\\Temp\\\\aiboard-build-manager-live-gc-failure-qSzWab"}
# Subtest: settlement admitted after a live scan schedules a fresh compaction generation
ok 100 - settlement admitted after a live scan schedules a fresh compaction generation
  ---
  duration_ms: 150.5944
  type: 'test'
  ...
# C5 CLI root: {"event":"created","path":"C:\\\\Users\\\\b_a_s\\\\AppData\\\\Local\\\\Temp\\\\aiboard-build-manager-live-gc-close-9YpX2n"}
# C5 CLI root: {"event":"created","path":"C:\\\\Users\\\\b_a_s\\\\AppData\\\\Local\\\\Temp\\\\aiboard-build-manager-close-cleanup-4EHKxE"}
# C5 CLI root: {"event":"created","path":"C:\\\\Users\\\\b_a_s\\\\AppData\\\\Local\\\\Temp\\\\aiboard-build-manager-handle-close-retry-HK3bWZ"}
# Subtest: a failed live reachability scan retains artifacts and reopens the activity gate
ok 101 - a failed live reachability scan retains artifacts and reopens the activity gate
  ---
  duration_ms: 101.297
  type: 'test'
  ...
# Subtest: close rejects work queued behind live compaction and waits for active work
ok 102 - close rejects work queued behind live compaction and waits for active work
  ---
  duration_ms: 34.7811
  type: 'test'
  ...
# Subtest: close retries cleanup that failed after settlement
ok 103 - close retries cleanup that failed after settlement
  ---
  duration_ms: 38.0268
  type: 'test'
  ...
# C5 CLI root: {"event":"created","path":"C:\\\\Users\\\\b_a_s\\\\AppData\\\\Local\\\\Temp\\\\aiboard-build-manager-handle-close-retry-HK3bWZ\\\\success-state\\\\extension-executions\\\\.3cb5b6246a9aa3ab-EnPco9"}
# C5 CLI root: {"event":"created","path":"C:\\\\Users\\\\b_a_s\\\\AppData\\\\Local\\\\Temp\\\\aiboard-build-manager-handle-close-retry-HK3bWZ\\\\failed-state\\\\extension-executions\\\\.e0e413278cf1b0f7-yWQWc2"}
# C5 CLI root: {"event":"created","path":"C:\\\\Users\\\\b_a_s\\\\AppData\\\\Local\\\\Temp\\\\aiboard-build-manager-projection-close-gEv7Ad"}
# C5 CLI root: {"event":"created","path":"C:\\\\Users\\\\b_a_s\\\\AppData\\\\Local\\\\Temp\\\\aiboard-build-manager-close-handoff-oaXDyh"}
# C5 CLI root: {"event":"created","path":"C:\\\\Users\\\\b_a_s\\\\AppData\\\\Local\\\\Temp\\\\aiboard-build-manager-capability-contract-ttyzXO"}
# C5 CLI root: {"event":"created","path":"C:\\\\Users\\\\b_a_s\\\\AppData\\\\Local\\\\Temp\\\\aiboard-build-manager-runtime-recovery-error-Rno8p2"}
# C5 CLI root: {"event":"created","path":"C:\\\\Users\\\\b_a_s\\\\AppData\\\\Local\\\\Temp\\\\aiboard-build-manager-historical-read-hEyxeN"}
# C5 CLI root: {"event":"created","path":"C:\\\\Users\\\\b_a_s\\\\AppData\\\\Local\\\\Temp\\\\aiboard-build-manager-historical-mutations-IgqeS8"}
# C5 CLI root: {"event":"created","path":"C:\\\\Users\\\\b_a_s\\\\AppData\\\\Local\\\\Temp\\\\aiboard-build-manager-capability-stamp-aUFmI0"}
# Subtest: manager close shares failures then retries only the handle that still owns a child
ok 104 - manager close shares failures then retries only the handle that still owns a child
  ---
  duration_ms: 182.9626
  type: 'test'
  ...
# C5 finalizer10 acquired exact manager fixture: C:\\Users\\b_a_s\\AppData\\Local\\Temp\\aiboard-build-manager-handle-close-retry-HK3bWZ
# C5 finalizer10 removed certified manager fixture: C:\\Users\\b_a_s\\AppData\\Local\\Temp\\aiboard-build-manager-handle-close-retry-HK3bWZ
# Subtest: manager close aggregates projection failure but still closes the reachable handle
ok 105 - manager close aggregates projection failure but still closes the reachable handle
  ---
  duration_ms: 38.4824
  type: 'test'
  ...
# Subtest: close waits for an in-flight automatic handoff before closing resources
ok 106 - close waits for an in-flight automatic handoff before closing resources
  ---
  duration_ms: 36.1289
  type: 'test'
  ...
# Subtest: recovery rejects an active missing capability contract before constructing its runtime
ok 107 - recovery rejects an active missing capability contract before constructing its runtime
  ---
  duration_ms: 34.5764
  type: 'test'
  ...
# Subtest: recovery routes an active runtime-construction failure through the durable recovery error path
ok 108 - recovery routes an active runtime-construction failure through the durable recovery error path
  ---
  duration_ms: 35.8843
  type: 'test'
  ...
# Subtest: terminal legacy Builds retain read-only historical projections without constructing a live runtime
ok 109 - terminal legacy Builds retain read-only historical projections without constructing a live runtime
  ---
  duration_ms: 39.3622
  type: 'test'
  ...
# Subtest: historical Builds reject every manager mutation before invoking a replayed runtime
ok 110 - historical Builds reject every manager mutation before invoking a replayed runtime
  ---
  duration_ms: 34.7712
  type: 'test'
  ...
# Subtest: new Builds persist a runner-prepared capability contract before runtime construction
ok 111 - new Builds persist a runner-prepared capability contract before runtime construction
  ---
  duration_ms: 36.4958
  type: 'test'
  ...
# Subtest: configured usage marks an Architect-only capability mismatch unavailable
ok 112 - configured usage marks an Architect-only capability mismatch unavailable
  ---
  duration_ms: 0.2676
  type: 'test'
  ...
# C5 CLI root: {"event":"exit","path":"C:\\\\Users\\\\b_a_s\\\\AppData\\\\Local\\\\Temp\\\\aiboard-build-manager-legacy-steering-upgrade-7vfGq0","existsAtExit":false}
# C5 CLI root: {"event":"exit","path":"C:\\\\Users\\\\b_a_s\\\\AppData\\\\Local\\\\Temp\\\\aiboard-build-manager-pause-quiesce-UhIJVE","existsAtExit":false}
# C5 CLI root: {"event":"exit","path":"C:\\\\Users\\\\b_a_s\\\\AppData\\\\Local\\\\Temp\\\\aiboard-build-manager-recovery-quiesce-8zpDd3","existsAtExit":false}
# C5 CLI root: {"event":"exit","path":"C:\\\\Users\\\\b_a_s\\\\AppData\\\\Local\\\\Temp\\\\aiboard-build-manager-error-quiesce-veVv5u","existsAtExit":false}
# C5 CLI root: {"event":"exit","path":"C:\\\\Users\\\\b_a_s\\\\AppData\\\\Local\\\\Temp\\\\aiboard-build-manager-question-blocked-WxRsLb","existsAtExit":false}
# C5 CLI root: {"event":"exit","path":"C:\\\\Users\\\\b_a_s\\\\AppData\\\\Local\\\\Temp\\\\aiboard-build-manager-steering-wake-fXD4pd","existsAtExit":false}
# C5 CLI root: {"event":"exit","path":"C:\\\\Users\\\\b_a_s\\\\AppData\\\\Local\\\\Temp\\\\aiboard-build-manager-steering-retirement-PJpIGw","existsAtExit":false}
# C5 CLI root: {"event":"exit","path":"C:\\\\Users\\\\b_a_s\\\\AppData\\\\Local\\\\Temp\\\\aiboard-build-manager-steering-retirement-barrier-ylxzSy","existsAtExit":false}
# C5 CLI root: {"event":"exit","path":"C:\\\\Users\\\\b_a_s\\\\AppData\\\\Local\\\\Temp\\\\aiboard-build-manager-guidance-replay-no-effects-gqrZ76","existsAtExit":false}
# C5 CLI root: {"event":"exit","path":"C:\\\\Users\\\\b_a_s\\\\AppData\\\\Local\\\\Temp\\\\aiboard-build-manager-terminal-guidance-replay-GTePhY","existsAtExit":false}
# C5 CLI root: {"event":"exit","path":"C:\\\\Users\\\\b_a_s\\\\AppData\\\\Local\\\\Temp\\\\aiboard-build-manager-guidance-retirement-retry-d8J1eK","existsAtExit":false}
# C5 CLI root: {"event":"exit","path":"C:\\\\Users\\\\b_a_s\\\\AppData\\\\Local\\\\Temp\\\\aiboard-build-manager-steering-retirement-recovery-aCUj9b","existsAtExit":false}
# C5 CLI root: {"event":"exit","path":"C:\\\\Users\\\\b_a_s\\\\AppData\\\\Local\\\\Temp\\\\aiboard-build-manager-steering-adoption-recovery-hDPqRY","existsAtExit":false}
# C5 CLI root: {"event":"exit","path":"C:\\\\Users\\\\b_a_s\\\\AppData\\\\Local\\\\Temp\\\\aiboard-build-manager-steering-active-wake-WiwHMX","existsAtExit":false}
# C5 CLI root: {"event":"exit","path":"C:\\\\Users\\\\b_a_s\\\\AppData\\\\Local\\\\Temp\\\\aiboard-build-manager-l6offC","existsAtExit":false}
# C5 CLI root: {"event":"exit","path":"C:\\\\Users\\\\b_a_s\\\\AppData\\\\Local\\\\Temp\\\\aiboard-build-manager-pump-FYqHVB","existsAtExit":false}
# C5 CLI root: {"event":"exit","path":"C:\\\\Users\\\\b_a_s\\\\AppData\\\\Local\\\\Temp\\\\aiboard-build-manager-recover-pump-HKuUnQ","existsAtExit":false}
# C5 CLI root: {"event":"exit","path":"C:\\\\Users\\\\b_a_s\\\\AppData\\\\Local\\\\Temp\\\\aiboard-build-manager-handoff-replay-rVCEQt","existsAtExit":false}
# C5 CLI root: {"event":"exit","path":"C:\\\\Users\\\\b_a_s\\\\AppData\\\\Local\\\\Temp\\\\aiboard-build-manager-handoff-steering-race-a0vmQZ","existsAtExit":false}
# C5 CLI root: {"event":"exit","path":"C:\\\\Users\\\\b_a_s\\\\AppData\\\\Local\\\\Temp\\\\aiboard-build-manager-guidance-wins-handoff-V3mMa2","existsAtExit":false}
# C5 CLI root: {"event":"exit","path":"C:\\\\Users\\\\b_a_s\\\\AppData\\\\Local\\\\Temp\\\\aiboard-build-manager-yield-uEAbv9","existsAtExit":false}
# C5 CLI root: {"event":"exit","path":"C:\\\\Users\\\\b_a_s\\\\AppData\\\\Local\\\\Temp\\\\aiboard-build-manager-auto-handoff-IYtMWu","existsAtExit":false}
# C5 CLI root: {"event":"exit","path":"C:\\\\Users\\\\b_a_s\\\\AppData\\\\Local\\\\Temp\\\\aiboard-build-manager-plan-handoff-xgP7Re","existsAtExit":false}
# C5 CLI root: {"event":"exit","path":"C:\\\\Users\\\\b_a_s\\\\AppData\\\\Local\\\\Temp\\\\aiboard-build-manager-missing-policy-5gCQdQ","existsAtExit":false}
# C5 CLI root: {"event":"exit","path":"C:\\\\Users\\\\b_a_s\\\\AppData\\\\Local\\\\Temp\\\\aiboard-build-manager-failed-handoff-2vM5CN","existsAtExit":false}
# C5 CLI root: {"event":"exit","path":"C:\\\\Users\\\\b_a_s\\\\AppData\\\\Local\\\\Temp\\\\aiboard-build-manager-cleanup-failure-8ZBfj5","existsAtExit":false}
# C5 CLI root: {"event":"exit","path":"C:\\\\Users\\\\b_a_s\\\\AppData\\\\Local\\\\Temp\\\\aiboard-build-manager-recover-cleanup-XvKOr7","existsAtExit":false}
# C5 CLI root: {"event":"exit","path":"C:\\\\Users\\\\b_a_s\\\\AppData\\\\Local\\\\Temp\\\\aiboard-build-manager-recover-compact-4izdsj","existsAtExit":false}
# C5 CLI root: {"event":"exit","path":"C:\\\\Users\\\\b_a_s\\\\AppData\\\\Local\\\\Temp\\\\aiboard-build-manager-recover-scan-error-WIGl8h","existsAtExit":false}
# C5 CLI root: {"event":"exit","path":"C:\\\\Users\\\\b_a_s\\\\AppData\\\\Local\\\\Temp\\\\aiboard-build-manager-live-gc-self-lease-GV768k","existsAtExit":false}
# C5 CLI root: {"event":"exit","path":"C:\\\\Users\\\\b_a_s\\\\AppData\\\\Local\\\\Temp\\\\aiboard-build-manager-manual-step-finalize-9uOdzu","existsAtExit":false}
# C5 CLI root: {"event":"exit","path":"C:\\\\Users\\\\b_a_s\\\\AppData\\\\Local\\\\Temp\\\\aiboard-build-manager-manual-run-gc-0W4hcQ","existsAtExit":false}
# C5 CLI root: {"event":"exit","path":"C:\\\\Users\\\\b_a_s\\\\AppData\\\\Local\\\\Temp\\\\aiboard-build-manager-manual-plan-only-REplhb","existsAtExit":false}
# C5 CLI root: {"event":"exit","path":"C:\\\\Users\\\\b_a_s\\\\AppData\\\\Local\\\\Temp\\\\aiboard-build-manager-live-gc-resume-race-VvtiWM","existsAtExit":false}
# C5 CLI root: {"event":"exit","path":"C:\\\\Users\\\\b_a_s\\\\AppData\\\\Local\\\\Temp\\\\aiboard-build-manager-live-gc-gate-OOGHZF","existsAtExit":false}
# C5 CLI root: {"event":"exit","path":"C:\\\\Users\\\\b_a_s\\\\AppData\\\\Local\\\\Temp\\\\aiboard-build-manager-live-gc-delete-ejbZHi","existsAtExit":false}
# C5 CLI root: {"event":"exit","path":"C:\\\\Users\\\\b_a_s\\\\AppData\\\\Local\\\\Temp\\\\aiboard-build-manager-live-gc-coalesce-PHg6sd","existsAtExit":false}
# C5 CLI root: {"event":"exit","path":"C:\\\\Users\\\\b_a_s\\\\AppData\\\\Local\\\\Temp\\\\aiboard-build-manager-live-gc-generation-FLfjCG","existsAtExit":false}
# C5 CLI root: {"event":"exit","path":"C:\\\\Users\\\\b_a_s\\\\AppData\\\\Local\\\\Temp\\\\aiboard-build-manager-live-gc-failure-qSzWab","existsAtExit":false}
# C5 CLI root: {"event":"exit","path":"C:\\\\Users\\\\b_a_s\\\\AppData\\\\Local\\\\Temp\\\\aiboard-build-manager-live-gc-close-9YpX2n","existsAtExit":false}
# C5 CLI root: {"event":"exit","path":"C:\\\\Users\\\\b_a_s\\\\AppData\\\\Local\\\\Temp\\\\aiboard-build-manager-close-cleanup-4EHKxE","existsAtExit":false}
# C5 CLI root: {"event":"exit","path":"C:\\\\Users\\\\b_a_s\\\\AppData\\\\Local\\\\Temp\\\\aiboard-build-manager-handle-close-retry-HK3bWZ","existsAtExit":false}
# C5 CLI root: {"event":"exit","path":"C:\\\\Users\\\\b_a_s\\\\AppData\\\\Local\\\\Temp\\\\aiboard-build-manager-handle-close-retry-HK3bWZ\\\\success-state\\\\extension-executions\\\\.3cb5b6246a9aa3ab-EnPco9","existsAtExit":false}
# C5 CLI root: {"event":"exit","path":"C:\\\\Users\\\\b_a_s\\\\AppData\\\\Local\\\\Temp\\\\aiboard-build-manager-handle-close-retry-HK3bWZ\\\\failed-state\\\\extension-executions\\\\.e0e413278cf1b0f7-yWQWc2","existsAtExit":false}
# C5 CLI root: {"event":"exit","path":"C:\\\\Users\\\\b_a_s\\\\AppData\\\\Local\\\\Temp\\\\aiboard-build-manager-projection-close-gEv7Ad","existsAtExit":false}
# C5 CLI root: {"event":"exit","path":"C:\\\\Users\\\\b_a_s\\\\AppData\\\\Local\\\\Temp\\\\aiboard-build-manager-close-handoff-oaXDyh","existsAtExit":false}
# C5 CLI root: {"event":"exit","path":"C:\\\\Users\\\\b_a_s\\\\AppData\\\\Local\\\\Temp\\\\aiboard-build-manager-capability-contract-ttyzXO","existsAtExit":false}
# C5 CLI root: {"event":"exit","path":"C:\\\\Users\\\\b_a_s\\\\AppData\\\\Local\\\\Temp\\\\aiboard-build-manager-runtime-recovery-error-Rno8p2","existsAtExit":false}
# C5 CLI root: {"event":"exit","path":"C:\\\\Users\\\\b_a_s\\\\AppData\\\\Local\\\\Temp\\\\aiboard-build-manager-historical-read-hEyxeN","existsAtExit":false}
# C5 CLI root: {"event":"exit","path":"C:\\\\Users\\\\b_a_s\\\\AppData\\\\Local\\\\Temp\\\\aiboard-build-manager-historical-mutations-IgqeS8","existsAtExit":false}
# C5 CLI root: {"event":"exit","path":"C:\\\\Users\\\\b_a_s\\\\AppData\\\\Local\\\\Temp\\\\aiboard-build-manager-capability-stamp-aUFmI0","existsAtExit":false}
# C5 CLI root: {"event":"created","path":"C:\\\\Users\\\\b_a_s\\\\AppData\\\\Local\\\\Temp\\\\aiboard-one-shot-Unvcof"}
# C5 CLI root: {"event":"created","path":"C:\\\\Users\\\\b_a_s\\\\AppData\\\\Local\\\\Temp\\\\aiboard-one-shot-preconsume-wzvhAq"}
# Subtest: shared executor selects isolation before launch and releases after verified cleanup
ok 113 - shared executor selects isolation before launch and releases after verified cleanup
  ---
  duration_ms: 14.4967
  type: 'test'
  ...
# C5 CLI root: {"event":"created","path":"C:\\\\Users\\\\b_a_s\\\\AppData\\\\Local\\\\Temp\\\\aiboard-one-shot-unavailable-Q0gnW9"}
# Subtest: a pre-consumption runtime failure revokes its runtime grant exactly once before isolation release
ok 114 - a pre-consumption runtime failure revokes its runtime grant exactly once before isolation release
  ---
  duration_ms: 3.2011
  type: 'test'
  ...
# C5 CLI root: {"event":"created","path":"C:\\\\Users\\\\b_a_s\\\\AppData\\\\Local\\\\Temp\\\\aiboard-one-shot-unknown-CpD44N"}
# Subtest: strict capability failure happens before runtime launch
ok 115 - strict capability failure happens before runtime launch
  ---
  duration_ms: 1.8066
  type: 'test'
  ...
# Subtest: runtime outcome uncertainty still releases strict isolation and a release blocker wins truthfully
ok 116 - runtime outcome uncertainty still releases strict isolation and a release blocker wins truthfully
  ---
  duration_ms: 1.279
  type: 'test'
  ...
# C5 CLI root: {"event":"exit","path":"C:\\\\Users\\\\b_a_s\\\\AppData\\\\Local\\\\Temp\\\\aiboard-one-shot-Unvcof","existsAtExit":false}
# C5 CLI root: {"event":"exit","path":"C:\\\\Users\\\\b_a_s\\\\AppData\\\\Local\\\\Temp\\\\aiboard-one-shot-preconsume-wzvhAq","existsAtExit":false}
# C5 CLI root: {"event":"exit","path":"C:\\\\Users\\\\b_a_s\\\\AppData\\\\Local\\\\Temp\\\\aiboard-one-shot-unavailable-Q0gnW9","existsAtExit":false}
# C5 CLI root: {"event":"exit","path":"C:\\\\Users\\\\b_a_s\\\\AppData\\\\Local\\\\Temp\\\\aiboard-one-shot-unknown-CpD44N","existsAtExit":false}
# C5 CLI root: {"event":"created","path":"C:\\\\Users\\\\b_a_s\\\\AppData\\\\Local\\\\Temp\\\\aiboard-process-6cdc8d8f-ff62-4663-a51f-1e2b08bdb3d4-B6wE8j"}
# C5 CLI root: {"event":"created","path":"C:\\\\Users\\\\b_a_s\\\\AppData\\\\Local\\\\Temp\\\\aiboard-production-one-shot-LsKvRr"}
# C5 CLI root: {"event":"created","path":"C:\\\\Users\\\\b_a_s\\\\AppData\\\\Local\\\\Temp\\\\aiboard-process-4fa0f4e3-a44c-4d85-af7b-780a208c0f1f-fIiBGu"}
# C5 CLI root: {"event":"created","path":"C:\\\\Users\\\\b_a_s\\\\AppData\\\\Local\\\\Temp\\\\aiboard-production-one-shot-EQ17Zd"}
# Subtest: process public family times out and cleans a TERM-ignoring grandchild
ok 117 - process public family times out and cleans a TERM-ignoring grandchild
  ---
  duration_ms: 8107.9767
  type: 'test'
  ...
# C5 CLI root: {"event":"created","path":"C:\\\\Users\\\\b_a_s\\\\AppData\\\\Local\\\\Temp\\\\aiboard-process-6200796c-090a-40b1-b285-826653404e59-iTYQPd"}
# C5 CLI root: {"event":"created","path":"C:\\\\Users\\\\b_a_s\\\\AppData\\\\Local\\\\Temp\\\\aiboard-production-one-shot-jKRKfw"}
# Subtest: process public family cancellation cleans its TERM-ignoring grandchild
ok 118 - process public family cancellation cleans its TERM-ignoring grandchild
  ---
  duration_ms: 1297.1838
  type: 'test'
  ...
# C5 CLI root: {"event":"created","path":"C:\\\\Users\\\\b_a_s\\\\AppData\\\\Local\\\\Temp\\\\aiboard-process-5fc8e78d-fbcb-4834-bb74-ac99552fb8d3-T1CeNl"}
# C5 CLI root: {"event":"created","path":"C:\\\\Users\\\\b_a_s\\\\AppData\\\\Local\\\\Temp\\\\aiboard-production-one-shot-1ZNY4h"}
# Subtest: process public family maps strict capability failure before launch
ok 119 - process public family maps strict capability failure before launch
  ---
  duration_ms: 35.246
  type: 'test'
  ...
# C5 CLI root: {"event":"created","path":"C:\\\\Users\\\\b_a_s\\\\AppData\\\\Local\\\\Temp\\\\aiboard-evidence-5700b0d5-d5bd-4246-9378-50a1022a9405-Yb4zQJ"}
# C5 CLI root: {"event":"created","path":"C:\\\\Users\\\\b_a_s\\\\AppData\\\\Local\\\\Temp\\\\aiboard-production-one-shot-bqXwc0"}
# Subtest: process public family maps restart outcome_unknown and retains cleanup ownership
ok 120 - process public family maps restart outcome_unknown and retains cleanup ownership
  ---
  duration_ms: 265.6359
  type: 'test'
  ...
# C5 CLI root: {"event":"created","path":"C:\\\\Users\\\\b_a_s\\\\AppData\\\\Local\\\\Temp\\\\aiboard-evidence-e05136bd-6ffd-44a2-b533-bf706345fc64-X5rvSv"}
# C5 CLI root: {"event":"created","path":"C:\\\\Users\\\\b_a_s\\\\AppData\\\\Local\\\\Temp\\\\aiboard-production-one-shot-jQt6Mn"}
# Subtest: evidence public family times out and cleans a TERM-ignoring grandchild
ok 121 - evidence public family times out and cleans a TERM-ignoring grandchild
  ---
  duration_ms: 7725.3319
  type: 'test'
  ...
# C5 CLI root: {"event":"created","path":"C:\\\\Users\\\\b_a_s\\\\AppData\\\\Local\\\\Temp\\\\aiboard-evidence-d8348793-d60b-4aed-a920-cea2552b291f-5Lt0Sf"}
# C5 CLI root: {"event":"created","path":"C:\\\\Users\\\\b_a_s\\\\AppData\\\\Local\\\\Temp\\\\aiboard-production-one-shot-X9dFnD"}
# Subtest: evidence public family cancellation cleans its TERM-ignoring grandchild
ok 122 - evidence public family cancellation cleans its TERM-ignoring grandchild
  ---
  duration_ms: 1682.2213
  type: 'test'
  ...
# C5 CLI root: {"event":"created","path":"C:\\\\Users\\\\b_a_s\\\\AppData\\\\Local\\\\Temp\\\\aiboard-evidence-2a8943bb-fe9b-4a0b-9298-1e66e233c287-ZiJfOv"}
# C5 CLI root: {"event":"created","path":"C:\\\\Users\\\\b_a_s\\\\AppData\\\\Local\\\\Temp\\\\aiboard-production-one-shot-VtlM7w"}
# Subtest: evidence public family maps strict capability failure before launch
ok 123 - evidence public family maps strict capability failure before launch
  ---
  duration_ms: 60.9203
  type: 'test'
  ...
# C5 CLI root: {"event":"created","path":"C:\\\\Users\\\\b_a_s\\\\AppData\\\\Local\\\\Temp\\\\aiboard-final-verification-21d6fad5-6227-4725-970e-5bcada7e2e32-K9JUmk"}
# C5 CLI root: {"event":"created","path":"C:\\\\Users\\\\b_a_s\\\\AppData\\\\Local\\\\Temp\\\\aiboard-production-one-shot-yUN9wG"}
# Subtest: evidence public family maps restart outcome_unknown and retains cleanup ownership
ok 124 - evidence public family maps restart outcome_unknown and retains cleanup ownership
  ---
  duration_ms: 291.3315
  type: 'test'
  ...
# C5 CLI root: {"event":"created","path":"C:\\\\Users\\\\b_a_s\\\\AppData\\\\Local\\\\Temp\\\\aiboard-final-verification-3da21e6f-ae4a-4924-a0c9-a5d054ebaaf0-9M39ih"}
# C5 CLI root: {"event":"created","path":"C:\\\\Users\\\\b_a_s\\\\AppData\\\\Local\\\\Temp\\\\aiboard-production-one-shot-QnwaWJ"}
# Subtest: final-verification public family times out and cleans a TERM-ignoring grandchild
ok 125 - final-verification public family times out and cleans a TERM-ignoring grandchild
  ---
  duration_ms: 9295.4154
  type: 'test'
  ...
# C5 CLI root: {"event":"created","path":"C:\\\\Users\\\\b_a_s\\\\AppData\\\\Local\\\\Temp\\\\aiboard-final-verification-46c2afd8-8401-4b77-8104-f13dfa44b162-Qw5RMq"}
# C5 CLI root: {"event":"created","path":"C:\\\\Users\\\\b_a_s\\\\AppData\\\\Local\\\\Temp\\\\aiboard-production-one-shot-avkDAK"}
# Subtest: final-verification public family cancellation cleans its TERM-ignoring grandchild
ok 126 - final-verification public family cancellation cleans its TERM-ignoring grandchild
  ---
  duration_ms: 2779.3467
  type: 'test'
  ...
# C5 CLI root: {"event":"created","path":"C:\\\\Users\\\\b_a_s\\\\AppData\\\\Local\\\\Temp\\\\aiboard-final-verification-7d018c31-dc09-49a2-8df8-27b395e15769-tAOGCt"}
# C5 CLI root: {"event":"created","path":"C:\\\\Users\\\\b_a_s\\\\AppData\\\\Local\\\\Temp\\\\aiboard-production-one-shot-4cDGWs"}
# Subtest: final-verification public family maps strict capability failure before launch
ok 127 - final-verification public family maps strict capability failure before launch
  ---
  duration_ms: 1469.7176
  type: 'test'
  ...
# C5 CLI root: {"event":"created","path":"C:\\\\Users\\\\b_a_s\\\\AppData\\\\Local\\\\Temp\\\\aiboard-process-b989b7e3-82cd-4201-ac14-f62c94ddaa97-6uwuRI"}
# C5 CLI root: {"event":"created","path":"C:\\\\Users\\\\b_a_s\\\\AppData\\\\Local\\\\Temp\\\\aiboard-production-one-shot-p2BYd7"}
# Subtest: final-verification public family maps restart outcome_unknown and retains cleanup ownership
ok 128 - final-verification public family maps restart outcome_unknown and retains cleanup ownership
  ---
  duration_ms: 1668.3491
  type: 'test'
  ...
# C5 CLI root: {"event":"created","path":"C:\\\\Users\\\\b_a_s\\\\AppData\\\\Local\\\\Temp\\\\aiboard-process-0b8af7d3-9c6d-45a0-82ad-725935db0535-sTA5MM"}
# C5 CLI root: {"event":"created","path":"C:\\\\Users\\\\b_a_s\\\\AppData\\\\Local\\\\Temp\\\\aiboard-production-one-shot-ScXeZ4"}
# Subtest: process public family queues cancellation after workload start but before durable bind
ok 129 - process public family queues cancellation after workload start but before durable bind
  ---
  duration_ms: 1087.6045
  type: 'test'
  ...
# Subtest: process public family queues timeout after workload start but before durable bind
ok 130 - process public family queues timeout after workload start but before durable bind
  ---
  duration_ms: 1765.0682
  type: 'test'
  ...
# C5 CLI root: {"event":"exit","path":"C:\\\\Users\\\\b_a_s\\\\AppData\\\\Local\\\\Temp\\\\aiboard-process-6cdc8d8f-ff62-4663-a51f-1e2b08bdb3d4-B6wE8j","existsAtExit":false}
# C5 CLI root: {"event":"exit","path":"C:\\\\Users\\\\b_a_s\\\\AppData\\\\Local\\\\Temp\\\\aiboard-production-one-shot-LsKvRr","existsAtExit":false}
# C5 CLI root: {"event":"exit","path":"C:\\\\Users\\\\b_a_s\\\\AppData\\\\Local\\\\Temp\\\\aiboard-process-4fa0f4e3-a44c-4d85-af7b-780a208c0f1f-fIiBGu","existsAtExit":false}
# C5 CLI root: {"event":"exit","path":"C:\\\\Users\\\\b_a_s\\\\AppData\\\\Local\\\\Temp\\\\aiboard-production-one-shot-EQ17Zd","existsAtExit":false}
# C5 CLI root: {"event":"exit","path":"C:\\\\Users\\\\b_a_s\\\\AppData\\\\Local\\\\Temp\\\\aiboard-process-6200796c-090a-40b1-b285-826653404e59-iTYQPd","existsAtExit":false}
# C5 CLI root: {"event":"exit","path":"C:\\\\Users\\\\b_a_s\\\\AppData\\\\Local\\\\Temp\\\\aiboard-production-one-shot-jKRKfw","existsAtExit":false}
# C5 CLI root: {"event":"exit","path":"C:\\\\Users\\\\b_a_s\\\\AppData\\\\Local\\\\Temp\\\\aiboard-process-5fc8e78d-fbcb-4834-bb74-ac99552fb8d3-T1CeNl","existsAtExit":false}
# C5 CLI root: {"event":"exit","path":"C:\\\\Users\\\\b_a_s\\\\AppData\\\\Local\\\\Temp\\\\aiboard-production-one-shot-1ZNY4h","existsAtExit":false}
# C5 CLI root: {"event":"exit","path":"C:\\\\Users\\\\b_a_s\\\\AppData\\\\Local\\\\Temp\\\\aiboard-evidence-5700b0d5-d5bd-4246-9378-50a1022a9405-Yb4zQJ","existsAtExit":false}
# C5 CLI root: {"event":"exit","path":"C:\\\\Users\\\\b_a_s\\\\AppData\\\\Local\\\\Temp\\\\aiboard-production-one-shot-bqXwc0","existsAtExit":false}
# C5 CLI root: {"event":"exit","path":"C:\\\\Users\\\\b_a_s\\\\AppData\\\\Local\\\\Temp\\\\aiboard-evidence-e05136bd-6ffd-44a2-b533-bf706345fc64-X5rvSv","existsAtExit":false}
# C5 CLI root: {"event":"exit","path":"C:\\\\Users\\\\b_a_s\\\\AppData\\\\Local\\\\Temp\\\\aiboard-production-one-shot-jQt6Mn","existsAtExit":false}
# C5 CLI root: {"event":"exit","path":"C:\\\\Users\\\\b_a_s\\\\AppData\\\\Local\\\\Temp\\\\aiboard-evidence-d8348793-d60b-4aed-a920-cea2552b291f-5Lt0Sf","existsAtExit":false}
# C5 CLI root: {"event":"exit","path":"C:\\\\Users\\\\b_a_s\\\\AppData\\\\Local\\\\Temp\\\\aiboard-production-one-shot-X9dFnD","existsAtExit":false}
# C5 CLI root: {"event":"exit","path":"C:\\\\Users\\\\b_a_s\\\\AppData\\\\Local\\\\Temp\\\\aiboard-evidence-2a8943bb-fe9b-4a0b-9298-1e66e233c287-ZiJfOv","existsAtExit":false}
# C5 CLI root: {"event":"exit","path":"C:\\\\Users\\\\b_a_s\\\\AppData\\\\Local\\\\Temp\\\\aiboard-production-one-shot-VtlM7w","existsAtExit":false}
# C5 CLI root: {"event":"exit","path":"C:\\\\Users\\\\b_a_s\\\\AppData\\\\Local\\\\Temp\\\\aiboard-final-verification-21d6fad5-6227-4725-970e-5bcada7e2e32-K9JUmk","existsAtExit":false}
# C5 CLI root: {"event":"exit","path":"C:\\\\Users\\\\b_a_s\\\\AppData\\\\Local\\\\Temp\\\\aiboard-production-one-shot-yUN9wG","existsAtExit":false}
# C5 CLI root: {"event":"exit","path":"C:\\\\Users\\\\b_a_s\\\\AppData\\\\Local\\\\Temp\\\\aiboard-final-verification-3da21e6f-ae4a-4924-a0c9-a5d054ebaaf0-9M39ih","existsAtExit":false}
# C5 CLI root: {"event":"exit","path":"C:\\\\Users\\\\b_a_s\\\\AppData\\\\Local\\\\Temp\\\\aiboard-production-one-shot-QnwaWJ","existsAtExit":false}
# C5 CLI root: {"event":"exit","path":"C:\\\\Users\\\\b_a_s\\\\AppData\\\\Local\\\\Temp\\\\aiboard-final-verification-46c2afd8-8401-4b77-8104-f13dfa44b162-Qw5RMq","existsAtExit":false}
# C5 CLI root: {"event":"exit","path":"C:\\\\Users\\\\b_a_s\\\\AppData\\\\Local\\\\Temp\\\\aiboard-production-one-shot-avkDAK","existsAtExit":false}
# C5 CLI root: {"event":"exit","path":"C:\\\\Users\\\\b_a_s\\\\AppData\\\\Local\\\\Temp\\\\aiboard-final-verification-7d018c31-dc09-49a2-8df8-27b395e15769-tAOGCt","existsAtExit":false}
# C5 CLI root: {"event":"exit","path":"C:\\\\Users\\\\b_a_s\\\\AppData\\\\Local\\\\Temp\\\\aiboard-production-one-shot-4cDGWs","existsAtExit":false}
# C5 CLI root: {"event":"exit","path":"C:\\\\Users\\\\b_a_s\\\\AppData\\\\Local\\\\Temp\\\\aiboard-process-b989b7e3-82cd-4201-ac14-f62c94ddaa97-6uwuRI","existsAtExit":false}
# C5 CLI root: {"event":"exit","path":"C:\\\\Users\\\\b_a_s\\\\AppData\\\\Local\\\\Temp\\\\aiboard-production-one-shot-p2BYd7","existsAtExit":false}
# C5 CLI root: {"event":"exit","path":"C:\\\\Users\\\\b_a_s\\\\AppData\\\\Local\\\\Temp\\\\aiboard-process-0b8af7d3-9c6d-45a0-82ad-725935db0535-sTA5MM","existsAtExit":false}
# C5 CLI root: {"event":"exit","path":"C:\\\\Users\\\\b_a_s\\\\AppData\\\\Local\\\\Temp\\\\aiboard-production-one-shot-ScXeZ4","existsAtExit":false}
# Subtest: one-shot command families have no native execution escape route
ok 131 - one-shot command families have no native execution escape route
  ---
  duration_ms: 45.5175
  type: 'test'
  ...
# Subtest: native factory owns one shared executor graph and injects it into worker and verification
ok 132 - native factory owns one shared executor graph and injects it into worker and verification
  ---
  duration_ms: 0.9251
  type: 'test'
  ...
# C5 CLI root: {"event":"created","path":"C:\\\\Users\\\\b_a_s\\\\AppData\\\\Local\\\\Temp\\\\p6-command-capture-l9KHv9"}
# Subtest: bounded command capture complete never turns storage loss into partial protocol success
ok 133 - bounded command capture complete never turns storage loss into partial protocol success
  ---
  duration_ms: 7.4702
  type: 'test'
  ...
# exact synthetic capture fixture acquired: C:\\Users\\b_a_s\\AppData\\Local\\Temp\\p6-command-capture-l9KHv9
# exact capture fixture removed: C:\\Users\\b_a_s\\AppData\\Local\\Temp\\p6-command-capture-l9KHv9
# C5 CLI root: {"event":"created","path":"C:\\\\Users\\\\b_a_s\\\\AppData\\\\Local\\\\Temp\\\\p6-command-capture-3kjP16"}
# Subtest: bounded command capture overflow never turns storage loss into partial protocol success
ok 134 - bounded command capture overflow never turns storage loss into partial protocol success
  ---
  duration_ms: 1.5372
  type: 'test'
  ...
# exact synthetic capture fixture acquired: C:\\Users\\b_a_s\\AppData\\Local\\Temp\\p6-command-capture-3kjP16
# exact capture fixture removed: C:\\Users\\b_a_s\\AppData\\Local\\Temp\\p6-command-capture-3kjP16
# C5 CLI root: {"event":"created","path":"C:\\\\Users\\\\b_a_s\\\\AppData\\\\Local\\\\Temp\\\\p6-command-capture-n0rCpz"}
# Subtest: bounded command capture incomplete-observation never turns storage loss into partial protocol success
ok 135 - bounded command capture incomplete-observation never turns storage loss into partial protocol success
  ---
  duration_ms: 1.3501
  type: 'test'
  ...
# exact synthetic capture fixture acquired: C:\\Users\\b_a_s\\AppData\\Local\\Temp\\p6-command-capture-n0rCpz
# exact capture fixture removed: C:\\Users\\b_a_s\\AppData\\Local\\Temp\\p6-command-capture-n0rCpz
# C5 CLI root: {"event":"created","path":"C:\\\\Users\\\\b_a_s\\\\AppData\\\\Local\\\\Temp\\\\p6-command-capture-YSWSYk"}
# Subtest: bounded command capture disabled never turns storage loss into partial protocol success
ok 136 - bounded command capture disabled never turns storage loss into partial protocol success
  ---
  duration_ms: 1.4037
  type: 'test'
  ...
# exact synthetic capture fixture acquired: C:\\Users\\b_a_s\\AppData\\Local\\Temp\\p6-command-capture-YSWSYk
# exact capture fixture removed: C:\\Users\\b_a_s\\AppData\\Local\\Temp\\p6-command-capture-YSWSYk
# C5 CLI root: {"event":"created","path":"C:\\\\Users\\\\b_a_s\\\\AppData\\\\Local\\\\Temp\\\\p6-command-capture-PNTACq"}
# Subtest: bounded command capture invalid-bound never turns storage loss into partial protocol success
ok 137 - bounded command capture invalid-bound never turns storage loss into partial protocol success
  ---
  duration_ms: 1.9323
  type: 'test'
  ...
# exact synthetic capture fixture acquired: C:\\Users\\b_a_s\\AppData\\Local\\Temp\\p6-command-capture-PNTACq
# exact capture fixture removed: C:\\Users\\b_a_s\\AppData\\Local\\Temp\\p6-command-capture-PNTACq
# C5 CLI root: {"event":"exit","path":"C:\\\\Users\\\\b_a_s\\\\AppData\\\\Local\\\\Temp\\\\p6-command-capture-l9KHv9","existsAtExit":false}
# C5 CLI root: {"event":"exit","path":"C:\\\\Users\\\\b_a_s\\\\AppData\\\\Local\\\\Temp\\\\p6-command-capture-3kjP16","existsAtExit":false}
# C5 CLI root: {"event":"exit","path":"C:\\\\Users\\\\b_a_s\\\\AppData\\\\Local\\\\Temp\\\\p6-command-capture-n0rCpz","existsAtExit":false}
# C5 CLI root: {"event":"exit","path":"C:\\\\Users\\\\b_a_s\\\\AppData\\\\Local\\\\Temp\\\\p6-command-capture-YSWSYk","existsAtExit":false}
# C5 CLI root: {"event":"exit","path":"C:\\\\Users\\\\b_a_s\\\\AppData\\\\Local\\\\Temp\\\\p6-command-capture-PNTACq","existsAtExit":false}
# C5 CLI root: {"event":"created","path":"C:\\\\Users\\\\b_a_s\\\\AppData\\\\Local\\\\Temp\\\\aiboard-task11-manager-g0zbdZ"}
# C5 CLI root: {"event":"created","path":"C:\\\\Users\\\\b_a_s\\\\AppData\\\\Local\\\\Temp\\\\aiboard-task11-control-jnUWcD"}
# Subtest: native Build manager exposes recovery only through the live handle
ok 138 - native Build manager exposes recovery only through the live handle
  ---
  duration_ms: 31.4212
  type: 'test'
  ...
# Subtest: control server recovery routes are authenticated, closed and serialize exact decisions
ok 139 - control server recovery routes are authenticated, closed and serialize exact decisions
  ---
  duration_ms: 91.8103
  type: 'test'
  ...
# Subtest: CLI connects the native Build recovery plane to the authenticated control server
ok 140 - CLI connects the native Build recovery plane to the authenticated control server
  ---
  duration_ms: 0.6058
  type: 'test'
  ...
# C5 CLI root: {"event":"exit","path":"C:\\\\Users\\\\b_a_s\\\\AppData\\\\Local\\\\Temp\\\\aiboard-task11-manager-g0zbdZ","existsAtExit":false}
# C5 CLI root: {"event":"exit","path":"C:\\\\Users\\\\b_a_s\\\\AppData\\\\Local\\\\Temp\\\\aiboard-task11-control-jnUWcD","existsAtExit":false}
# Subtest: execution disclosure names Full bypass, backend semantics, output loss and unresolved recovery
ok 141 - execution disclosure names Full bypass, backend semantics, output loss and unresolved recovery
  ---
  duration_ms: 1.2408
  type: 'test'
  ...
# Subtest: execution disclosure never upgrades absent or partial facts into confinement
ok 142 - execution disclosure never upgrades absent or partial facts into confinement
  ---
  duration_ms: 0.1854
  type: 'test'
  ...
# C5 CLI root: {"event":"created","path":"C:\\\\Users\\\\b_a_s\\\\AppData\\\\Local\\\\Temp\\\\aiboard-task11-kernel-2qOSK9"}
# C5 CLI root: {"event":"created","path":"C:\\\\Users\\\\b_a_s\\\\AppData\\\\Local\\\\Temp\\\\aiboard-task11-kernel-dOsRTW"}
# Subtest: exceptional kernel requires an actual original-authority grant, not an approval boolean
ok 143 - exceptional kernel requires an actual original-authority grant, not an approval boolean
  ---
  duration_ms: 49.8578
  type: 'test'
  ...
# C5 CLI root: {"event":"created","path":"C:\\\\Users\\\\b_a_s\\\\AppData\\\\Local\\\\Temp\\\\aiboard-task11-kernel-Y4vIfy"}
# Subtest: exceptional kernel snapshots inspect action before yielding
ok 144 - exceptional kernel snapshots inspect action before yielding
  ---
  duration_ms: 72.5963
  type: 'test'
  ...
# C5 CLI root: {"event":"created","path":"C:\\\\Users\\\\b_a_s\\\\AppData\\\\Local\\\\Temp\\\\aiboard-task11-kernel-dfSREw"}
# Subtest: exceptional kernel revocation while reattesting blocks later native effects
ok 145 - exceptional kernel revocation while reattesting blocks later native effects
  ---
  duration_ms: 53.2566
  type: 'test'
  ...
# C5 CLI root: {"event":"created","path":"C:\\\\Users\\\\b_a_s\\\\AppData\\\\Local\\\\Temp\\\\aiboard-task11-kernel-2ZigJj"}
# Subtest: exceptional kernel cleanup uses the ordinary output-finalize and backend-release path
ok 146 - exceptional kernel cleanup uses the ordinary output-finalize and backend-release path
  ---
  duration_ms: 166.4372
  type: 'test'
  ...
# C5 CLI root: {"event":"created","path":"C:\\\\Users\\\\b_a_s\\\\AppData\\\\Local\\\\Temp\\\\aiboard-task11-kernel-iqccJg"}
# Subtest: exceptional kernel false emptiness is non-green and has no unconsumed verification effect
ok 147 - exceptional kernel false emptiness is non-green and has no unconsumed verification effect
  ---
  duration_ms: 134.1351
  type: 'test'
  ...
# C5 CLI root: {"event":"created","path":"C:\\\\Users\\\\b_a_s\\\\AppData\\\\Local\\\\Temp\\\\aiboard-task11-kernel-bj19wc"}
# Subtest: exceptional kernel binds its grant to the original action and complete target
ok 148 - exceptional kernel binds its grant to the original action and complete target
  ---
  duration_ms: 40.4513
  type: 'test'
  ...
# C5 CLI root: {"event":"created","path":"C:\\\\Users\\\\b_a_s\\\\AppData\\\\Local\\\\Temp\\\\aiboard-task11-kernel-8zQRkE"}
# Subtest: exceptional kernel refuses an expired native proposal before any probe
ok 149 - exceptional kernel refuses an expired native proposal before any probe
  ---
  duration_ms: 40.9806
  type: 'test'
  ...
# Subtest: exceptional kernel revocation after reconciliation prevents signal escalation
ok 150 - exceptional kernel revocation after reconciliation prevents signal escalation
  ---
  duration_ms: 62.234
  type: 'test'
  ...
# C5 CLI root: {"event":"exit","path":"C:\\\\Users\\\\b_a_s\\\\AppData\\\\Local\\\\Temp\\\\aiboard-task11-kernel-2qOSK9","existsAtExit":false}
# C5 CLI root: {"event":"exit","path":"C:\\\\Users\\\\b_a_s\\\\AppData\\\\Local\\\\Temp\\\\aiboard-task11-kernel-dOsRTW","existsAtExit":false}
# C5 CLI root: {"event":"exit","path":"C:\\\\Users\\\\b_a_s\\\\AppData\\\\Local\\\\Temp\\\\aiboard-task11-kernel-Y4vIfy","existsAtExit":false}
# C5 CLI root: {"event":"exit","path":"C:\\\\Users\\\\b_a_s\\\\AppData\\\\Local\\\\Temp\\\\aiboard-task11-kernel-dfSREw","existsAtExit":false}
# C5 CLI root: {"event":"exit","path":"C:\\\\Users\\\\b_a_s\\\\AppData\\\\Local\\\\Temp\\\\aiboard-task11-kernel-2ZigJj","existsAtExit":false}
# C5 CLI root: {"event":"exit","path":"C:\\\\Users\\\\b_a_s\\\\AppData\\\\Local\\\\Temp\\\\aiboard-task11-kernel-iqccJg","existsAtExit":false}
# C5 CLI root: {"event":"exit","path":"C:\\\\Users\\\\b_a_s\\\\AppData\\\\Local\\\\Temp\\\\aiboard-task11-kernel-bj19wc","existsAtExit":false}
# C5 CLI root: {"event":"exit","path":"C:\\\\Users\\\\b_a_s\\\\AppData\\\\Local\\\\Temp\\\\aiboard-task11-kernel-8zQRkE","existsAtExit":false}
# Subtest: ordinary process lifecycle has no model invocation dependency
ok 151 - ordinary process lifecycle has no model invocation dependency
  ---
  duration_ms: 3.6297
  type: 'test'
  ...
# Subtest: only exceptional recovery composition can construct the proposal model generator
ok 152 - only exceptional recovery composition can construct the proposal model generator
  ---
  duration_ms: 18.9889
  type: 'test'
  ...
# Subtest: ordinary execution host never dispatches exceptional recovery implicitly
ok 153 - ordinary execution host never dispatches exceptional recovery implicitly
  ---
  duration_ms: 0.9304
  type: 'test'
  ...
# C5 CLI root: {"event":"created","path":"C:\\\\Users\\\\b_a_s\\\\AppData\\\\Local\\\\Temp\\\\aiboard-task11-recovery-ZwlzTR"}
# C5 CLI root: {"event":"created","path":"C:\\\\Users\\\\b_a_s\\\\AppData\\\\Local\\\\Temp\\\\aiboard-task11-recovery-0TgspF"}
# C5 CLI root: {"event":"created","path":"C:\\\\Users\\\\b_a_s\\\\AppData\\\\Local\\\\Temp\\\\aiboard-task11-recovery-M4wfQW"}
# C5 CLI root: {"event":"created","path":"C:\\\\Users\\\\b_a_s\\\\AppData\\\\Local\\\\Temp\\\\aiboard-task11-recovery-Ihlbep"}
# C5 CLI root: {"event":"created","path":"C:\\\\Users\\\\b_a_s\\\\AppData\\\\Local\\\\Temp\\\\aiboard-task11-recovery-mMQDI9"}
# C5 CLI root: {"event":"created","path":"C:\\\\Users\\\\b_a_s\\\\AppData\\\\Local\\\\Temp\\\\aiboard-task11-recovery-2KGLBW"}
# C5 CLI root: {"event":"created","path":"C:\\\\Users\\\\b_a_s\\\\AppData\\\\Local\\\\Temp\\\\aiboard-task11-recovery-jVCoP0"}
# C5 CLI root: {"event":"created","path":"C:\\\\Users\\\\b_a_s\\\\AppData\\\\Local\\\\Temp\\\\aiboard-task11-recovery-bfoRGi"}
# C5 CLI root: {"event":"created","path":"C:\\\\Users\\\\b_a_s\\\\AppData\\\\Local\\\\Temp\\\\aiboard-task11-recovery-IVGAv9"}
# C5 CLI root: {"event":"created","path":"C:\\\\Users\\\\b_a_s\\\\AppData\\\\Local\\\\Temp\\\\aiboard-task11-recovery-3hmUuV"}
# C5 CLI root: {"event":"created","path":"C:\\\\Users\\\\b_a_s\\\\AppData\\\\Local\\\\Temp\\\\aiboard-task11-recovery-6Rbg9j"}
# C5 CLI root: {"event":"created","path":"C:\\\\Users\\\\b_a_s\\\\AppData\\\\Local\\\\Temp\\\\aiboard-task11-recovery-Dg5F7G"}
# C5 CLI root: {"event":"created","path":"C:\\\\Users\\\\b_a_s\\\\AppData\\\\Local\\\\Temp\\\\aiboard-task11-recovery-qHLsj8"}
# C5 CLI root: {"event":"created","path":"C:\\\\Users\\\\b_a_s\\\\AppData\\\\Local\\\\Temp\\\\aiboard-task11-recovery-bXnLwq"}
# C5 CLI root: {"event":"created","path":"C:\\\\Users\\\\b_a_s\\\\AppData\\\\Local\\\\Temp\\\\aiboard-task11-recovery-oZrlbM"}
# C5 CLI root: {"event":"created","path":"C:\\\\Users\\\\b_a_s\\\\AppData\\\\Local\\\\Temp\\\\aiboard-task11-recovery-UJzlhF"}
# C5 CLI root: {"event":"created","path":"C:\\\\Users\\\\b_a_s\\\\AppData\\\\Local\\\\Temp\\\\aiboard-task11-recovery-RgQWsW"}
# C5 CLI root: {"event":"created","path":"C:\\\\Users\\\\b_a_s\\\\AppData\\\\Local\\\\Temp\\\\aiboard-task11-recovery-KMQX5v"}
# C5 CLI root: {"event":"created","path":"C:\\\\Users\\\\b_a_s\\\\AppData\\\\Local\\\\Temp\\\\aiboard-task11-recovery-Hieq4A"}
# C5 CLI root: {"event":"created","path":"C:\\\\Users\\\\b_a_s\\\\AppData\\\\Local\\\\Temp\\\\aiboard-task11-recovery-UpLmio"}
# C5 CLI root: {"event":"created","path":"C:\\\\Users\\\\b_a_s\\\\AppData\\\\Local\\\\Temp\\\\aiboard-task11-recovery-qH6jjC"}
# C5 CLI root: {"event":"created","path":"C:\\\\Users\\\\b_a_s\\\\AppData\\\\Local\\\\Temp\\\\aiboard-task11-recovery-56FVqS"}
# C5 CLI root: {"event":"created","path":"C:\\\\Users\\\\b_a_s\\\\AppData\\\\Local\\\\Temp\\\\aiboard-task11-recovery-uHVqt1"}
# C5 CLI root: {"event":"created","path":"C:\\\\Users\\\\b_a_s\\\\AppData\\\\Local\\\\Temp\\\\aiboard-task11-recovery-VNU1wd"}
# C5 CLI root: {"event":"created","path":"C:\\\\Users\\\\b_a_s\\\\AppData\\\\Local\\\\Temp\\\\aiboard-task11-recovery-kBtsSj"}
# C5 CLI root: {"event":"created","path":"C:\\\\Users\\\\b_a_s\\\\AppData\\\\Local\\\\Temp\\\\aiboard-task11-recovery-AGu0t1"}
# C5 CLI root: {"event":"created","path":"C:\\\\Users\\\\b_a_s\\\\AppData\\\\Local\\\\Temp\\\\aiboard-task11-recovery-anKio4"}
# C5 CLI root: {"event":"created","path":"C:\\\\Users\\\\b_a_s\\\\AppData\\\\Local\\\\Temp\\\\aiboard-task11-recovery-r0tG5Z"}
# C5 CLI root: {"event":"created","path":"C:\\\\Users\\\\b_a_s\\\\AppData\\\\Local\\\\Temp\\\\aiboard-task11-recovery-FjoIef"}
# C5 CLI root: {"event":"created","path":"C:\\\\Users\\\\b_a_s\\\\AppData\\\\Local\\\\Temp\\\\aiboard-task11-recovery-3XUCvM"}
# C5 CLI root: {"event":"created","path":"C:\\\\Users\\\\b_a_s\\\\AppData\\\\Local\\\\Temp\\\\aiboard-task11-recovery-V0e2N8"}
# C5 CLI root: {"event":"created","path":"C:\\\\Users\\\\b_a_s\\\\AppData\\\\Local\\\\Temp\\\\aiboard-task11-recovery-JPXMoG"}
# C5 CLI root: {"event":"created","path":"C:\\\\Users\\\\b_a_s\\\\AppData\\\\Local\\\\Temp\\\\aiboard-task11-recovery-mtIgNn"}
# C5 CLI root: {"event":"created","path":"C:\\\\Users\\\\b_a_s\\\\AppData\\\\Local\\\\Temp\\\\aiboard-task11-recovery-1ahuvG"}
# C5 CLI root: {"event":"created","path":"C:\\\\Users\\\\b_a_s\\\\AppData\\\\Local\\\\Temp\\\\aiboard-task11-recovery-g9Oujd"}
# C5 CLI root: {"event":"created","path":"C:\\\\Users\\\\b_a_s\\\\AppData\\\\Local\\\\Temp\\\\aiboard-task11-recovery-0kmNrA"}
# C5 CLI root: {"event":"created","path":"C:\\\\Users\\\\b_a_s\\\\AppData\\\\Local\\\\Temp\\\\aiboard-task11-recovery-usvZHL"}
# C5 CLI root: {"event":"created","path":"C:\\\\Users\\\\b_a_s\\\\AppData\\\\Local\\\\Temp\\\\aiboard-task11-recovery-ttECk5"}
# C5 CLI root: {"event":"created","path":"C:\\\\Users\\\\b_a_s\\\\AppData\\\\Local\\\\Temp\\\\aiboard-task11-recovery-VoTZnl"}
# C5 CLI root: {"event":"created","path":"C:\\\\Users\\\\b_a_s\\\\AppData\\\\Local\\\\Temp\\\\aiboard-task11-recovery-JbIM9B"}
# C5 CLI root: {"event":"created","path":"C:\\\\Users\\\\b_a_s\\\\AppData\\\\Local\\\\Temp\\\\aiboard-task11-adapter-Viz4ps"}
# Subtest: process recovery: routine state prepared cannot call a model or effect
ok 154 - process recovery: routine state prepared cannot call a model or effect
  ---
  duration_ms: 38.4518
  type: 'test'
  ...
# Subtest: process recovery: routine state launching cannot call a model or effect
ok 155 - process recovery: routine state launching cannot call a model or effect
  ---
  duration_ms: 23.9294
  type: 'test'
  ...
# Subtest: process recovery: routine state running cannot call a model or effect
ok 156 - process recovery: routine state running cannot call a model or effect
  ---
  duration_ms: 27.6525
  type: 'test'
  ...
# Subtest: process recovery: routine state stopping cannot call a model or effect
ok 157 - process recovery: routine state stopping cannot call a model or effect
  ---
  duration_ms: 25.3842
  type: 'test'
  ...
# Subtest: process recovery: routine state exited cannot call a model or effect
ok 158 - process recovery: routine state exited cannot call a model or effect
  ---
  duration_ms: 24.6178
  type: 'test'
  ...
# Subtest: process recovery: routine state verifying_empty cannot call a model or effect
ok 159 - process recovery: routine state verifying_empty cannot call a model or effect
  ---
  duration_ms: 26.0527
  type: 'test'
  ...
# Subtest: process recovery: routine state cleaned cannot call a model or effect
ok 160 - process recovery: routine state cleaned cannot call a model or effect
  ---
  duration_ms: 28.0314
  type: 'test'
  ...
# Subtest: process recovery: routine state cleanup_blocked cannot call a model or effect
ok 161 - process recovery: routine state cleanup_blocked cannot call a model or effect
  ---
  duration_ms: 26.8097
  type: 'test'
  ...
# Subtest: process recovery: exceptional orphaned accepts only a validated proposal
ok 162 - process recovery: exceptional orphaned accepts only a validated proposal
  ---
  duration_ms: 38.9502
  type: 'test'
  ...
# Subtest: process recovery: exceptional identity_mismatch accepts only a validated proposal
ok 163 - process recovery: exceptional identity_mismatch accepts only a validated proposal
  ---
  duration_ms: 44.2905
  type: 'test'
  ...
# Subtest: process recovery: exceptional backend_unavailable accepts only a validated proposal
ok 164 - process recovery: exceptional backend_unavailable accepts only a validated proposal
  ---
  duration_ms: 35.7815
  type: 'test'
  ...
# Subtest: process recovery: exceptional outcome_unknown accepts only a validated proposal
ok 165 - process recovery: exceptional outcome_unknown accepts only a validated proposal
  ---
  duration_ms: 36.1826
  type: 'test'
  ...
# Subtest: process recovery: changed runId is rejected before execution
ok 166 - process recovery: changed runId is rejected before execution
  ---
  duration_ms: 26.2162
  type: 'test'
  ...
# Subtest: process recovery: changed taskId is rejected before execution
ok 167 - process recovery: changed taskId is rejected before execution
  ---
  duration_ms: 22.0062
  type: 'test'
  ...
# Subtest: process recovery: changed sessionId is rejected before execution
ok 168 - process recovery: changed sessionId is rejected before execution
  ---
  duration_ms: 27.0972
  type: 'test'
  ...
# Subtest: process recovery: changed invocationId is rejected before execution
ok 169 - process recovery: changed invocationId is rejected before execution
  ---
  duration_ms: 23.6617
  type: 'test'
  ...
# Subtest: process recovery: changed logicalProcessId is rejected before execution
ok 170 - process recovery: changed logicalProcessId is rejected before execution
  ---
  duration_ms: 25.7946
  type: 'test'
  ...
# Subtest: process recovery: changed ownerId is rejected before execution
ok 171 - process recovery: changed ownerId is rejected before execution
  ---
  duration_ms: 27.4466
  type: 'test'
  ...
# Subtest: process recovery: changed revision is rejected before execution
ok 172 - process recovery: changed revision is rejected before execution
  ---
  duration_ms: 25.2362
  type: 'test'
  ...
# Subtest: process recovery: changed fencingToken is rejected before execution
ok 173 - process recovery: changed fencingToken is rejected before execution
  ---
  duration_ms: 24.4916
  type: 'test'
  ...
# Subtest: process recovery: changed backendIdentity is rejected before execution
ok 174 - process recovery: changed backendIdentity is rejected before execution
  ---
  duration_ms: 26.5725
  type: 'test'
  ...
# Subtest: process recovery: changed birthFingerprint is rejected before execution
ok 175 - process recovery: changed birthFingerprint is rejected before execution
  ---
  duration_ms: 25.3744
  type: 'test'
  ...
# Subtest: process recovery: changed rootPid is rejected before execution
ok 176 - process recovery: changed rootPid is rejected before execution
  ---
  duration_ms: 25.4621
  type: 'test'
  ...
# Subtest: process recovery: same PID with recycled birth invalidates an authorized action
ok 177 - process recovery: same PID with recycled birth invalidates an authorized action
  ---
  duration_ms: 34.2436
  type: 'test'
  ...
# Subtest: process recovery: destructive action pauses and binds exact local-user approval
ok 178 - process recovery: destructive action pauses and binds exact local-user approval
  ---
  duration_ms: 47.8228
  type: 'test'
  ...
# Subtest: process recovery: rejects expired authority
ok 179 - process recovery: rejects expired authority
  ---
  duration_ms: 22.803
  type: 'test'
  ...
# Subtest: process recovery: rejects scope authority
ok 180 - process recovery: rejects scope authority
  ---
  duration_ms: 27.2872
  type: 'test'
  ...
# Subtest: process recovery: rejects call authority
ok 181 - process recovery: rejects call authority
  ---
  duration_ms: 22.3151
  type: 'test'
  ...
# Subtest: process recovery: rejects shell authority
ok 182 - process recovery: rejects shell authority
  ---
  duration_ms: 30.3136
  type: 'test'
  ...
# Subtest: process recovery: rejects capability authority
ok 183 - process recovery: rejects capability authority
  ---
  duration_ms: 26.166
  type: 'test'
  ...
# Subtest: process recovery: rejects ownership authority
ok 184 - process recovery: rejects ownership authority
  ---
  duration_ms: 21.5894
  type: 'test'
  ...
# Subtest: process recovery: rejects identity authority
ok 185 - process recovery: rejects identity authority
  ---
  duration_ms: 26.2886
  type: 'test'
  ...
# Subtest: process recovery: rejects pending authority
ok 186 - process recovery: rejects pending authority
  ---
  duration_ms: 28.8427
  type: 'test'
  ...
# Subtest: process recovery: durable replay executes at most once and stores no raw model secrets
ok 187 - process recovery: durable replay executes at most once and stores no raw model secrets
  ---
  duration_ms: 42.8234
  type: 'test'
  ...
# Subtest: process recovery: a terminate whose cleanup stays pending is never reported as executed
ok 188 - process recovery: a terminate whose cleanup stays pending is never reported as executed
  ---
  duration_ms: 39.2503
  type: 'test'
  ...
# Subtest: process recovery: a process with no durable backend identity refuses every action
ok 189 - process recovery: a process with no durable backend identity refuses every action
  ---
  duration_ms: 28.4645
  type: 'test'
  ...
# Subtest: process recovery: a failing generator yields a typed refusal and no durable record
ok 190 - process recovery: a failing generator yields a typed refusal and no durable record
  ---
  duration_ms: 24.9166
  type: 'test'
  ...
# Subtest: process recovery: a generator may not widen or retarget the validated scope
ok 191 - process recovery: a generator may not widen or retarget the validated scope
  ---
  duration_ms: 25.597
  type: 'test'
  ...
# Subtest: process recovery: concurrent execution requests share one durable claim
ok 192 - process recovery: concurrent execution requests share one durable claim
  ---
  duration_ms: 35.4144
  type: 'test'
  ...
# Subtest: process recovery: an in-flight claim observed after restart becomes outcome_unknown and never replays
ok 193 - process recovery: an in-flight claim observed after restart becomes outcome_unknown and never replays
  ---
  duration_ms: 39.3894
  type: 'test'
  ...
# C5 CLI root: {"event":"created","path":"C:\\\\Users\\\\b_a_s\\\\AppData\\\\Local\\\\Temp\\\\aiboard-task11-ownership-b7bLYB"}
# Subtest: process recovery: subprocess adapter issues one exact native recovery grant and revokes it
ok 194 - process recovery: subprocess adapter issues one exact native recovery grant and revokes it
  ---
  duration_ms: 12.2843
  type: 'test'
  ...
# Subtest: process recovery: adapter never invents ownership when the shared kernel refuses recovery
ok 195 - process recovery: adapter never invents ownership when the shared kernel refuses recovery
  ---
  duration_ms: 1.2666
  type: 'test'
  ...
# Subtest: process recovery: model generator cannot author scope, target, call identity or expiry
ok 196 - process recovery: model generator cannot author scope, target, call identity or expiry
  ---
  duration_ms: 0.457
  type: 'test'
  ...
# Subtest: process recovery: model generator rejects extra command/scope authority
ok 197 - process recovery: model generator rejects extra command/scope authority
  ---
  duration_ms: 0.1704
  type: 'test'
  ...
# C5 CLI root: {"event":"exit","path":"C:\\\\Users\\\\b_a_s\\\\AppData\\\\Local\\\\Temp\\\\aiboard-task11-recovery-ZwlzTR","existsAtExit":false}
# C5 CLI root: {"event":"exit","path":"C:\\\\Users\\\\b_a_s\\\\AppData\\\\Local\\\\Temp\\\\aiboard-task11-recovery-0TgspF","existsAtExit":false}
# C5 CLI root: {"event":"exit","path":"C:\\\\Users\\\\b_a_s\\\\AppData\\\\Local\\\\Temp\\\\aiboard-task11-recovery-M4wfQW","existsAtExit":false}
# C5 CLI root: {"event":"exit","path":"C:\\\\Users\\\\b_a_s\\\\AppData\\\\Local\\\\Temp\\\\aiboard-task11-recovery-Ihlbep","existsAtExit":false}
# C5 CLI root: {"event":"exit","path":"C:\\\\Users\\\\b_a_s\\\\AppData\\\\Local\\\\Temp\\\\aiboard-task11-recovery-mMQDI9","existsAtExit":false}
# C5 CLI root: {"event":"exit","path":"C:\\\\Users\\\\b_a_s\\\\AppData\\\\Local\\\\Temp\\\\aiboard-task11-recovery-2KGLBW","existsAtExit":false}
# C5 CLI root: {"event":"exit","path":"C:\\\\Users\\\\b_a_s\\\\AppData\\\\Local\\\\Temp\\\\aiboard-task11-recovery-jVCoP0","existsAtExit":false}
# C5 CLI root: {"event":"exit","path":"C:\\\\Users\\\\b_a_s\\\\AppData\\\\Local\\\\Temp\\\\aiboard-task11-recovery-bfoRGi","existsAtExit":false}
# C5 CLI root: {"event":"exit","path":"C:\\\\Users\\\\b_a_s\\\\AppData\\\\Local\\\\Temp\\\\aiboard-task11-recovery-IVGAv9","existsAtExit":false}
# C5 CLI root: {"event":"exit","path":"C:\\\\Users\\\\b_a_s\\\\AppData\\\\Local\\\\Temp\\\\aiboard-task11-recovery-3hmUuV","existsAtExit":false}
# C5 CLI root: {"event":"exit","path":"C:\\\\Users\\\\b_a_s\\\\AppData\\\\Local\\\\Temp\\\\aiboard-task11-recovery-6Rbg9j","existsAtExit":false}
# C5 CLI root: {"event":"exit","path":"C:\\\\Users\\\\b_a_s\\\\AppData\\\\Local\\\\Temp\\\\aiboard-task11-recovery-Dg5F7G","existsAtExit":false}
# C5 CLI root: {"event":"exit","path":"C:\\\\Users\\\\b_a_s\\\\AppData\\\\Local\\\\Temp\\\\aiboard-task11-recovery-qHLsj8","existsAtExit":false}
# C5 CLI root: {"event":"exit","path":"C:\\\\Users\\\\b_a_s\\\\AppData\\\\Local\\\\Temp\\\\aiboard-task11-recovery-bXnLwq","existsAtExit":false}
# C5 CLI root: {"event":"exit","path":"C:\\\\Users\\\\b_a_s\\\\AppData\\\\Local\\\\Temp\\\\aiboard-task11-recovery-oZrlbM","existsAtExit":false}
# C5 CLI root: {"event":"exit","path":"C:\\\\Users\\\\b_a_s\\\\AppData\\\\Local\\\\Temp\\\\aiboard-task11-recovery-UJzlhF","existsAtExit":false}
# C5 CLI root: {"event":"exit","path":"C:\\\\Users\\\\b_a_s\\\\AppData\\\\Local\\\\Temp\\\\aiboard-task11-recovery-RgQWsW","existsAtExit":false}
# C5 CLI root: {"event":"exit","path":"C:\\\\Users\\\\b_a_s\\\\AppData\\\\Local\\\\Temp\\\\aiboard-task11-recovery-KMQX5v","existsAtExit":false}
# C5 CLI root: {"event":"exit","path":"C:\\\\Users\\\\b_a_s\\\\AppData\\\\Local\\\\Temp\\\\aiboard-task11-recovery-Hieq4A","existsAtExit":false}
# C5 CLI root: {"event":"exit","path":"C:\\\\Users\\\\b_a_s\\\\AppData\\\\Local\\\\Temp\\\\aiboard-task11-recovery-UpLmio","existsAtExit":false}
# C5 CLI root: {"event":"exit","path":"C:\\\\Users\\\\b_a_s\\\\AppData\\\\Local\\\\Temp\\\\aiboard-task11-recovery-qH6jjC","existsAtExit":false}
# C5 CLI root: {"event":"exit","path":"C:\\\\Users\\\\b_a_s\\\\AppData\\\\Local\\\\Temp\\\\aiboard-task11-recovery-56FVqS","existsAtExit":false}
# C5 CLI root: {"event":"exit","path":"C:\\\\Users\\\\b_a_s\\\\AppData\\\\Local\\\\Temp\\\\aiboard-task11-recovery-uHVqt1","existsAtExit":false}
# C5 CLI root: {"event":"exit","path":"C:\\\\Users\\\\b_a_s\\\\AppData\\\\Local\\\\Temp\\\\aiboard-task11-recovery-VNU1wd","existsAtExit":false}
# C5 CLI root: {"event":"exit","path":"C:\\\\Users\\\\b_a_s\\\\AppData\\\\Local\\\\Temp\\\\aiboard-task11-recovery-kBtsSj","existsAtExit":false}
# C5 CLI root: {"event":"exit","path":"C:\\\\Users\\\\b_a_s\\\\AppData\\\\Local\\\\Temp\\\\aiboard-task11-recovery-AGu0t1","existsAtExit":false}
# C5 CLI root: {"event":"exit","path":"C:\\\\Users\\\\b_a_s\\\\AppData\\\\Local\\\\Temp\\\\aiboard-task11-recovery-anKio4","existsAtExit":false}
# C5 CLI root: {"event":"exit","path":"C:\\\\Users\\\\b_a_s\\\\AppData\\\\Local\\\\Temp\\\\aiboard-task11-recovery-r0tG5Z","existsAtExit":false}
# C5 CLI root: {"event":"exit","path":"C:\\\\Users\\\\b_a_s\\\\AppData\\\\Local\\\\Temp\\\\aiboard-task11-recovery-FjoIef","existsAtExit":false}
# C5 CLI root: {"event":"exit","path":"C:\\\\Users\\\\b_a_s\\\\AppData\\\\Local\\\\Temp\\\\aiboard-task11-recovery-3XUCvM","existsAtExit":false}
# C5 CLI root: {"event":"exit","path":"C:\\\\Users\\\\b_a_s\\\\AppData\\\\Local\\\\Temp\\\\aiboard-task11-recovery-V0e2N8","existsAtExit":false}
# C5 CLI root: {"event":"exit","path":"C:\\\\Users\\\\b_a_s\\\\AppData\\\\Local\\\\Temp\\\\aiboard-task11-recovery-JPXMoG","existsAtExit":false}
# C5 CLI root: {"event":"exit","path":"C:\\\\Users\\\\b_a_s\\\\AppData\\\\Local\\\\Temp\\\\aiboard-task11-recovery-mtIgNn","existsAtExit":false}
# C5 CLI root: {"event":"exit","path":"C:\\\\Users\\\\b_a_s\\\\AppData\\\\Local\\\\Temp\\\\aiboard-task11-recovery-1ahuvG","existsAtExit":false}
# C5 CLI root: {"event":"exit","path":"C:\\\\Users\\\\b_a_s\\\\AppData\\\\Local\\\\Temp\\\\aiboard-task11-recovery-g9Oujd","existsAtExit":false}
# C5 CLI root: {"event":"exit","path":"C:\\\\Users\\\\b_a_s\\\\AppData\\\\Local\\\\Temp\\\\aiboard-task11-recovery-0kmNrA","existsAtExit":false}
# C5 CLI root: {"event":"exit","path":"C:\\\\Users\\\\b_a_s\\\\AppData\\\\Local\\\\Temp\\\\aiboard-task11-recovery-usvZHL","existsAtExit":false}
# C5 CLI root: {"event":"exit","path":"C:\\\\Users\\\\b_a_s\\\\AppData\\\\Local\\\\Temp\\\\aiboard-task11-recovery-ttECk5","existsAtExit":false}
# C5 CLI root: {"event":"exit","path":"C:\\\\Users\\\\b_a_s\\\\AppData\\\\Local\\\\Temp\\\\aiboard-task11-recovery-VoTZnl","existsAtExit":false}
# C5 CLI root: {"event":"exit","path":"C:\\\\Users\\\\b_a_s\\\\AppData\\\\Local\\\\Temp\\\\aiboard-task11-recovery-JbIM9B","existsAtExit":false}
# C5 CLI root: {"event":"exit","path":"C:\\\\Users\\\\b_a_s\\\\AppData\\\\Local\\\\Temp\\\\aiboard-task11-adapter-Viz4ps","existsAtExit":false}
# C5 CLI root: {"event":"exit","path":"C:\\\\Users\\\\b_a_s\\\\AppData\\\\Local\\\\Temp\\\\aiboard-task11-ownership-b7bLYB","existsAtExit":false}
# C5 CLI root: {"event":"created","path":"C:\\\\Users\\\\b_a_s\\\\AppData\\\\Local\\\\Temp\\\\aiboard-runner-recovery-ELTnIn"}
# C5 CLI root: {"event":"created","path":"C:\\\\Users\\\\b_a_s\\\\AppData\\\\Local\\\\Temp\\\\aiboard-windows-semantic-duplex-VA8RQk"}
# C5 CLI root: {"event":"created","path":"C:\\\\Users\\\\b_a_s\\\\AppData\\\\Local\\\\Temp\\\\aiboard-windows-semantic-batch-MN55up"}
# C5 CLI root: {"event":"created","path":"C:\\\\Users\\\\b_a_s\\\\AppData\\\\Local\\\\Temp\\\\aiboard-windows-semantic-tree-BWeZ1q"}
# Subtest: CLI recovers a paused run and preserves event continuity after restart
ok 198 - CLI recovers a paused run and preserves event continuity after restart
  ---
  duration_ms: 40957.0395
  type: 'test'
  ...
# C5 CLI root: {"event":"exit","path":"C:\\\\Users\\\\b_a_s\\\\AppData\\\\Local\\\\Temp\\\\aiboard-runner-recovery-ELTnIn","existsAtExit":false}
# C5 CLI root: {"event":"created","path":"C:\\\\Users\\\\b_a_s\\\\AppData\\\\Local\\\\Temp\\\\aiboard-scheduler-policy-forgery-1QMOHj"}
# C5 CLI root: {"event":"created","path":"C:\\\\Users\\\\b_a_s\\\\AppData\\\\Local\\\\Temp\\\\aiboard-scheduler-plan-policy-OqsGXN"}
# C5 CLI root: {"event":"created","path":"C:\\\\Users\\\\b_a_s\\\\AppData\\\\Local\\\\Temp\\\\aiboard-scheduler-store-MVvhDG"}
# C5 CLI root: {"event":"created","path":"C:\\\\Users\\\\b_a_s\\\\AppData\\\\Local\\\\Temp\\\\aiboard-scheduler-pre-p1-wal-hvfJvG"}
# C5 CLI root: {"event":"created","path":"C:\\\\Users\\\\b_a_s\\\\AppData\\\\Local\\\\Temp\\\\aiboard-scheduler-replay-evidence-tLGEgz"}
# C5 CLI root: {"event":"created","path":"C:\\\\Users\\\\b_a_s\\\\AppData\\\\Local\\\\Temp\\\\aiboard-scheduler-append-evidence-store-riaeQe"}
# C5 CLI root: {"event":"created","path":"C:\\\\Users\\\\b_a_s\\\\AppData\\\\Local\\\\Temp\\\\aiboard-scheduler-replay-adversarial-evidence-x03HUU"}
# C5 CLI root: {"event":"created","path":"C:\\\\Users\\\\b_a_s\\\\AppData\\\\Local\\\\Temp\\\\aiboard-scheduler-replay-review-evidence-KJIKRx"}
# C5 CLI root: {"event":"created","path":"C:\\\\Users\\\\b_a_s\\\\AppData\\\\Local\\\\Temp\\\\aiboard-scheduler-acceptance-upgrade-AU0Kpi"}
# C5 CLI root: {"event":"created","path":"C:\\\\Users\\\\b_a_s\\\\AppData\\\\Local\\\\Temp\\\\aiboard-scheduler-legacy-completed-AuySwv"}
# C5 CLI root: {"event":"created","path":"C:\\\\Users\\\\b_a_s\\\\AppData\\\\Local\\\\Temp\\\\aiboard-scheduler-legacy-gate-boundary-U5DEOX"}
# C5 CLI root: {"event":"created","path":"C:\\\\Users\\\\b_a_s\\\\AppData\\\\Local\\\\Temp\\\\aiboard-scheduler-evidence-boundary-qZoVlJ"}
# C5 CLI root: {"event":"created","path":"C:\\\\Users\\\\b_a_s\\\\AppData\\\\Local\\\\Temp\\\\aiboard-scheduler-assigned-worker-required-9F4LdW"}
# C5 CLI root: {"event":"created","path":"C:\\\\Users\\\\b_a_s\\\\AppData\\\\Local\\\\Temp\\\\aiboard-scheduler-upgraded-worker-required-vAJB8a"}
# C5 CLI root: {"event":"created","path":"C:\\\\Users\\\\b_a_s\\\\AppData\\\\Local\\\\Temp\\\\aiboard-scheduler-worker-evidence-controls-dF7Ilq"}
# C5 CLI root: {"event":"created","path":"C:\\\\Users\\\\b_a_s\\\\AppData\\\\Local\\\\Temp\\\\aiboard-scheduler-retry-projection-UAH8zl"}
# C5 CLI root: {"event":"created","path":"C:\\\\Users\\\\b_a_s\\\\AppData\\\\Local\\\\Temp\\\\aiboard-scheduler-corrupt-hfDb9p"}
# C5 CLI root: {"event":"created","path":"C:\\\\Users\\\\b_a_s\\\\AppData\\\\Local\\\\Temp\\\\aiboard-scheduler-runtime-bXANi8"}
# C5 CLI root: {"event":"created","path":"C:\\\\Users\\\\b_a_s\\\\AppData\\\\Local\\\\Temp\\\\aiboard-scheduler-empty-handoff-MxamRC"}
# C5 CLI root: {"event":"created","path":"C:\\\\Users\\\\b_a_s\\\\AppData\\\\Local\\\\Temp\\\\aiboard-plan-reconcile-aNuINp"}
# C5 CLI root: {"event":"created","path":"C:\\\\Users\\\\b_a_s\\\\AppData\\\\Local\\\\Temp\\\\aiboard-plan-reconcile-invalid-FH1Dtp"}
# C5 CLI root: {"event":"created","path":"C:\\\\Users\\\\b_a_s\\\\AppData\\\\Local\\\\Temp\\\\aiboard-integration-revision-4oUtn5"}
# Subtest: Finish and Budgeted reject forged plan-only handoff payloads
ok 199 - Finish and Budgeted reject forged plan-only handoff payloads
  ---
  duration_ms: 37.0194
  type: 'test'
  ...
# Subtest: durable plan-only policy requires a plan and survives handoff replay
ok 200 - durable plan-only policy requires a plan and survives handoff replay
  ---
  duration_ms: 45.2132
  type: 'test'
  ...
# Subtest: scheduler events recover exact task and blocking-guidance state
ok 201 - scheduler events recover exact task and blocking-guidance state
  ---
  duration_ms: 36.2855
  type: 'test'
  ...
# Subtest: raw pre-P1 scheduler WAL fixtures preserve ordering and one legacy gate across reopens
ok 202 - raw pre-P1 scheduler WAL fixtures preserve ordering and one legacy gate across reopens
  ---
  duration_ms: 40.2311
  type: 'test'
  ...
# Subtest: raw scheduler replay rejects missing evidence and reopens valid exact evidence
ok 203 - raw scheduler replay rejects missing evidence and reopens valid exact evidence
  ---
  duration_ms: 79.7081
  type: 'test'
  ...
# Subtest: scheduler append fails closed when acceptance evidence lacks an authoritative store
ok 204 - scheduler append fails closed when acceptance evidence lacks an authoritative store
  ---
  duration_ms: 34.3988
  type: 'test'
  ...
# Subtest: raw scheduler replay rejects foreign owner, task, attempt, and artifact evidence
ok 205 - raw scheduler replay rejects foreign owner, task, attempt, and artifact evidence
  ---
  duration_ms: 177.1919
  type: 'test'
  ...
# Subtest: raw scheduler replay rejects review artifact hashes outside valid submitted evidence
ok 206 - raw scheduler replay rejects review artifact hashes outside valid submitted evidence
  ---
  duration_ms: 70.8845
  type: 'test'
  ...
# Subtest: legacy active runs require exactly one acceptance-contract upgrade before submission
ok 207 - legacy active runs require exactly one acceptance-contract upgrade before submission
  ---
  duration_ms: 50.046
  type: 'test'
  ...
# Subtest: legacy scheduler completion has no final-verification grandfathering
ok 208 - legacy scheduler completion has no final-verification grandfathering
  ---
  duration_ms: 27.5619
  type: 'test'
  ...
# Subtest: gated active legacy runs reject raw completion and handoff selection until upgrade
ok 209 - gated active legacy runs reject raw completion and handoff selection until upgrade
  ---
  duration_ms: 49.0688
  type: 'test'
  ...
# Subtest: durable submission rejects fabricated evidence IDs and hashes
ok 210 - durable submission rejects fabricated evidence IDs and hashes
  ---
  duration_ms: 58.1173
  type: 'test'
  ...
# Subtest: durable current criterion assignment requires an assigned worker identity
ok 211 - durable current criterion assignment requires an assigned worker identity
  ---
  duration_ms: 50.3978
  type: 'test'
  ...
# Subtest: durable submission rejects legacy worker absence after acceptance upgrade
ok 212 - durable submission rejects legacy worker absence after acceptance upgrade
  ---
  duration_ms: 292.9434
  type: 'test'
  ...
# Subtest: durable criterion submission permits only the assigned worker or an attributed descendant
ok 213 - durable criterion submission permits only the assigned worker or an attributed descendant
  ---
  duration_ms: 96.5367
  type: 'test'
  ...
# Subtest: retry clears the current acceptance projection while replay preserving versioned history
ok 214 - retry clears the current acceptance projection while replay preserving versioned history
  ---
  duration_ms: 68.9847
  type: 'test'
  ...
# Subtest: corrupt scheduler payload identifies the event
ok 215 - corrupt scheduler payload identifies the event
  ---
  duration_ms: 32.0814
  type: 'test'
  ...
# Subtest: runtime assignments, provider cooldown, and Architect handoff recover durably
ok 216 - runtime assignments, provider cooldown, and Architect handoff recover durably
  ---
  duration_ms: 51.2857
  type: 'test'
  ...
# Subtest: a durable Architect handoff always offers an explicit retry of the current runtime
ok 217 - a durable Architect handoff always offers an explicit retry of the current runtime
  ---
  duration_ms: 31.6642
  type: 'test'
  ...
# Subtest: Architect plan reconciliation atomically cancels stale work and rewires dependents
ok 218 - Architect plan reconciliation atomically cancels stale work and rewires dependents
  ---
  duration_ms: 29.7059
  type: 'test'
  ...
# Subtest: plan reconciliation rejects live dependencies on cancelled tasks
ok 219 - plan reconciliation rejects live dependencies on cancelled tasks
  ---
  duration_ms: 26.7861
  type: 'test'
  ...
# Subtest: projection records the most recently integrated revision
ok 220 - projection records the most recently integrated revision
  ---
  duration_ms: 30.3073
  type: 'test'
  ...
# C5 CLI root: {"event":"exit","path":"C:\\\\Users\\\\b_a_s\\\\AppData\\\\Local\\\\Temp\\\\aiboard-scheduler-policy-forgery-1QMOHj","existsAtExit":false}
# C5 CLI root: {"event":"exit","path":"C:\\\\Users\\\\b_a_s\\\\AppData\\\\Local\\\\Temp\\\\aiboard-scheduler-plan-policy-OqsGXN","existsAtExit":false}
# C5 CLI root: {"event":"exit","path":"C:\\\\Users\\\\b_a_s\\\\AppData\\\\Local\\\\Temp\\\\aiboard-scheduler-store-MVvhDG","existsAtExit":false}
# C5 CLI root: {"event":"exit","path":"C:\\\\Users\\\\b_a_s\\\\AppData\\\\Local\\\\Temp\\\\aiboard-scheduler-pre-p1-wal-hvfJvG","existsAtExit":false}
# C5 CLI root: {"event":"exit","path":"C:\\\\Users\\\\b_a_s\\\\AppData\\\\Local\\\\Temp\\\\aiboard-scheduler-replay-evidence-tLGEgz","existsAtExit":false}
# C5 CLI root: {"event":"exit","path":"C:\\\\Users\\\\b_a_s\\\\AppData\\\\Local\\\\Temp\\\\aiboard-scheduler-append-evidence-store-riaeQe","existsAtExit":false}
# C5 CLI root: {"event":"exit","path":"C:\\\\Users\\\\b_a_s\\\\AppData\\\\Local\\\\Temp\\\\aiboard-scheduler-replay-adversarial-evidence-x03HUU","existsAtExit":false}
# C5 CLI root: {"event":"exit","path":"C:\\\\Users\\\\b_a_s\\\\AppData\\\\Local\\\\Temp\\\\aiboard-scheduler-replay-review-evidence-KJIKRx","existsAtExit":false}
# C5 CLI root: {"event":"exit","path":"C:\\\\Users\\\\b_a_s\\\\AppData\\\\Local\\\\Temp\\\\aiboard-scheduler-acceptance-upgrade-AU0Kpi","existsAtExit":false}
# C5 CLI root: {"event":"exit","path":"C:\\\\Users\\\\b_a_s\\\\AppData\\\\Local\\\\Temp\\\\aiboard-scheduler-legacy-completed-AuySwv","existsAtExit":false}
# C5 CLI root: {"event":"exit","path":"C:\\\\Users\\\\b_a_s\\\\AppData\\\\Local\\\\Temp\\\\aiboard-scheduler-legacy-gate-boundary-U5DEOX","existsAtExit":false}
# C5 CLI root: {"event":"exit","path":"C:\\\\Users\\\\b_a_s\\\\AppData\\\\Local\\\\Temp\\\\aiboard-scheduler-evidence-boundary-qZoVlJ","existsAtExit":false}
# C5 CLI root: {"event":"exit","path":"C:\\\\Users\\\\b_a_s\\\\AppData\\\\Local\\\\Temp\\\\aiboard-scheduler-assigned-worker-required-9F4LdW","existsAtExit":false}
# C5 CLI root: {"event":"exit","path":"C:\\\\Users\\\\b_a_s\\\\AppData\\\\Local\\\\Temp\\\\aiboard-scheduler-upgraded-worker-required-vAJB8a","existsAtExit":false}
# C5 CLI root: {"event":"exit","path":"C:\\\\Users\\\\b_a_s\\\\AppData\\\\Local\\\\Temp\\\\aiboard-scheduler-worker-evidence-controls-dF7Ilq","existsAtExit":false}
# C5 CLI root: {"event":"exit","path":"C:\\\\Users\\\\b_a_s\\\\AppData\\\\Local\\\\Temp\\\\aiboard-scheduler-retry-projection-UAH8zl","existsAtExit":false}
# C5 CLI root: {"event":"exit","path":"C:\\\\Users\\\\b_a_s\\\\AppData\\\\Local\\\\Temp\\\\aiboard-scheduler-corrupt-hfDb9p","existsAtExit":false}
# C5 CLI root: {"event":"exit","path":"C:\\\\Users\\\\b_a_s\\\\AppData\\\\Local\\\\Temp\\\\aiboard-scheduler-runtime-bXANi8","existsAtExit":false}
# C5 CLI root: {"event":"exit","path":"C:\\\\Users\\\\b_a_s\\\\AppData\\\\Local\\\\Temp\\\\aiboard-scheduler-empty-handoff-MxamRC","existsAtExit":false}
# C5 CLI root: {"event":"exit","path":"C:\\\\Users\\\\b_a_s\\\\AppData\\\\Local\\\\Temp\\\\aiboard-plan-reconcile-aNuINp","existsAtExit":false}
# C5 CLI root: {"event":"exit","path":"C:\\\\Users\\\\b_a_s\\\\AppData\\\\Local\\\\Temp\\\\aiboard-plan-reconcile-invalid-FH1Dtp","existsAtExit":false}
# C5 CLI root: {"event":"exit","path":"C:\\\\Users\\\\b_a_s\\\\AppData\\\\Local\\\\Temp\\\\aiboard-integration-revision-4oUtn5","existsAtExit":false}
# C5 CLI root: {"event":"created","path":"C:\\\\Users\\\\b_a_s\\\\AppData\\\\Local\\\\Temp\\\\c-phase-expired-host-L4R7KE"}
# Subtest: expired host recovery memory prepared records a fenced cleanup instead of remaining stranded
ok 221 - expired host recovery memory prepared records a fenced cleanup instead of remaining stranded
  ---
  duration_ms: 13.8964
  type: 'test'
  ...
# exact synthetic root acquired: C:\\Users\\b_a_s\\AppData\\Local\\Temp\\c-phase-expired-host-L4R7KE
# C5 CLI root: {"event":"created","path":"C:\\\\Users\\\\b_a_s\\\\AppData\\\\Local\\\\Temp\\\\c-phase-expired-host-pclP9J"}
# exact synthetic root removed: C:\\Users\\b_a_s\\AppData\\Local\\Temp\\c-phase-expired-host-L4R7KE
# Subtest: expired host recovery memory isolated records a fenced cleanup instead of remaining stranded
ok 222 - expired host recovery memory isolated records a fenced cleanup instead of remaining stranded
  ---
  duration_ms: 2.5191
  type: 'test'
  ...
# exact synthetic root acquired: C:\\Users\\b_a_s\\AppData\\Local\\Temp\\c-phase-expired-host-pclP9J
# exact synthetic root removed: C:\\Users\\b_a_s\\AppData\\Local\\Temp\\c-phase-expired-host-pclP9J
# C5 CLI root: {"event":"created","path":"C:\\\\Users\\\\b_a_s\\\\AppData\\\\Local\\\\Temp\\\\c-phase-expired-host-Qc01gM"}
# Subtest: expired host recovery memory launching records a fenced cleanup instead of remaining stranded
ok 223 - expired host recovery memory launching records a fenced cleanup instead of remaining stranded
  ---
  duration_ms: 2.1097
  type: 'test'
  ...
# exact synthetic root acquired: C:\\Users\\b_a_s\\AppData\\Local\\Temp\\c-phase-expired-host-Qc01gM
# exact synthetic root removed: C:\\Users\\b_a_s\\AppData\\Local\\Temp\\c-phase-expired-host-Qc01gM
# C5 CLI root: {"event":"created","path":"C:\\\\Users\\\\b_a_s\\\\AppData\\\\Local\\\\Temp\\\\c-phase-expired-host-k5O0vH"}
# Subtest: expired host recovery memory bound records a fenced cleanup instead of remaining stranded
ok 224 - expired host recovery memory bound records a fenced cleanup instead of remaining stranded
  ---
  duration_ms: 4.8005
  type: 'test'
  ...
# exact synthetic root acquired: C:\\Users\\b_a_s\\AppData\\Local\\Temp\\c-phase-expired-host-k5O0vH
# C5 CLI root: {"event":"created","path":"C:\\\\Users\\\\b_a_s\\\\AppData\\\\Local\\\\Temp\\\\c-phase-expired-host-SjxWU9"}
# exact synthetic root removed: C:\\Users\\b_a_s\\AppData\\Local\\Temp\\c-phase-expired-host-k5O0vH
# Subtest: expired host recovery memory channel-started records a fenced cleanup instead of remaining stranded
ok 225 - expired host recovery memory channel-started records a fenced cleanup instead of remaining stranded
  ---
  duration_ms: 4.3981
  type: 'test'
  ...
# exact synthetic root acquired: C:\\Users\\b_a_s\\AppData\\Local\\Temp\\c-phase-expired-host-SjxWU9
# exact synthetic root removed: C:\\Users\\b_a_s\\AppData\\Local\\Temp\\c-phase-expired-host-SjxWU9
# C5 CLI root: {"event":"created","path":"C:\\\\Users\\\\b_a_s\\\\AppData\\\\Local\\\\Temp\\\\c-phase-expired-host-YsfmEs"}
# Subtest: expired host recovery memory cleanup_pending records a fenced cleanup instead of remaining stranded
ok 226 - expired host recovery memory cleanup_pending records a fenced cleanup instead of remaining stranded
  ---
  duration_ms: 2.6558
  type: 'test'
  ...
# exact synthetic root acquired: C:\\Users\\b_a_s\\AppData\\Local\\Temp\\c-phase-expired-host-YsfmEs
# exact synthetic root removed: C:\\Users\\b_a_s\\AppData\\Local\\Temp\\c-phase-expired-host-YsfmEs
# C5 CLI root: {"event":"created","path":"C:\\\\Users\\\\b_a_s\\\\AppData\\\\Local\\\\Temp\\\\c-phase-expired-host-OgBzYh"}
# Subtest: expired host recovery memory cleanup_blocked records a fenced cleanup instead of remaining stranded
ok 227 - expired host recovery memory cleanup_blocked records a fenced cleanup instead of remaining stranded
  ---
  duration_ms: 3.7011
  type: 'test'
  ...
# exact synthetic root acquired: C:\\Users\\b_a_s\\AppData\\Local\\Temp\\c-phase-expired-host-OgBzYh
# exact synthetic root removed: C:\\Users\\b_a_s\\AppData\\Local\\Temp\\c-phase-expired-host-OgBzYh
# C5 CLI root: {"event":"created","path":"C:\\\\Users\\\\b_a_s\\\\AppData\\\\Local\\\\Temp\\\\c-phase-expired-host-7fNWVz"}
# Subtest: expired host recovery sqlite prepared records a fenced cleanup instead of remaining stranded
ok 228 - expired host recovery sqlite prepared records a fenced cleanup instead of remaining stranded
  ---
  duration_ms: 119.7543
  type: 'test'
  ...
# exact synthetic root acquired: C:\\Users\\b_a_s\\AppData\\Local\\Temp\\c-phase-expired-host-7fNWVz
# C5 CLI root: {"event":"created","path":"C:\\\\Users\\\\b_a_s\\\\AppData\\\\Local\\\\Temp\\\\c-phase-expired-host-MtBg8D"}
# exact synthetic root removed: C:\\Users\\b_a_s\\AppData\\Local\\Temp\\c-phase-expired-host-7fNWVz
# Subtest: expired host recovery sqlite isolated records a fenced cleanup instead of remaining stranded
ok 229 - expired host recovery sqlite isolated records a fenced cleanup instead of remaining stranded
  ---
  duration_ms: 63.2858
  type: 'test'
  ...
# exact synthetic root acquired: C:\\Users\\b_a_s\\AppData\\Local\\Temp\\c-phase-expired-host-MtBg8D
# exact synthetic root removed: C:\\Users\\b_a_s\\AppData\\Local\\Temp\\c-phase-expired-host-MtBg8D
# C5 CLI root: {"event":"created","path":"C:\\\\Users\\\\b_a_s\\\\AppData\\\\Local\\\\Temp\\\\c-phase-expired-host-GvRo0S"}
# Subtest: expired host recovery sqlite launching records a fenced cleanup instead of remaining stranded
ok 230 - expired host recovery sqlite launching records a fenced cleanup instead of remaining stranded
  ---
  duration_ms: 70.7587
  type: 'test'
  ...
# exact synthetic root acquired: C:\\Users\\b_a_s\\AppData\\Local\\Temp\\c-phase-expired-host-GvRo0S
# exact synthetic root removed: C:\\Users\\b_a_s\\AppData\\Local\\Temp\\c-phase-expired-host-GvRo0S
# C5 CLI root: {"event":"created","path":"C:\\\\Users\\\\b_a_s\\\\AppData\\\\Local\\\\Temp\\\\c-phase-expired-host-oG2Ov1"}
# Subtest: expired host recovery sqlite bound records a fenced cleanup instead of remaining stranded
ok 231 - expired host recovery sqlite bound records a fenced cleanup instead of remaining stranded
  ---
  duration_ms: 80.7202
  type: 'test'
  ...
# exact synthetic root acquired: C:\\Users\\b_a_s\\AppData\\Local\\Temp\\c-phase-expired-host-oG2Ov1
# C5 CLI root: {"event":"created","path":"C:\\\\Users\\\\b_a_s\\\\AppData\\\\Local\\\\Temp\\\\c-phase-expired-host-ng3Qat"}
# exact synthetic root removed: C:\\Users\\b_a_s\\AppData\\Local\\Temp\\c-phase-expired-host-oG2Ov1
# Subtest: expired host recovery sqlite channel-started records a fenced cleanup instead of remaining stranded
ok 232 - expired host recovery sqlite channel-started records a fenced cleanup instead of remaining stranded
  ---
  duration_ms: 83.9644
  type: 'test'
  ...
# exact synthetic root acquired: C:\\Users\\b_a_s\\AppData\\Local\\Temp\\c-phase-expired-host-ng3Qat
# exact synthetic root removed: C:\\Users\\b_a_s\\AppData\\Local\\Temp\\c-phase-expired-host-ng3Qat
# C5 CLI root: {"event":"created","path":"C:\\\\Users\\\\b_a_s\\\\AppData\\\\Local\\\\Temp\\\\c-phase-expired-host-P7XpEI"}
# Subtest: expired host recovery sqlite cleanup_pending records a fenced cleanup instead of remaining stranded
ok 233 - expired host recovery sqlite cleanup_pending records a fenced cleanup instead of remaining stranded
  ---
  duration_ms: 81.3348
  type: 'test'
  ...
# exact synthetic root acquired: C:\\Users\\b_a_s\\AppData\\Local\\Temp\\c-phase-expired-host-P7XpEI
# C5 CLI root: {"event":"created","path":"C:\\\\Users\\\\b_a_s\\\\AppData\\\\Local\\\\Temp\\\\c-phase-expired-host-s3VKcA"}
# exact synthetic root removed: C:\\Users\\b_a_s\\AppData\\Local\\Temp\\c-phase-expired-host-P7XpEI
# Subtest: expired host recovery sqlite cleanup_blocked records a fenced cleanup instead of remaining stranded
ok 234 - expired host recovery sqlite cleanup_blocked records a fenced cleanup instead of remaining stranded
  ---
  duration_ms: 95.8744
  type: 'test'
  ...
# exact synthetic root acquired: C:\\Users\\b_a_s\\AppData\\Local\\Temp\\c-phase-expired-host-s3VKcA
# exact synthetic root removed: C:\\Users\\b_a_s\\AppData\\Local\\Temp\\c-phase-expired-host-s3VKcA
# C5 CLI root: {"event":"exit","path":"C:\\\\Users\\\\b_a_s\\\\AppData\\\\Local\\\\Temp\\\\c-phase-expired-host-L4R7KE","existsAtExit":false}
# C5 CLI root: {"event":"exit","path":"C:\\\\Users\\\\b_a_s\\\\AppData\\\\Local\\\\Temp\\\\c-phase-expired-host-pclP9J","existsAtExit":false}
# C5 CLI root: {"event":"exit","path":"C:\\\\Users\\\\b_a_s\\\\AppData\\\\Local\\\\Temp\\\\c-phase-expired-host-Qc01gM","existsAtExit":false}
# C5 CLI root: {"event":"exit","path":"C:\\\\Users\\\\b_a_s\\\\AppData\\\\Local\\\\Temp\\\\c-phase-expired-host-k5O0vH","existsAtExit":false}
# C5 CLI root: {"event":"exit","path":"C:\\\\Users\\\\b_a_s\\\\AppData\\\\Local\\\\Temp\\\\c-phase-expired-host-SjxWU9","existsAtExit":false}
# C5 CLI root: {"event":"exit","path":"C:\\\\Users\\\\b_a_s\\\\AppData\\\\Local\\\\Temp\\\\c-phase-expired-host-YsfmEs","existsAtExit":false}
# C5 CLI root: {"event":"exit","path":"C:\\\\Users\\\\b_a_s\\\\AppData\\\\Local\\\\Temp\\\\c-phase-expired-host-OgBzYh","existsAtExit":false}
# C5 CLI root: {"event":"exit","path":"C:\\\\Users\\\\b_a_s\\\\AppData\\\\Local\\\\Temp\\\\c-phase-expired-host-7fNWVz","existsAtExit":false}
# C5 CLI root: {"event":"exit","path":"C:\\\\Users\\\\b_a_s\\\\AppData\\\\Local\\\\Temp\\\\c-phase-expired-host-MtBg8D","existsAtExit":false}
# C5 CLI root: {"event":"exit","path":"C:\\\\Users\\\\b_a_s\\\\AppData\\\\Local\\\\Temp\\\\c-phase-expired-host-GvRo0S","existsAtExit":false}
# C5 CLI root: {"event":"exit","path":"C:\\\\Users\\\\b_a_s\\\\AppData\\\\Local\\\\Temp\\\\c-phase-expired-host-oG2Ov1","existsAtExit":false}
# C5 CLI root: {"event":"exit","path":"C:\\\\Users\\\\b_a_s\\\\AppData\\\\Local\\\\Temp\\\\c-phase-expired-host-ng3Qat","existsAtExit":false}
# C5 CLI root: {"event":"exit","path":"C:\\\\Users\\\\b_a_s\\\\AppData\\\\Local\\\\Temp\\\\c-phase-expired-host-P7XpEI","existsAtExit":false}
# C5 CLI root: {"event":"exit","path":"C:\\\\Users\\\\b_a_s\\\\AppData\\\\Local\\\\Temp\\\\c-phase-expired-host-s3VKcA","existsAtExit":false}
# C5 CLI root: {"event":"created","path":"C:\\\\Users\\\\b_a_s\\\\AppData\\\\Local\\\\Temp\\\\c2r9-EUVJq5"}
# Subtest: C2 round9 memory checkpoint-present control preserves exact retained and new bytes
ok 235 - C2 round9 memory checkpoint-present control preserves exact retained and new bytes
  ---
  duration_ms: 64.3834
  type: 'test'
  ...
# fresh synthetic fixture retained: C:\\Users\\b_a_s\\AppData\\Local\\Temp\\c2r9-EUVJq5
# {"initialized":true,"reattachments":1,"events":["isolation","reattach","subscribe","quiesce","ack1","ack2","release","unsubscribe","detach"],"outcomes":[{"launchId":"launch-1","disposition":"cleaned"}],"outputFailure":null}
# {"continuationLoss":"none","diagnosticSpoolLoss":true}
# C5 CLI root: {"event":"created","path":"C:\\\\Users\\\\b_a_s\\\\AppData\\\\Local\\\\Temp\\\\c2r9-xJLp3P"}
# closed owned DB and 1 spool handles; exact DB/artifact fixture retained: C:\\Users\\b_a_s\\AppData\\Local\\Temp\\c2r9-EUVJq5
# Subtest: C2 round9 memory never-initialized recovery preserves exact retained and new bytes
ok 236 - C2 round9 memory never-initialized recovery preserves exact retained and new bytes
  ---
  duration_ms: 39.6124
  type: 'test'
  ...
# fresh synthetic fixture retained: C:\\Users\\b_a_s\\AppData\\Local\\Temp\\c2r9-xJLp3P
# {"initialized":false,"reattachments":1,"events":["isolation","reattach","subscribe","quiesce","ack1","ack2","release","unsubscribe","detach"],"outcomes":[{"launchId":"launch-1","disposition":"cleaned"}],"outputFailure":null}
# {"continuationLoss":"none","diagnosticSpoolLoss":true}
# closed owned DB and 1 spool handles; exact DB/artifact fixture retained: C:\\Users\\b_a_s\\AppData\\Local\\Temp\\c2r9-xJLp3P
# C5 CLI root: {"event":"created","path":"C:\\\\Users\\\\b_a_s\\\\AppData\\\\Local\\\\Temp\\\\c2r9-ATcYsO"}
# Subtest: C2 round9 memory rejects missing-proof
ok 237 - C2 round9 memory rejects missing-proof
  ---
  duration_ms: 2.6276
  type: 'test'
  ...
# fresh synthetic fixture retained: C:\\Users\\b_a_s\\AppData\\Local\\Temp\\c2r9-ATcYsO
# {"initialized":false,"reattachments":1,"events":["isolation","reattach","detach"],"outcomes":[{"launchId":"launch-1","disposition":"blocked"}],"outputFailure":null}
# closed owned DB and 0 spool handles; exact DB/artifact fixture retained: C:\\Users\\b_a_s\\AppData\\Local\\Temp\\c2r9-ATcYsO
# C5 CLI root: {"event":"created","path":"C:\\\\Users\\\\b_a_s\\\\AppData\\\\Local\\\\Temp\\\\c2r9-u8ADq2"}
# Subtest: C2 round9 memory rejects consumed-stdout
ok 238 - C2 round9 memory rejects consumed-stdout
  ---
  duration_ms: 3.6586
  type: 'test'
  ...
# fresh synthetic fixture retained: C:\\Users\\b_a_s\\AppData\\Local\\Temp\\c2r9-u8ADq2
# {"initialized":false,"reattachments":1,"events":["isolation","reattach","detach"],"outcomes":[{"launchId":"launch-1","disposition":"blocked"}],"outputFailure":null}
# closed owned DB and 0 spool handles; exact DB/artifact fixture retained: C:\\Users\\b_a_s\\AppData\\Local\\Temp\\c2r9-u8ADq2
# C5 CLI root: {"event":"created","path":"C:\\\\Users\\\\b_a_s\\\\AppData\\\\Local\\\\Temp\\\\c2r9-AQFIBW"}
# Subtest: C2 round9 memory rejects consumed-stderr
ok 239 - C2 round9 memory rejects consumed-stderr
  ---
  duration_ms: 1.8922
  type: 'test'
  ...
# fresh synthetic fixture retained: C:\\Users\\b_a_s\\AppData\\Local\\Temp\\c2r9-AQFIBW
# {"initialized":false,"reattachments":1,"events":["isolation","reattach","detach"],"outcomes":[{"launchId":"launch-1","disposition":"blocked"}],"outputFailure":null}
# closed owned DB and 0 spool handles; exact DB/artifact fixture retained: C:\\Users\\b_a_s\\AppData\\Local\\Temp\\c2r9-AQFIBW
# C5 CLI root: {"event":"created","path":"C:\\\\Users\\\\b_a_s\\\\AppData\\\\Local\\\\Temp\\\\c2r9-dQr71f"}
# Subtest: C2 round9 memory rejects pending-ack
ok 240 - C2 round9 memory rejects pending-ack
  ---
  duration_ms: 1.8467
  type: 'test'
  ...
# fresh synthetic fixture retained: C:\\Users\\b_a_s\\AppData\\Local\\Temp\\c2r9-dQr71f
# {"initialized":false,"reattachments":1,"events":["isolation","reattach","detach"],"outcomes":[{"launchId":"launch-1","disposition":"blocked"}],"outputFailure":null}
# closed owned DB and 0 spool handles; exact DB/artifact fixture retained: C:\\Users\\b_a_s\\AppData\\Local\\Temp\\c2r9-dQr71f
# C5 CLI root: {"event":"created","path":"C:\\\\Users\\\\b_a_s\\\\AppData\\\\Local\\\\Temp\\\\c2r9-vaV6sc"}
# Subtest: C2 round9 memory rejects corrupt-payload
ok 241 - C2 round9 memory rejects corrupt-payload
  ---
  duration_ms: 3.102
  type: 'test'
  ...
# fresh synthetic fixture retained: C:\\Users\\b_a_s\\AppData\\Local\\Temp\\c2r9-vaV6sc
# {"initialized":false,"reattachments":1,"events":["isolation","reattach","subscribe","quiesce"],"outcomes":[{"launchId":"launch-1","disposition":"blocked"}],"outputFailure":"Output digest does not match bytes."}
# closed owned DB and 1 spool handles; exact DB/artifact fixture retained: C:\\Users\\b_a_s\\AppData\\Local\\Temp\\c2r9-vaV6sc
# C5 CLI root: {"event":"created","path":"C:\\\\Users\\\\b_a_s\\\\AppData\\\\Local\\\\Temp\\\\c2r9-jOLsr9"}
# Subtest: C2 round9 memory rejects missing-replay
ok 242 - C2 round9 memory rejects missing-replay
  ---
  duration_ms: 2.6805
  type: 'test'
  ...
# fresh synthetic fixture retained: C:\\Users\\b_a_s\\AppData\\Local\\Temp\\c2r9-jOLsr9
# {"initialized":false,"reattachments":1,"events":["isolation","reattach","subscribe","quiesce"],"outcomes":[{"launchId":"launch-1","disposition":"blocked"}],"outputFailure":null}
# closed owned DB and 1 spool handles; exact DB/artifact fixture retained: C:\\Users\\b_a_s\\AppData\\Local\\Temp\\c2r9-jOLsr9
# C5 CLI root: {"event":"created","path":"C:\\\\Users\\\\b_a_s\\\\AppData\\\\Local\\\\Temp\\\\c2r9-fCHdax"}
# Subtest: C2 round9 memory rejects wrong-binding
ok 243 - C2 round9 memory rejects wrong-binding
  ---
  duration_ms: 2.8686
  type: 'test'
  ...
# fresh synthetic fixture retained: C:\\Users\\b_a_s\\AppData\\Local\\Temp\\c2r9-fCHdax
# {"initialized":false,"reattachments":1,"events":["isolation","reattach","detach"],"outcomes":[{"launchId":"launch-1","disposition":"blocked"}],"outputFailure":null}
# closed owned DB and 0 spool handles; exact DB/artifact fixture retained: C:\\Users\\b_a_s\\AppData\\Local\\Temp\\c2r9-fCHdax
# C5 CLI root: {"event":"created","path":"C:\\\\Users\\\\b_a_s\\\\AppData\\\\Local\\\\Temp\\\\c2r9-Q4ggcu"}
# Subtest: C2 round9 memory rejects bad-sequence
ok 244 - C2 round9 memory rejects bad-sequence
  ---
  duration_ms: 2.1306
  type: 'test'
  ...
# fresh synthetic fixture retained: C:\\Users\\b_a_s\\AppData\\Local\\Temp\\c2r9-Q4ggcu
# {"initialized":false,"reattachments":1,"events":["isolation","reattach","detach"],"outcomes":[{"launchId":"launch-1","disposition":"blocked"}],"outputFailure":null}
# closed owned DB and 0 spool handles; exact DB/artifact fixture retained: C:\\Users\\b_a_s\\AppData\\Local\\Temp\\c2r9-Q4ggcu
# C5 CLI root: {"event":"created","path":"C:\\\\Users\\\\b_a_s\\\\AppData\\\\Local\\\\Temp\\\\c2r9-3cpciU"}
# Subtest: C2 round9 memory rejects bad-offset
ok 245 - C2 round9 memory rejects bad-offset
  ---
  duration_ms: 2.0917
  type: 'test'
  ...
# fresh synthetic fixture retained: C:\\Users\\b_a_s\\AppData\\Local\\Temp\\c2r9-3cpciU
# {"initialized":false,"reattachments":1,"events":["isolation","reattach","detach"],"outcomes":[{"launchId":"launch-1","disposition":"blocked"}],"outputFailure":null}
# closed owned DB and 0 spool handles; exact DB/artifact fixture retained: C:\\Users\\b_a_s\\AppData\\Local\\Temp\\c2r9-3cpciU
# C5 CLI root: {"event":"created","path":"C:\\\\Users\\\\b_a_s\\\\AppData\\\\Local\\\\Temp\\\\c2r9-jf1TqJ"}
# Subtest: C2 round9 memory rejects terminal-blocked
ok 246 - C2 round9 memory rejects terminal-blocked
  ---
  duration_ms: 22.224
  type: 'test'
  ...
# fresh synthetic fixture retained: C:\\Users\\b_a_s\\AppData\\Local\\Temp\\c2r9-jf1TqJ
# {"initialized":false,"reattachments":1,"events":["isolation","reattach","subscribe","quiesce","ack1","ack2"],"outcomes":[{"launchId":"launch-1","disposition":"blocked"}],"outputFailure":null}
# closed owned DB and 1 spool handles; exact DB/artifact fixture retained: C:\\Users\\b_a_s\\AppData\\Local\\Temp\\c2r9-jf1TqJ
# C5 CLI root: {"event":"created","path":"C:\\\\Users\\\\b_a_s\\\\AppData\\\\Local\\\\Temp\\\\c2r9-PWIdw0"}
# Subtest: C2 round9 memory rejects takeover
ok 247 - C2 round9 memory rejects takeover
  ---
  duration_ms: 1.8114
  type: 'test'
  ...
# fresh synthetic fixture retained: C:\\Users\\b_a_s\\AppData\\Local\\Temp\\c2r9-PWIdw0
# {"initialized":false,"reattachments":1,"events":["isolation","reattach","detach"],"outcomes":[{"launchId":"launch-1","disposition":"blocked"}],"outputFailure":null}
# closed owned DB and 0 spool handles; exact DB/artifact fixture retained: C:\\Users\\b_a_s\\AppData\\Local\\Temp\\c2r9-PWIdw0
# C5 CLI root: {"event":"created","path":"C:\\\\Users\\\\b_a_s\\\\AppData\\\\Local\\\\Temp\\\\c2r9-3vB0Ky"}
# Subtest: C2 round9 memory rejects deadline
ok 248 - C2 round9 memory rejects deadline
  ---
  duration_ms: 1.5389
  type: 'test'
  ...
# fresh synthetic fixture retained: C:\\Users\\b_a_s\\AppData\\Local\\Temp\\c2r9-3vB0Ky
# {"initialized":false,"reattachments":1,"events":["isolation","reattach","detach"],"outcomes":[{"launchId":"launch-1","disposition":"blocked"}],"outputFailure":null}
# closed owned DB and 0 spool handles; exact DB/artifact fixture retained: C:\\Users\\b_a_s\\AppData\\Local\\Temp\\c2r9-3vB0Ky
# C5 CLI root: {"event":"created","path":"C:\\\\Users\\\\b_a_s\\\\AppData\\\\Local\\\\Temp\\\\c2r9-Gwko1r"}
# Subtest: C2 round9 memory rejects revision-change
ok 249 - C2 round9 memory rejects revision-change
  ---
  duration_ms: 2.0059
  type: 'test'
  ...
# fresh synthetic fixture retained: C:\\Users\\b_a_s\\AppData\\Local\\Temp\\c2r9-Gwko1r
# {"initialized":false,"reattachments":1,"events":["isolation","reattach","detach"],"outcomes":[{"launchId":"launch-1","disposition":"blocked"}],"outputFailure":null}
# closed owned DB and 0 spool handles; exact DB/artifact fixture retained: C:\\Users\\b_a_s\\AppData\\Local\\Temp\\c2r9-Gwko1r
# C5 CLI root: {"event":"created","path":"C:\\\\Users\\\\b_a_s\\\\AppData\\\\Local\\\\Temp\\\\c2r9-9eZJwv"}
# Subtest: C2 round9 memory same-runtime-retry
ok 250 - C2 round9 memory same-runtime-retry
  ---
  duration_ms: 37.0349
  type: 'test'
  ...
# fresh synthetic fixture retained: C:\\Users\\b_a_s\\AppData\\Local\\Temp\\c2r9-9eZJwv
# {"initialized":false,"reattachments":1,"events":["isolation","reattach","subscribe","quiesce","ack1","ack2","quiesce","release","unsubscribe","detach"],"outcomes":[{"launchId":"launch-1","disposition":"cleaned"}],"outputFailure":null}
# {"continuationLoss":"none","diagnosticSpoolLoss":true}
# closed owned DB and 1 spool handles; exact DB/artifact fixture retained: C:\\Users\\b_a_s\\AppData\\Local\\Temp\\c2r9-9eZJwv
# C5 CLI root: {"event":"created","path":"C:\\\\Users\\\\b_a_s\\\\AppData\\\\Local\\\\Temp\\\\c2r9-JwtMBw"}
# Subtest: C2 round9 memory fresh-runtime-retry
ok 251 - C2 round9 memory fresh-runtime-retry
  ---
  duration_ms: 42.5482
  type: 'test'
  ...
# fresh synthetic fixture retained: C:\\Users\\b_a_s\\AppData\\Local\\Temp\\c2r9-JwtMBw
# {"initialized":false,"reattachments":2,"events":["isolation","reattach","subscribe","quiesce","ack1","ack2","reattach","subscribe","quiesce","ack1","ack2","release","unsubscribe","detach"],"outcomes":[{"launchId":"launch-1","disposition":"cleaned"}],"outputFailure":null}
# {"continuationLoss":"none","diagnosticSpoolLoss":true}
# closed owned DB and 2 spool handles; exact DB/artifact fixture retained: C:\\Users\\b_a_s\\AppData\\Local\\Temp\\c2r9-JwtMBw
# C5 CLI root: {"event":"created","path":"C:\\\\Users\\\\b_a_s\\\\AppData\\\\Local\\\\Temp\\\\c2r9-iN0474"}
# Subtest: C2 round9 memory rejects detach-failed
ok 252 - C2 round9 memory rejects detach-failed
  ---
  duration_ms: 2.3517
  type: 'test'
  ...
# fresh synthetic fixture retained: C:\\Users\\b_a_s\\AppData\\Local\\Temp\\c2r9-iN0474
# {"initialized":false,"reattachments":1,"events":["isolation","reattach","detach"],"outcomes":[{"launchId":"launch-1","disposition":"blocked"}],"outputFailure":null}
# closed owned DB and 0 spool handles; exact DB/artifact fixture retained: C:\\Users\\b_a_s\\AppData\\Local\\Temp\\c2r9-iN0474
# C5 CLI root: {"event":"created","path":"C:\\\\Users\\\\b_a_s\\\\AppData\\\\Local\\\\Temp\\\\c2r9-keLiut"}
# Subtest: C2 round9 memory rejects spool-failed
ok 253 - C2 round9 memory rejects spool-failed
  ---
  duration_ms: 1.6777
  type: 'test'
  ...
# fresh synthetic fixture retained: C:\\Users\\b_a_s\\AppData\\Local\\Temp\\c2r9-keLiut
# {"initialized":false,"reattachments":1,"events":["isolation","reattach","detach"],"outcomes":[{"launchId":"launch-1","disposition":"blocked"}],"outputFailure":null}
# closed owned DB and 0 spool handles; exact DB/artifact fixture retained: C:\\Users\\b_a_s\\AppData\\Local\\Temp\\c2r9-keLiut
# C5 CLI root: {"event":"created","path":"C:\\\\Users\\\\b_a_s\\\\AppData\\\\Local\\\\Temp\\\\c2r9-mKYCRS"}
# Subtest: C2 round9 sqlite checkpoint-present control preserves exact retained and new bytes
ok 254 - C2 round9 sqlite checkpoint-present control preserves exact retained and new bytes
  ---
  duration_ms: 169.67
  type: 'test'
  ...
# fresh synthetic fixture retained: C:\\Users\\b_a_s\\AppData\\Local\\Temp\\c2r9-mKYCRS
# C5 CLI root: {"event":"created","path":"C:\\\\Users\\\\b_a_s\\\\AppData\\\\Local\\\\Temp\\\\c2r9-MiWRQQ"}
# {"initialized":true,"reattachments":1,"events":["isolation","reattach","subscribe","quiesce","ack1","ack2","release","unsubscribe","detach"],"outcomes":[{"launchId":"launch-1","disposition":"cleaned"}],"outputFailure":null}
# {"continuationLoss":"none","diagnosticSpoolLoss":true}
# closed owned DB and 1 spool handles; exact DB/artifact fixture retained: C:\\Users\\b_a_s\\AppData\\Local\\Temp\\c2r9-mKYCRS
# Subtest: C2 round9 sqlite never-initialized recovery preserves exact retained and new bytes
ok 255 - C2 round9 sqlite never-initialized recovery preserves exact retained and new bytes
  ---
  duration_ms: 166.8046
  type: 'test'
  ...
# fresh synthetic fixture retained: C:\\Users\\b_a_s\\AppData\\Local\\Temp\\c2r9-MiWRQQ
# {"initialized":false,"reattachments":1,"events":["isolation","reattach","subscribe","quiesce","ack1","ack2","release","unsubscribe","detach"],"outcomes":[{"launchId":"launch-1","disposition":"cleaned"}],"outputFailure":null}
# C5 CLI root: {"event":"created","path":"C:\\\\Users\\\\b_a_s\\\\AppData\\\\Local\\\\Temp\\\\c2r9-t4rBCp"}
# {"continuationLoss":"none","diagnosticSpoolLoss":true}
# closed owned DB and 1 spool handles; exact DB/artifact fixture retained: C:\\Users\\b_a_s\\AppData\\Local\\Temp\\c2r9-MiWRQQ
# Subtest: C2 round9 sqlite rejects missing-proof
ok 256 - C2 round9 sqlite rejects missing-proof
  ---
  duration_ms: 80.2509
  type: 'test'
  ...
# fresh synthetic fixture retained: C:\\Users\\b_a_s\\AppData\\Local\\Temp\\c2r9-t4rBCp
# {"initialized":false,"reattachments":1,"events":["isolation","reattach","detach"],"outcomes":[{"launchId":"launch-1","disposition":"blocked"}],"outputFailure":null}
# closed owned DB and 0 spool handles; exact DB/artifact fixture retained: C:\\Users\\b_a_s\\AppData\\Local\\Temp\\c2r9-t4rBCp
# C5 CLI root: {"event":"created","path":"C:\\\\Users\\\\b_a_s\\\\AppData\\\\Local\\\\Temp\\\\c2r9-pgJpGS"}
# Subtest: C2 round9 sqlite rejects consumed-stdout
ok 257 - C2 round9 sqlite rejects consumed-stdout
  ---
  duration_ms: 80.5029
  type: 'test'
  ...
# fresh synthetic fixture retained: C:\\Users\\b_a_s\\AppData\\Local\\Temp\\c2r9-pgJpGS
# {"initialized":false,"reattachments":1,"events":["isolation","reattach","detach"],"outcomes":[{"launchId":"launch-1","disposition":"blocked"}],"outputFailure":null}
# closed owned DB and 0 spool handles; exact DB/artifact fixture retained: C:\\Users\\b_a_s\\AppData\\Local\\Temp\\c2r9-pgJpGS
# C5 CLI root: {"event":"created","path":"C:\\\\Users\\\\b_a_s\\\\AppData\\\\Local\\\\Temp\\\\c2r9-ySpKs6"}
# Subtest: C2 round9 sqlite rejects consumed-stderr
ok 258 - C2 round9 sqlite rejects consumed-stderr
  ---
  duration_ms: 81.0124
  type: 'test'
  ...
# fresh synthetic fixture retained: C:\\Users\\b_a_s\\AppData\\Local\\Temp\\c2r9-ySpKs6
# {"initialized":false,"reattachments":1,"events":["isolation","reattach","detach"],"outcomes":[{"launchId":"launch-1","disposition":"blocked"}],"outputFailure":null}
# closed owned DB and 0 spool handles; exact DB/artifact fixture retained: C:\\Users\\b_a_s\\AppData\\Local\\Temp\\c2r9-ySpKs6
# C5 CLI root: {"event":"created","path":"C:\\\\Users\\\\b_a_s\\\\AppData\\\\Local\\\\Temp\\\\c2r9-Ei2FPZ"}
# Subtest: C2 round9 sqlite rejects pending-ack
ok 259 - C2 round9 sqlite rejects pending-ack
  ---
  duration_ms: 84.9012
  type: 'test'
  ...
# fresh synthetic fixture retained: C:\\Users\\b_a_s\\AppData\\Local\\Temp\\c2r9-Ei2FPZ
# C5 CLI root: {"event":"created","path":"C:\\\\Users\\\\b_a_s\\\\AppData\\\\Local\\\\Temp\\\\c2r9-PYSuMp"}
# {"initialized":false,"reattachments":1,"events":["isolation","reattach","detach"],"outcomes":[{"launchId":"launch-1","disposition":"blocked"}],"outputFailure":null}
# closed owned DB and 0 spool handles; exact DB/artifact fixture retained: C:\\Users\\b_a_s\\AppData\\Local\\Temp\\c2r9-Ei2FPZ
# Subtest: C2 round9 sqlite rejects corrupt-payload
ok 260 - C2 round9 sqlite rejects corrupt-payload
  ---
  duration_ms: 101.1575
  type: 'test'
  ...
# fresh synthetic fixture retained: C:\\Users\\b_a_s\\AppData\\Local\\Temp\\c2r9-PYSuMp
# {"initialized":false,"reattachments":1,"events":["isolation","reattach","subscribe","quiesce"],"outcomes":[{"launchId":"launch-1","disposition":"blocked"}],"outputFailure":"Output digest does not match bytes."}
# closed owned DB and 1 spool handles; exact DB/artifact fixture retained: C:\\Users\\b_a_s\\AppData\\Local\\Temp\\c2r9-PYSuMp
# C5 CLI root: {"event":"created","path":"C:\\\\Users\\\\b_a_s\\\\AppData\\\\Local\\\\Temp\\\\c2r9-yZG60n"}
# Subtest: C2 round9 sqlite rejects missing-replay
ok 261 - C2 round9 sqlite rejects missing-replay
  ---
  duration_ms: 96.3077
  type: 'test'
  ...
# fresh synthetic fixture retained: C:\\Users\\b_a_s\\AppData\\Local\\Temp\\c2r9-yZG60n
# {"initialized":false,"reattachments":1,"events":["isolation","reattach","subscribe","quiesce"],"outcomes":[{"launchId":"launch-1","disposition":"blocked"}],"outputFailure":null}
# closed owned DB and 1 spool handles; exact DB/artifact fixture retained: C:\\Users\\b_a_s\\AppData\\Local\\Temp\\c2r9-yZG60n
# C5 CLI root: {"event":"created","path":"C:\\\\Users\\\\b_a_s\\\\AppData\\\\Local\\\\Temp\\\\c2r9-2SQb3v"}
# Subtest: C2 round9 sqlite rejects wrong-binding
ok 262 - C2 round9 sqlite rejects wrong-binding
  ---
  duration_ms: 85.1642
  type: 'test'
  ...
# fresh synthetic fixture retained: C:\\Users\\b_a_s\\AppData\\Local\\Temp\\c2r9-2SQb3v
# {"initialized":false,"reattachments":1,"events":["isolation","reattach","detach"],"outcomes":[{"launchId":"launch-1","disposition":"blocked"}],"outputFailure":null}
# closed owned DB and 0 spool handles; exact DB/artifact fixture retained: C:\\Users\\b_a_s\\AppData\\Local\\Temp\\c2r9-2SQb3v
# C5 CLI root: {"event":"created","path":"C:\\\\Users\\\\b_a_s\\\\AppData\\\\Local\\\\Temp\\\\c2r9-LWeWA1"}
# Subtest: C2 round9 sqlite rejects bad-sequence
ok 263 - C2 round9 sqlite rejects bad-sequence
  ---
  duration_ms: 86.9294
  type: 'test'
  ...
# fresh synthetic fixture retained: C:\\Users\\b_a_s\\AppData\\Local\\Temp\\c2r9-LWeWA1
# {"initialized":false,"reattachments":1,"events":["isolation","reattach","detach"],"outcomes":[{"launchId":"launch-1","disposition":"blocked"}],"outputFailure":null}
# closed owned DB and 0 spool handles; exact DB/artifact fixture retained: C:\\Users\\b_a_s\\AppData\\Local\\Temp\\c2r9-LWeWA1
# C5 CLI root: {"event":"created","path":"C:\\\\Users\\\\b_a_s\\\\AppData\\\\Local\\\\Temp\\\\c2r9-VJrBG1"}
# Subtest: C2 round9 sqlite rejects bad-offset
ok 264 - C2 round9 sqlite rejects bad-offset
  ---
  duration_ms: 88.0357
  type: 'test'
  ...
# fresh synthetic fixture retained: C:\\Users\\b_a_s\\AppData\\Local\\Temp\\c2r9-VJrBG1
# {"initialized":false,"reattachments":1,"events":["isolation","reattach","detach"],"outcomes":[{"launchId":"launch-1","disposition":"blocked"}],"outputFailure":null}
# closed owned DB and 0 spool handles; exact DB/artifact fixture retained: C:\\Users\\b_a_s\\AppData\\Local\\Temp\\c2r9-VJrBG1
# C5 CLI root: {"event":"created","path":"C:\\\\Users\\\\b_a_s\\\\AppData\\\\Local\\\\Temp\\\\c2r9-OWeGIZ"}
# Subtest: C2 round9 sqlite rejects terminal-blocked
ok 265 - C2 round9 sqlite rejects terminal-blocked
  ---
  duration_ms: 148.9024
  type: 'test'
  ...
# fresh synthetic fixture retained: C:\\Users\\b_a_s\\AppData\\Local\\Temp\\c2r9-OWeGIZ
# {"initialized":false,"reattachments":1,"events":["isolation","reattach","subscribe","quiesce","ack1","ack2"],"outcomes":[{"launchId":"launch-1","disposition":"blocked"}],"outputFailure":null}
# closed owned DB and 1 spool handles; exact DB/artifact fixture retained: C:\\Users\\b_a_s\\AppData\\Local\\Temp\\c2r9-OWeGIZ
# C5 CLI root: {"event":"created","path":"C:\\\\Users\\\\b_a_s\\\\AppData\\\\Local\\\\Temp\\\\c2r9-mQxnJx"}
# Subtest: C2 round9 sqlite rejects takeover
ok 266 - C2 round9 sqlite rejects takeover
  ---
  duration_ms: 78.5967
  type: 'test'
  ...
# fresh synthetic fixture retained: C:\\Users\\b_a_s\\AppData\\Local\\Temp\\c2r9-mQxnJx
# {"initialized":false,"reattachments":1,"events":["isolation","reattach","detach"],"outcomes":[{"launchId":"launch-1","disposition":"blocked"}],"outputFailure":null}
# closed owned DB and 0 spool handles; exact DB/artifact fixture retained: C:\\Users\\b_a_s\\AppData\\Local\\Temp\\c2r9-mQxnJx
# C5 CLI root: {"event":"created","path":"C:\\\\Users\\\\b_a_s\\\\AppData\\\\Local\\\\Temp\\\\c2r9-7oKcxc"}
# Subtest: C2 round9 sqlite rejects deadline
ok 267 - C2 round9 sqlite rejects deadline
  ---
  duration_ms: 81.4845
  type: 'test'
  ...
# fresh synthetic fixture retained: C:\\Users\\b_a_s\\AppData\\Local\\Temp\\c2r9-7oKcxc
# {"initialized":false,"reattachments":1,"events":["isolation","reattach","detach"],"outcomes":[{"launchId":"launch-1","disposition":"blocked"}],"outputFailure":null}
# closed owned DB and 0 spool handles; exact DB/artifact fixture retained: C:\\Users\\b_a_s\\AppData\\Local\\Temp\\c2r9-7oKcxc
# C5 CLI root: {"event":"created","path":"C:\\\\Users\\\\b_a_s\\\\AppData\\\\Local\\\\Temp\\\\c2r9-O3OtJs"}
# Subtest: C2 round9 sqlite rejects revision-change
ok 268 - C2 round9 sqlite rejects revision-change
  ---
  duration_ms: 101.3783
  type: 'test'
  ...
# fresh synthetic fixture retained: C:\\Users\\b_a_s\\AppData\\Local\\Temp\\c2r9-O3OtJs
# {"initialized":false,"reattachments":1,"events":["isolation","reattach","detach"],"outcomes":[{"launchId":"launch-1","disposition":"blocked"}],"outputFailure":null}
# closed owned DB and 0 spool handles; exact DB/artifact fixture retained: C:\\Users\\b_a_s\\AppData\\Local\\Temp\\c2r9-O3OtJs
# C5 CLI root: {"event":"created","path":"C:\\\\Users\\\\b_a_s\\\\AppData\\\\Local\\\\Temp\\\\c2r9-tLomxI"}
# Subtest: C2 round9 sqlite same-runtime-retry
ok 269 - C2 round9 sqlite same-runtime-retry
  ---
  duration_ms: 193.1568
  type: 'test'
  ...
# fresh synthetic fixture retained: C:\\Users\\b_a_s\\AppData\\Local\\Temp\\c2r9-tLomxI
# {"initialized":false,"reattachments":1,"events":["isolation","reattach","subscribe","quiesce","ack1","ack2","quiesce","release","unsubscribe","detach"],"outcomes":[{"launchId":"launch-1","disposition":"cleaned"}],"outputFailure":null}
# {"continuationLoss":"none","diagnosticSpoolLoss":true}
# closed owned DB and 1 spool handles; exact DB/artifact fixture retained: C:\\Users\\b_a_s\\AppData\\Local\\Temp\\c2r9-tLomxI
# C5 CLI root: {"event":"created","path":"C:\\\\Users\\\\b_a_s\\\\AppData\\\\Local\\\\Temp\\\\c2r9-9SKECw"}
# Subtest: C2 round9 sqlite fresh-runtime-retry
ok 270 - C2 round9 sqlite fresh-runtime-retry
  ---
  duration_ms: 197.9233
  type: 'test'
  ...
# fresh synthetic fixture retained: C:\\Users\\b_a_s\\AppData\\Local\\Temp\\c2r9-9SKECw
# {"initialized":false,"reattachments":2,"events":["isolation","reattach","subscribe","quiesce","ack1","ack2","reattach","subscribe","quiesce","ack1","ack2","release","unsubscribe","detach"],"outcomes":[{"launchId":"launch-1","disposition":"cleaned"}],"outputFailure":null}
# {"continuationLoss":"none","diagnosticSpoolLoss":true}
# closed owned DB and 2 spool handles; exact DB/artifact fixture retained: C:\\Users\\b_a_s\\AppData\\Local\\Temp\\c2r9-9SKECw
# C5 CLI root: {"event":"created","path":"C:\\\\Users\\\\b_a_s\\\\AppData\\\\Local\\\\Temp\\\\c2r9-sx6pum"}
# Subtest: C2 round9 sqlite rejects detach-failed
ok 271 - C2 round9 sqlite rejects detach-failed
  ---
  duration_ms: 81.6913
  type: 'test'
  ...
# fresh synthetic fixture retained: C:\\Users\\b_a_s\\AppData\\Local\\Temp\\c2r9-sx6pum
# {"initialized":false,"reattachments":1,"events":["isolation","reattach","detach"],"outcomes":[{"launchId":"launch-1","disposition":"blocked"}],"outputFailure":null}
# closed owned DB and 0 spool handles; exact DB/artifact fixture retained: C:\\Users\\b_a_s\\AppData\\Local\\Temp\\c2r9-sx6pum
# C5 CLI root: {"event":"created","path":"C:\\\\Users\\\\b_a_s\\\\AppData\\\\Local\\\\Temp\\\\c2r9-mTOYhJ"}
# Subtest: C2 round9 sqlite rejects spool-failed
ok 272 - C2 round9 sqlite rejects spool-failed
  ---
  duration_ms: 92.2799
  type: 'test'
  ...
# fresh synthetic fixture retained: C:\\Users\\b_a_s\\AppData\\Local\\Temp\\c2r9-mTOYhJ
# {"initialized":false,"reattachments":1,"events":["isolation","reattach","detach"],"outcomes":[{"launchId":"launch-1","disposition":"blocked"}],"outputFailure":null}
# closed owned DB and 0 spool handles; exact DB/artifact fixture retained: C:\\Users\\b_a_s\\AppData\\Local\\Temp\\c2r9-mTOYhJ
# C5 CLI root: {"event":"created","path":"C:\\\\Users\\\\b_a_s\\\\AppData\\\\Local\\\\Temp\\\\c2r9-s-0mcGju"}
# Subtest: C2 round9 memory atomic bootstrap rejects stale and fabricated authority
ok 273 - C2 round9 memory atomic bootstrap rejects stale and fabricated authority
  ---
  duration_ms: 2.142
  type: 'test'
  ...
# fresh synthetic store fixture retained: C:\\Users\\b_a_s\\AppData\\Local\\Temp\\c2r9-s-0mcGju
# closed exact store; retained: C:\\Users\\b_a_s\\AppData\\Local\\Temp\\c2r9-s-0mcGju
# C5 CLI root: {"event":"created","path":"C:\\\\Users\\\\b_a_s\\\\AppData\\\\Local\\\\Temp\\\\c2r9-s-jkUsHB"}
# Subtest: C2 round9 sqlite atomic bootstrap rejects stale and fabricated authority
ok 274 - C2 round9 sqlite atomic bootstrap rejects stale and fabricated authority
  ---
  duration_ms: 83.7764
  type: 'test'
  ...
# fresh synthetic store fixture retained: C:\\Users\\b_a_s\\AppData\\Local\\Temp\\c2r9-s-jkUsHB
# closed exact store; retained: C:\\Users\\b_a_s\\AppData\\Local\\Temp\\c2r9-s-jkUsHB
# C5 CLI root: {"event":"created","path":"C:\\\\Users\\\\b_a_s\\\\AppData\\\\Local\\\\Temp\\\\c2r9-t-P1W7lk"}
# Subtest: C2 round9 SQLite bootstrap rollback and reopen at before-output
ok 275 - C2 round9 SQLite bootstrap rollback and reopen at before-output
  ---
  duration_ms: 96.0372
  type: 'test'
  ...
# fresh synthetic transaction fixture retained: C:\\Users\\b_a_s\\AppData\\Local\\Temp\\c2r9-t-P1W7lk
# closed DB; exact transaction test state retained: C:\\Users\\b_a_s\\AppData\\Local\\Temp\\c2r9-t-P1W7lk
# C5 CLI root: {"event":"created","path":"C:\\\\Users\\\\b_a_s\\\\AppData\\\\Local\\\\Temp\\\\c2r9-t-oUFGh4"}
# Subtest: C2 round9 SQLite bootstrap rollback and reopen at after-output
ok 276 - C2 round9 SQLite bootstrap rollback and reopen at after-output
  ---
  duration_ms: 98.0954
  type: 'test'
  ...
# fresh synthetic transaction fixture retained: C:\\Users\\b_a_s\\AppData\\Local\\Temp\\c2r9-t-oUFGh4
# closed DB; exact transaction test state retained: C:\\Users\\b_a_s\\AppData\\Local\\Temp\\c2r9-t-oUFGh4
# C5 CLI root: {"event":"created","path":"C:\\\\Users\\\\b_a_s\\\\AppData\\\\Local\\\\Temp\\\\c2r9-t-50b3P3"}
# Subtest: C2 round9 SQLite bootstrap rollback and reopen at before-host
ok 277 - C2 round9 SQLite bootstrap rollback and reopen at before-host
  ---
  duration_ms: 101.5947
  type: 'test'
  ...
# fresh synthetic transaction fixture retained: C:\\Users\\b_a_s\\AppData\\Local\\Temp\\c2r9-t-50b3P3
# closed DB; exact transaction test state retained: C:\\Users\\b_a_s\\AppData\\Local\\Temp\\c2r9-t-50b3P3
# C5 CLI root: {"event":"created","path":"C:\\\\Users\\\\b_a_s\\\\AppData\\\\Local\\\\Temp\\\\c2r9-t-G3nTcK"}
# Subtest: C2 round9 SQLite bootstrap rollback and reopen at after-host
ok 278 - C2 round9 SQLite bootstrap rollback and reopen at after-host
  ---
  duration_ms: 101.4807
  type: 'test'
  ...
# fresh synthetic transaction fixture retained: C:\\Users\\b_a_s\\AppData\\Local\\Temp\\c2r9-t-G3nTcK
# closed DB; exact transaction test state retained: C:\\Users\\b_a_s\\AppData\\Local\\Temp\\c2r9-t-G3nTcK
# C5 CLI root: {"event":"created","path":"C:\\\\Users\\\\b_a_s\\\\AppData\\\\Local\\\\Temp\\\\c2r9-p-7NP3jo"}
# Subtest: C2 round9 portable private snapshot pristine
ok 279 - C2 round9 portable private snapshot pristine
  ---
  duration_ms: 7.1732
  type: 'test'
  ...
# fresh non-native portable snapshot fixture retained: C:\\Users\\b_a_s\\AppData\\Local\\Temp\\c2r9-p-7NP3jo
# no native process/timer/subscription created; channel detached when returned; exact fixture retained: C:\\Users\\b_a_s\\AppData\\Local\\Temp\\c2r9-p-7NP3jo
# C5 CLI root: {"event":"created","path":"C:\\\\Users\\\\b_a_s\\\\AppData\\\\Local\\\\Temp\\\\c2r9-p-06xOlS"}
# Subtest: C2 round9 portable private snapshot retired-prefix
ok 280 - C2 round9 portable private snapshot retired-prefix
  ---
  duration_ms: 4.5593
  type: 'test'
  ...
# fresh non-native portable snapshot fixture retained: C:\\Users\\b_a_s\\AppData\\Local\\Temp\\c2r9-p-06xOlS
# no native process/timer/subscription created; channel detached when returned; exact fixture retained: C:\\Users\\b_a_s\\AppData\\Local\\Temp\\c2r9-p-06xOlS
# C5 CLI root: {"event":"created","path":"C:\\\\Users\\\\b_a_s\\\\AppData\\\\Local\\\\Temp\\\\c2r9-p-iuFmvI"}
# Subtest: C2 round9 portable private snapshot pending-ack
ok 281 - C2 round9 portable private snapshot pending-ack
  ---
  duration_ms: 6.4574
  type: 'test'
  ...
# fresh non-native portable snapshot fixture retained: C:\\Users\\b_a_s\\AppData\\Local\\Temp\\c2r9-p-iuFmvI
# no native process/timer/subscription created; channel detached when returned; exact fixture retained: C:\\Users\\b_a_s\\AppData\\Local\\Temp\\c2r9-p-iuFmvI
# C5 CLI root: {"event":"created","path":"C:\\\\Users\\\\b_a_s\\\\AppData\\\\Local\\\\Temp\\\\c2r9-p-NuDb8t"}
# Subtest: C2 round9 portable private snapshot corrupt-bytes
ok 282 - C2 round9 portable private snapshot corrupt-bytes
  ---
  duration_ms: 3.355
  type: 'test'
  ...
# fresh non-native portable snapshot fixture retained: C:\\Users\\b_a_s\\AppData\\Local\\Temp\\c2r9-p-NuDb8t
# no native process/timer/subscription created; channel detached when returned; exact fixture retained: C:\\Users\\b_a_s\\AppData\\Local\\Temp\\c2r9-p-NuDb8t
# C5 CLI root: {"event":"created","path":"C:\\\\Users\\\\b_a_s\\\\AppData\\\\Local\\\\Temp\\\\c2r9-p-TAOyxo"}
# Subtest: C2 round9 portable private snapshot missing-checkpoint
ok 283 - C2 round9 portable private snapshot missing-checkpoint
  ---
  duration_ms: 1.5668
  type: 'test'
  ...
# fresh non-native portable snapshot fixture retained: C:\\Users\\b_a_s\\AppData\\Local\\Temp\\c2r9-p-TAOyxo
# no native process/timer/subscription created; channel detached when returned; exact fixture retained: C:\\Users\\b_a_s\\AppData\\Local\\Temp\\c2r9-p-TAOyxo
# C5 CLI root: {"event":"created","path":"C:\\\\Users\\\\b_a_s\\\\AppData\\\\Local\\\\Temp\\\\c2r9-p-Z6reMa"}
# Subtest: C2 round9 portable private snapshot retirement-intent
ok 284 - C2 round9 portable private snapshot retirement-intent
  ---
  duration_ms: 2.936
  type: 'test'
  ...
# fresh non-native portable snapshot fixture retained: C:\\Users\\b_a_s\\AppData\\Local\\Temp\\c2r9-p-Z6reMa
# no native process/timer/subscription created; channel detached when returned; exact fixture retained: C:\\Users\\b_a_s\\AppData\\Local\\Temp\\c2r9-p-Z6reMa
# C5 CLI root: {"event":"created","path":"C:\\\\Users\\\\b_a_s\\\\AppData\\\\Local\\\\Temp\\\\c2r9-l-NU9sH8"}
# Subtest: C2 round9 pending acquisition and late detach remain joined across timeout retry
ok 285 - C2 round9 pending acquisition and late detach remain joined across timeout retry
  ---
  duration_ms: 153.1605
  type: 'test'
  ...
# fresh late-effect fixture retained: C:\\Users\\b_a_s\\AppData\\Local\\Temp\\c2r9-l-NU9sH8
# late acquisition/detach joined and DB closed; exact fixture retained: C:\\Users\\b_a_s\\AppData\\Local\\Temp\\c2r9-l-NU9sH8
# C5 CLI root: {"event":"created","path":"C:\\\\Users\\\\b_a_s\\\\AppData\\\\Local\\\\Temp\\\\c2r9-c-vRWLBF"}
# Subtest: C2 round9 SQLite refuses contradictory marker-without-row
ok 286 - C2 round9 SQLite refuses contradictory marker-without-row
  ---
  duration_ms: 87.8044
  type: 'test'
  ...
# fresh contradictory-authority fixture retained: C:\\Users\\b_a_s\\AppData\\Local\\Temp\\c2r9-c-vRWLBF
# closed exact deliberately contradictory test DB; no repair/deletion of fixture root: C:\\Users\\b_a_s\\AppData\\Local\\Temp\\c2r9-c-vRWLBF
# C5 CLI root: {"event":"created","path":"C:\\\\Users\\\\b_a_s\\\\AppData\\\\Local\\\\Temp\\\\c2r9-c-R2gkR8"}
# Subtest: C2 round9 SQLite refuses contradictory row-without-marker
ok 287 - C2 round9 SQLite refuses contradictory row-without-marker
  ---
  duration_ms: 75.2529
  type: 'test'
  ...
# fresh contradictory-authority fixture retained: C:\\Users\\b_a_s\\AppData\\Local\\Temp\\c2r9-c-R2gkR8
# closed exact deliberately contradictory test DB; no repair/deletion of fixture root: C:\\Users\\b_a_s\\AppData\\Local\\Temp\\c2r9-c-R2gkR8
# C5 CLI root: {"event":"created","path":"C:\\\\Users\\\\b_a_s\\\\AppData\\\\Local\\\\Temp\\\\c2r9-c-2mFp5Y"}
# Subtest: C2 round9 SQLite refuses contradictory foreign-row-without-marker
ok 288 - C2 round9 SQLite refuses contradictory foreign-row-without-marker
  ---
  duration_ms: 76.431
  type: 'test'
  ...
# fresh contradictory-authority fixture retained: C:\\Users\\b_a_s\\AppData\\Local\\Temp\\c2r9-c-2mFp5Y
# closed exact deliberately contradictory test DB; no repair/deletion of fixture root: C:\\Users\\b_a_s\\AppData\\Local\\Temp\\c2r9-c-2mFp5Y
# C5 CLI root: {"event":"created","path":"C:\\\\Users\\\\b_a_s\\\\AppData\\\\Local\\\\Temp\\\\c2r9-c-sVTCc4"}
# Subtest: C2 round9 SQLite refuses contradictory session-already-exists
ok 289 - C2 round9 SQLite refuses contradictory session-already-exists
  ---
  duration_ms: 89.386
  type: 'test'
  ...
# fresh contradictory-authority fixture retained: C:\\Users\\b_a_s\\AppData\\Local\\Temp\\c2r9-c-sVTCc4
# closed exact deliberately contradictory test DB; no repair/deletion of fixture root: C:\\Users\\b_a_s\\AppData\\Local\\Temp\\c2r9-c-sVTCc4
# C5 CLI root: {"event":"exit","path":"C:\\\\Users\\\\b_a_s\\\\AppData\\\\Local\\\\Temp\\\\c2r9-EUVJq5","existsAtExit":true}
# C5 CLI root: {"event":"exit","path":"C:\\\\Users\\\\b_a_s\\\\AppData\\\\Local\\\\Temp\\\\c2r9-xJLp3P","existsAtExit":true}
# C5 CLI root: {"event":"exit","path":"C:\\\\Users\\\\b_a_s\\\\AppData\\\\Local\\\\Temp\\\\c2r9-ATcYsO","existsAtExit":true}
# C5 CLI root: {"event":"exit","path":"C:\\\\Users\\\\b_a_s\\\\AppData\\\\Local\\\\Temp\\\\c2r9-u8ADq2","existsAtExit":true}
# C5 CLI root: {"event":"exit","path":"C:\\\\Users\\\\b_a_s\\\\AppData\\\\Local\\\\Temp\\\\c2r9-AQFIBW","existsAtExit":true}
# C5 CLI root: {"event":"exit","path":"C:\\\\Users\\\\b_a_s\\\\AppData\\\\Local\\\\Temp\\\\c2r9-dQr71f","existsAtExit":true}
# C5 CLI root: {"event":"exit","path":"C:\\\\Users\\\\b_a_s\\\\AppData\\\\Local\\\\Temp\\\\c2r9-vaV6sc","existsAtExit":true}
# C5 CLI root: {"event":"exit","path":"C:\\\\Users\\\\b_a_s\\\\AppData\\\\Local\\\\Temp\\\\c2r9-jOLsr9","existsAtExit":true}
# C5 CLI root: {"event":"exit","path":"C:\\\\Users\\\\b_a_s\\\\AppData\\\\Local\\\\Temp\\\\c2r9-fCHdax","existsAtExit":true}
# C5 CLI root: {"event":"exit","path":"C:\\\\Users\\\\b_a_s\\\\AppData\\\\Local\\\\Temp\\\\c2r9-Q4ggcu","existsAtExit":true}
# C5 CLI root: {"event":"exit","path":"C:\\\\Users\\\\b_a_s\\\\AppData\\\\Local\\\\Temp\\\\c2r9-3cpciU","existsAtExit":true}
# C5 CLI root: {"event":"exit","path":"C:\\\\Users\\\\b_a_s\\\\AppData\\\\Local\\\\Temp\\\\c2r9-jf1TqJ","existsAtExit":true}
# C5 CLI root: {"event":"exit","path":"C:\\\\Users\\\\b_a_s\\\\AppData\\\\Local\\\\Temp\\\\c2r9-PWIdw0","existsAtExit":true}
# C5 CLI root: {"event":"exit","path":"C:\\\\Users\\\\b_a_s\\\\AppData\\\\Local\\\\Temp\\\\c2r9-3vB0Ky","existsAtExit":true}
# C5 CLI root: {"event":"exit","path":"C:\\\\Users\\\\b_a_s\\\\AppData\\\\Local\\\\Temp\\\\c2r9-Gwko1r","existsAtExit":true}
# C5 CLI root: {"event":"exit","path":"C:\\\\Users\\\\b_a_s\\\\AppData\\\\Local\\\\Temp\\\\c2r9-9eZJwv","existsAtExit":true}
# C5 CLI root: {"event":"exit","path":"C:\\\\Users\\\\b_a_s\\\\AppData\\\\Local\\\\Temp\\\\c2r9-JwtMBw","existsAtExit":true}
# C5 CLI root: {"event":"exit","path":"C:\\\\Users\\\\b_a_s\\\\AppData\\\\Local\\\\Temp\\\\c2r9-iN0474","existsAtExit":true}
# C5 CLI root: {"event":"exit","path":"C:\\\\Users\\\\b_a_s\\\\AppData\\\\Local\\\\Temp\\\\c2r9-keLiut","existsAtExit":true}
# C5 CLI root: {"event":"exit","path":"C:\\\\Users\\\\b_a_s\\\\AppData\\\\Local\\\\Temp\\\\c2r9-mKYCRS","existsAtExit":true}
# C5 CLI root: {"event":"exit","path":"C:\\\\Users\\\\b_a_s\\\\AppData\\\\Local\\\\Temp\\\\c2r9-MiWRQQ","existsAtExit":true}
# C5 CLI root: {"event":"exit","path":"C:\\\\Users\\\\b_a_s\\\\AppData\\\\Local\\\\Temp\\\\c2r9-t4rBCp","existsAtExit":true}
# C5 CLI root: {"event":"exit","path":"C:\\\\Users\\\\b_a_s\\\\AppData\\\\Local\\\\Temp\\\\c2r9-pgJpGS","existsAtExit":true}
# C5 CLI root: {"event":"exit","path":"C:\\\\Users\\\\b_a_s\\\\AppData\\\\Local\\\\Temp\\\\c2r9-ySpKs6","existsAtExit":true}
# C5 CLI root: {"event":"exit","path":"C:\\\\Users\\\\b_a_s\\\\AppData\\\\Local\\\\Temp\\\\c2r9-Ei2FPZ","existsAtExit":true}
# C5 CLI root: {"event":"exit","path":"C:\\\\Users\\\\b_a_s\\\\AppData\\\\Local\\\\Temp\\\\c2r9-PYSuMp","existsAtExit":true}
# C5 CLI root: {"event":"exit","path":"C:\\\\Users\\\\b_a_s\\\\AppData\\\\Local\\\\Temp\\\\c2r9-yZG60n","existsAtExit":true}
# C5 CLI root: {"event":"exit","path":"C:\\\\Users\\\\b_a_s\\\\AppData\\\\Local\\\\Temp\\\\c2r9-2SQb3v","existsAtExit":true}
# C5 CLI root: {"event":"exit","path":"C:\\\\Users\\\\b_a_s\\\\AppData\\\\Local\\\\Temp\\\\c2r9-LWeWA1","existsAtExit":true}
# C5 CLI root: {"event":"exit","path":"C:\\\\Users\\\\b_a_s\\\\AppData\\\\Local\\\\Temp\\\\c2r9-VJrBG1","existsAtExit":true}
# C5 CLI root: {"event":"exit","path":"C:\\\\Users\\\\b_a_s\\\\AppData\\\\Local\\\\Temp\\\\c2r9-OWeGIZ","existsAtExit":true}
# C5 CLI root: {"event":"exit","path":"C:\\\\Users\\\\b_a_s\\\\AppData\\\\Local\\\\Temp\\\\c2r9-mQxnJx","existsAtExit":true}
# C5 CLI root: {"event":"exit","path":"C:\\\\Users\\\\b_a_s\\\\AppData\\\\Local\\\\Temp\\\\c2r9-7oKcxc","existsAtExit":true}
# C5 CLI root: {"event":"exit","path":"C:\\\\Users\\\\b_a_s\\\\AppData\\\\Local\\\\Temp\\\\c2r9-O3OtJs","existsAtExit":true}
# C5 CLI root: {"event":"exit","path":"C:\\\\Users\\\\b_a_s\\\\AppData\\\\Local\\\\Temp\\\\c2r9-tLomxI","existsAtExit":true}
# C5 CLI root: {"event":"exit","path":"C:\\\\Users\\\\b_a_s\\\\AppData\\\\Local\\\\Temp\\\\c2r9-9SKECw","existsAtExit":true}
# C5 CLI root: {"event":"exit","path":"C:\\\\Users\\\\b_a_s\\\\AppData\\\\Local\\\\Temp\\\\c2r9-sx6pum","existsAtExit":true}
# C5 CLI root: {"event":"exit","path":"C:\\\\Users\\\\b_a_s\\\\AppData\\\\Local\\\\Temp\\\\c2r9-mTOYhJ","existsAtExit":true}
# C5 CLI root: {"event":"exit","path":"C:\\\\Users\\\\b_a_s\\\\AppData\\\\Local\\\\Temp\\\\c2r9-s-0mcGju","existsAtExit":true}
# C5 CLI root: {"event":"exit","path":"C:\\\\Users\\\\b_a_s\\\\AppData\\\\Local\\\\Temp\\\\c2r9-s-jkUsHB","existsAtExit":true}
# C5 CLI root: {"event":"exit","path":"C:\\\\Users\\\\b_a_s\\\\AppData\\\\Local\\\\Temp\\\\c2r9-t-P1W7lk","existsAtExit":true}
# C5 CLI root: {"event":"exit","path":"C:\\\\Users\\\\b_a_s\\\\AppData\\\\Local\\\\Temp\\\\c2r9-t-oUFGh4","existsAtExit":true}
# C5 CLI root: {"event":"exit","path":"C:\\\\Users\\\\b_a_s\\\\AppData\\\\Local\\\\Temp\\\\c2r9-t-50b3P3","existsAtExit":true}
# C5 CLI root: {"event":"exit","path":"C:\\\\Users\\\\b_a_s\\\\AppData\\\\Local\\\\Temp\\\\c2r9-t-G3nTcK","existsAtExit":true}
# C5 CLI root: {"event":"exit","path":"C:\\\\Users\\\\b_a_s\\\\AppData\\\\Local\\\\Temp\\\\c2r9-p-7NP3jo","existsAtExit":true}
# C5 CLI root: {"event":"exit","path":"C:\\\\Users\\\\b_a_s\\\\AppData\\\\Local\\\\Temp\\\\c2r9-p-06xOlS","existsAtExit":true}
# C5 CLI root: {"event":"exit","path":"C:\\\\Users\\\\b_a_s\\\\AppData\\\\Local\\\\Temp\\\\c2r9-p-iuFmvI","existsAtExit":true}
# C5 CLI root: {"event":"exit","path":"C:\\\\Users\\\\b_a_s\\\\AppData\\\\Local\\\\Temp\\\\c2r9-p-NuDb8t","existsAtExit":true}
# C5 CLI root: {"event":"exit","path":"C:\\\\Users\\\\b_a_s\\\\AppData\\\\Local\\\\Temp\\\\c2r9-p-TAOyxo","existsAtExit":true}
# C5 CLI root: {"event":"exit","path":"C:\\\\Users\\\\b_a_s\\\\AppData\\\\Local\\\\Temp\\\\c2r9-p-Z6reMa","existsAtExit":true}
# C5 CLI root: {"event":"exit","path":"C:\\\\Users\\\\b_a_s\\\\AppData\\\\Local\\\\Temp\\\\c2r9-l-NU9sH8","existsAtExit":true}
# C5 CLI root: {"event":"exit","path":"C:\\\\Users\\\\b_a_s\\\\AppData\\\\Local\\\\Temp\\\\c2r9-c-vRWLBF","existsAtExit":true}
# C5 CLI root: {"event":"exit","path":"C:\\\\Users\\\\b_a_s\\\\AppData\\\\Local\\\\Temp\\\\c2r9-c-R2gkR8","existsAtExit":true}
# C5 CLI root: {"event":"exit","path":"C:\\\\Users\\\\b_a_s\\\\AppData\\\\Local\\\\Temp\\\\c2r9-c-2mFp5Y","existsAtExit":true}
# C5 CLI root: {"event":"exit","path":"C:\\\\Users\\\\b_a_s\\\\AppData\\\\Local\\\\Temp\\\\c2r9-c-sVTCc4","existsAtExit":true}
# C5 CLI root: {"event":"created","path":"C:\\\\Users\\\\b_a_s\\\\AppData\\\\Local\\\\Temp\\\\p6-binary-output-5cn6UF"}
# Subtest: subprocess memory preserves exact binary tail through real spool and durable result
ok 290 - subprocess memory preserves exact binary tail through real spool and durable result
  ---
  duration_ms: 73.4016
  type: 'test'
  ...
# acquired synthetic process/output fixture: C:\\Users\\b_a_s\\AppData\\Local\\Temp\\p6-binary-output-5cn6UF
# C5 CLI root: {"event":"created","path":"C:\\\\Users\\\\b_a_s\\\\AppData\\\\Local\\\\Temp\\\\p6-binary-output-EGcJIr"}
# closed synthetic store/output; removed exact fixture: C:\\Users\\b_a_s\\AppData\\Local\\Temp\\p6-binary-output-5cn6UF
# Subtest: subprocess sqlite preserves exact binary tail through real spool and durable result
ok 291 - subprocess sqlite preserves exact binary tail through real spool and durable result
  ---
  duration_ms: 262.6044
  type: 'test'
  ...
# acquired synthetic process/output fixture: C:\\Users\\b_a_s\\AppData\\Local\\Temp\\p6-binary-output-EGcJIr
# closed synthetic store/output; removed exact fixture: C:\\Users\\b_a_s\\AppData\\Local\\Temp\\p6-binary-output-EGcJIr
# Subtest: caller can provide only an opaque grant id and forged grant/result fields are rejected
ok 292 - caller can provide only an opaque grant id and forged grant/result fields are rejected
  ---
  duration_ms: 0.9634
  type: 'test'
  ...
# Subtest: runtime denies a semantic tree guarantee when the active adapter attests only partial ownership
ok 293 - runtime denies a semantic tree guarantee when the active adapter attests only partial ownership
  ---
  duration_ms: 3.9444
  type: 'test'
  ...
# Subtest: runtime factory rejects malicious structural authority and launch sees a deep immutable intent snapshot
ok 294 - runtime factory rejects malicious structural authority and launch sees a deep immutable intent snapshot
  ---
  duration_ms: 23.9265
  type: 'test'
  ...
# Subtest: runtime is a closure facade exposing only intended invocation methods
ok 295 - runtime is a closure facade exposing only intended invocation methods
  ---
  duration_ms: 0.7099
  type: 'test'
  ...
# Subtest: every output and backend effect receives the durable owner fencing token
ok 296 - every output and backend effect receives the durable owner fencing token
  ---
  duration_ms: 22.7712
  type: 'test'
  ...
# Subtest: durable claim and output owner exist before first await so immediate cancel is queued
ok 297 - durable claim and output owner exist before first await so immediate cancel is queued
  ---
  duration_ms: 33.9035
  type: 'test'
  ...
# Subtest: crash-safe output intent precedes idempotent prepare and prepare failure is durable
ok 298 - crash-safe output intent precedes idempotent prepare and prepare failure is durable
  ---
  duration_ms: 5.0444
  type: 'test'
  ...
# Subtest: failed prelaunch output cleanup remains recoverable until owner cleanup succeeds
ok 299 - failed prelaunch output cleanup remains recoverable until owner cleanup succeeds
  ---
  duration_ms: 10.2146
  type: 'test'
  ...
# Subtest: recoverable launch cleanup blocker binds identity and persists without prelaunch cleanup or relaunch
ok 300 - recoverable launch cleanup blocker binds identity and persists without prelaunch cleanup or relaunch
  ---
  duration_ms: 27.8698
  type: 'test'
  ...
# C5 CLI root: {"event":"created","path":"C:\\\\Users\\\\b_a_s\\\\AppData\\\\Local\\\\Temp\\\\runner-v2-blocked-g6xRY4"}
# Subtest: restart reattests a live launch blocker and retry never relaunches
ok 301 - restart reattests a live launch blocker and retry never relaunches
  ---
  duration_ms: 230.1875
  type: 'test'
  ...
# C5 CLI root: {"event":"created","path":"C:\\\\Users\\\\b_a_s\\\\AppData\\\\Local\\\\Temp\\\\runner-v2-same-owner-retry-CL2EEz"}
# Subtest: expired same-owner retry advances its durable fence before effects and heartbeats across takeover attempts
ok 302 - expired same-owner retry advances its durable fence before effects and heartbeats across takeover attempts
  ---
  duration_ms: 204.1492
  type: 'test'
  ...
# C5 CLI root: {"event":"created","path":"C:\\\\Users\\\\b_a_s\\\\AppData\\\\Local\\\\Temp\\\\runner-v2-same-owner-cancel-afs3OY"}
# Subtest: expired same-owner cancellation advances its durable fence before a blocked signal and prevents takeover
ok 303 - expired same-owner cancellation advances its durable fence before a blocked signal and prevents takeover
  ---
  duration_ms: 267.6927
  type: 'test'
  ...
# C5 CLI root: {"event":"created","path":"C:\\\\Users\\\\b_a_s\\\\AppData\\\\Local\\\\Temp\\\\runner-v2-same-owner-fence-loss-kZwQEp"}
# Subtest: durable in-flight reconciliation blocks takeover effects after heartbeat authority loss
ok 304 - durable in-flight reconciliation blocks takeover effects after heartbeat authority loss
  ---
  duration_ms: 144.4972
  type: 'test'
  ...
# C5 CLI root: {"event":"created","path":"C:\\\\Users\\\\b_a_s\\\\AppData\\\\Local\\\\Temp\\\\runner-v2-signal-fence-loss-Nc9usc"}
# Subtest: durable in-flight signal blocks takeover effects after heartbeat authority loss
ok 305 - durable in-flight signal blocks takeover effects after heartbeat authority loss
  ---
  duration_ms: 184.4299
  type: 'test'
  ...
# C5 CLI root: {"event":"created","path":"C:\\\\Users\\\\b_a_s\\\\AppData\\\\Local\\\\Temp\\\\runner-v2-finalize-fence-loss-fyhlZJ"}
# Subtest: durable in-flight output finalization blocks takeover and duplicate release
ok 306 - durable in-flight output finalization blocks takeover and duplicate release
  ---
  duration_ms: 167.3103
  type: 'test'
  ...
# C5 CLI root: {"event":"created","path":"C:\\\\Users\\\\b_a_s\\\\AppData\\\\Local\\\\Temp\\\\runner-v2-release-fence-loss-HyPtrq"}
# Subtest: durable in-flight backend release blocks takeover and duplicate release
ok 307 - durable in-flight backend release blocks takeover and duplicate release
  ---
  duration_ms: 200.7787
  type: 'test'
  ...
# C5 CLI root: {"event":"created","path":"C:\\\\Users\\\\b_a_s\\\\AppData\\\\Local\\\\Temp\\\\runner-v2-reopen-fence-loss-j45696"}
# C5 CLI root: {"event":"created","path":"C:\\\\Users\\\\b_a_s\\\\AppData\\\\Local\\\\Temp\\\\runner-v2-observe-write-fence-loss-3aFHa6"}
# Subtest: durable recovery output reopen blocks takeover before any contender effect
ok 308 - durable recovery output reopen blocks takeover before any contender effect
  ---
  duration_ms: 124.4131
  type: 'test'
  ...
# Subtest: durable recovery observation covers blocked output writes and blocks takeover
ok 309 - durable recovery observation covers blocked output writes and blocks takeover
  ---
  duration_ms: 92.0102
  type: 'test'
  ...
# C5 CLI root: {"event":"created","path":"C:\\\\Users\\\\b_a_s\\\\AppData\\\\Local\\\\Temp\\\\runner-v2-verify-empty-fence-loss-2BbN9z"}
# Subtest: durable verified-empty inspection blocks takeover and duplicate cleanup effects
ok 310 - durable verified-empty inspection blocks takeover and duplicate cleanup effects
  ---
  duration_ms: 185.9238
  type: 'test'
  ...
# Subtest: same owner consumes signal before observe without losing either journal marker
ok 311 - same owner consumes signal before observe without losing either journal marker
  ---
  duration_ms: 37.5761
  type: 'test'
  ...
# Subtest: same owner consumes observe before signal without stranding the exact signal marker
ok 312 - same owner consumes observe before signal without stranding the exact signal marker
  ---
  duration_ms: 37.7693
  type: 'test'
  ...
# Subtest: observe-first preserves proven exit for every valid late signal response
    # Subtest: exited
    ok 1 - exited
      ---
      duration_ms: 34.7119
      type: 'test'
      ...
    # Subtest: running
    ok 2 - running
      ---
      duration_ms: 38.0022
      type: 'test'
      ...
    1..2
ok 313 - observe-first preserves proven exit for every valid late signal response
  ---
  duration_ms: 73.3142
  type: 'test'
  ...
# C5 CLI root: {"event":"created","path":"C:\\\\Users\\\\b_a_s\\\\AppData\\\\Local\\\\Temp\\\\runner-v2-malformed-signal-2RxpF3"}
# Subtest: malformed observe-first signal remains completed across SQLite restart
ok 314 - malformed observe-first signal remains completed across SQLite restart
  ---
  duration_ms: 688.9247
  type: 'test'
  ...
# C5 CLI root: {"event":"created","path":"C:\\\\Users\\\\b_a_s\\\\AppData\\\\Local\\\\Temp\\\\runner-v2-cancel-deny-reopen-85436W"}
# Subtest: cancel denies every live same-owner family except one active observation
    # Subtest: output_reopen
    ok 1 - output_reopen
      ---
      duration_ms: 126.446
      type: 'test'
      ...
# C5 CLI root: {"event":"created","path":"C:\\\\Users\\\\b_a_s\\\\AppData\\\\Local\\\\Temp\\\\runner-v2-cancel-deny-reconcile-7RfFg1"}
    # Subtest: backend_reconcile
    ok 2 - backend_reconcile
      ---
      duration_ms: 110.9802
      type: 'test'
      ...
    # Subtest: backend_verify_empty
    ok 3 - backend_verify_empty
      ---
      duration_ms: 12.3148
      type: 'test'
      ...
    1..3
ok 315 - cancel denies every live same-owner family except one active observation
  ---
  duration_ms: 250.3803
  type: 'test'
  ...
# Subtest: cancel table rejects active finalize verify and release effects
    # Subtest: output_finalize
# C5 CLI root: {"event":"created","path":"C:\\\\Users\\\\b_a_s\\\\AppData\\\\Local\\\\Temp\\\\runner-v2-malformed-backend_observe-i6s3WJ"}
    ok 1 - output_finalize
      ---
      duration_ms: 26.3771
      type: 'test'
      ...
    # Subtest: backend_verify_empty
    ok 2 - backend_verify_empty
      ---
      duration_ms: 19.9563
      type: 'test'
      ...
    # Subtest: backend_release
    ok 3 - backend_release
      ---
      duration_ms: 21.3126
      type: 'test'
      ...
    1..3
ok 316 - cancel table rejects active finalize verify and release effects
  ---
  duration_ms: 68.216
  type: 'test'
  ...
# Subtest: malformed successful journaled calls remain completed and cannot repeat on retry cancel or restart
    # Subtest: backend_observe
    ok 1 - backend_observe
      ---
      duration_ms: 495.688
      type: 'test'
      ...
# C5 CLI root: {"event":"created","path":"C:\\\\Users\\\\b_a_s\\\\AppData\\\\Local\\\\Temp\\\\runner-v2-malformed-output_finalize-yjH6Vs"}
    # Subtest: output_finalize
    ok 2 - output_finalize
      ---
      duration_ms: 71.912
      type: 'test'
      ...
# C5 CLI root: {"event":"created","path":"C:\\\\Users\\\\b_a_s\\\\AppData\\\\Local\\\\Temp\\\\runner-v2-malformed-backend_verify_empty-PtCvWz"}
    # Subtest: backend_verify_empty
    ok 3 - backend_verify_empty
      ---
      duration_ms: 82.7761
      type: 'test'
      ...
# C5 CLI root: {"event":"created","path":"C:\\\\Users\\\\b_a_s\\\\AppData\\\\Local\\\\Temp\\\\runner-v2-malformed-backend_release-fALfyS"}
    # Subtest: backend_release
    ok 4 - backend_release
      ---
      duration_ms: 103.7213
      type: 'test'
      ...
    1..4
ok 317 - malformed successful journaled calls remain completed and cannot repeat on retry cancel or restart
  ---
  duration_ms: 754.8334
  type: 'test'
  ...
# Subtest: raw journaled rejection remains started and blocks retry cancel and startup recovery
ok 318 - raw journaled rejection remains started and blocks retry cancel and startup recovery
  ---
  duration_ms: 11.5362
  type: 'test'
  ...
# C5 CLI root: {"event":"created","path":"C:\\\\Users\\\\b_a_s\\\\AppData\\\\Local\\\\Temp\\\\runner-v2-raw-rejection-restart-G1koq5"}
# Subtest: raw rejection marker survives SQLite restart and blocks every contender path
ok 319 - raw rejection marker survives SQLite restart and blocks every contender path
  ---
  duration_ms: 69.0593
  type: 'test'
  ...
# C5 CLI root: {"event":"created","path":"C:\\\\Users\\\\b_a_s\\\\AppData\\\\Local\\\\Temp\\\\runner-v2-transient-heartbeat-ySPqKO"}
# Subtest: transient heartbeat failure leaves a started marker after raw success and blocks contenders
ok 320 - transient heartbeat failure leaves a started marker after raw success and blocks contenders
  ---
  duration_ms: 95.2383
  type: 'test'
  ...
# C5 CLI root: {"event":"created","path":"C:\\\\Users\\\\b_a_s\\\\AppData\\\\Local\\\\Temp\\\\runner-v2-blocked-VW4UFi"}
# Subtest: restart closes a launch blocker only after natural exit and verified release
ok 321 - restart closes a launch blocker only after natural exit and verified release
  ---
  duration_ms: 271.1636
  type: 'test'
  ...
# C5 CLI root: {"event":"created","path":"C:\\\\Users\\\\b_a_s\\\\AppData\\\\Local\\\\Temp\\\\runner-v2-blocked-R9m8ll"}
# Subtest: restart cancellation stops only the authenticated blocked identity and completes cleanup
ok 322 - restart cancellation stops only the authenticated blocked identity and completes cleanup
  ---
  duration_ms: 232.0383
  type: 'test'
  ...
# C5 CLI root: {"event":"created","path":"C:\\\\Users\\\\b_a_s\\\\AppData\\\\Local\\\\Temp\\\\runner-v2-unenforced-cancel-AdbhPc"}
# Subtest: restart cancellation preserves blocker evidence when authenticated escalation cannot enforce exit
ok 323 - restart cancellation preserves blocker evidence when authenticated escalation cannot enforce exit
  ---
  duration_ms: 222.7113
  type: 'test'
  ...
# C5 CLI root: {"event":"created","path":"C:\\\\Users\\\\b_a_s\\\\AppData\\\\Local\\\\Temp\\\\runner-v2-unavailable-BkNaCm"}
# C5 CLI root: {"event":"created","path":"C:\\\\Users\\\\b_a_s\\\\AppData\\\\Local\\\\Temp\\\\runner-v2-outcome_unknown-3WqUj8"}
# C5 CLI root: {"event":"created","path":"C:\\\\Users\\\\b_a_s\\\\AppData\\\\Local\\\\Temp\\\\runner-v2-identity_mismatch-JtQIat"}
# Subtest: restart preserves typed launch blockers for unavailable, unknown, and mismatched backends
ok 324 - restart preserves typed launch blockers for unavailable, unknown, and mismatched backends
  ---
  duration_ms: 317.0395
  type: 'test'
  ...
# C5 CLI root: {"event":"created","path":"C:\\\\Users\\\\b_a_s\\\\AppData\\\\Local\\\\Temp\\\\runner-v2-blocked-9lLfbt"}
# Subtest: stale restart owner cannot recover or cancel a leased launch blocker
ok 325 - stale restart owner cannot recover or cancel a leased launch blocker
  ---
  duration_ms: 78.112
  type: 'test'
  ...
# Subtest: Runner-private grant is atomically consumed, strictly snapshotted, run-bound, and expiry checked
ok 326 - Runner-private grant is atomically consumed, strictly snapshotted, run-bound, and expiry checked
  ---
  duration_ms: 4.3043
  type: 'test'
  ...
# Subtest: concurrent exact invocations share one operation while divergent retries conflict
# C5 CLI root: {"event":"created","path":"C:\\\\Users\\\\b_a_s\\\\AppData\\\\Local\\\\Temp\\\\runner-v2-runtime-sqlite-SSs4EM"}
ok 327 - concurrent exact invocations share one operation while divergent retries conflict
  ---
  duration_ms: 47.6896
  type: 'test'
  ...
# Subtest: separate SQLite runtime contenders durably elect one winner before grant or output effects
ok 328 - separate SQLite runtime contenders durably elect one winner before grant or output effects
  ---
  duration_ms: 125.7586
  type: 'test'
  ...
# C5 CLI root: {"event":"created","path":"C:\\\\Users\\\\b_a_s\\\\AppData\\\\Local\\\\Temp\\\\runner-v2-process-contention-9fsN7L"}
# Subtest: separate OS processes contend through SQLite with one pre-effect owner
ok 329 - separate OS processes contend through SQLite with one pre-effect owner
  ---
  duration_ms: 352.6012
  type: 'test'
  ...
# C5 CLI root: {"event":"created","path":"C:\\\\Users\\\\b_a_s\\\\AppData\\\\Local\\\\Temp\\\\runner-v2-init-lock-pQeeAc"}
# Subtest: separate OS processes retry writable SQLite initialization across a transient schema lock
ok 330 - separate OS processes retry writable SQLite initialization across a transient schema lock
  ---
  duration_ms: 5533.3508
  type: 'test'
  ...
# C5 CLI root: {"event":"created","path":"C:\\\\Users\\\\b_a_s\\\\AppData\\\\Local\\\\Temp\\\\runner-v2-lease-inYv08"}
# Subtest: live owner heartbeat prevents lease stealing throughout a blocked output effect
ok 331 - live owner heartbeat prevents lease stealing throughout a blocked output effect
  ---
  duration_ms: 145.6258
  type: 'test'
  ...
# C5 CLI root: {"event":"created","path":"C:\\\\Users\\\\b_a_s\\\\AppData\\\\Local\\\\Temp\\\\runner-v2-stale-fence-29CP9S"}
# Subtest: stale owner completing an uncertain effect is rejected after safe expiry takeover
ok 332 - stale owner completing an uncertain effect is rejected after safe expiry takeover
  ---
  duration_ms: 42.878
  type: 'test'
  ...
# C5 CLI root: {"event":"created","path":"C:\\\\Users\\\\b_a_s\\\\AppData\\\\Local\\\\Temp\\\\runner-v2-launch-orphan-Bjpks8"}
# Subtest: expired unbound launch is atomically orphaned without takeover cleanup or relaunch
ok 333 - expired unbound launch is atomically orphaned without takeover cleanup or relaunch
  ---
  duration_ms: 41.8434
  type: 'test'
  ...
# C5 CLI root: {"event":"created","path":"C:\\\\Users\\\\b_a_s\\\\AppData\\\\Local\\\\Temp\\\\runner-v2-bound-recovery-loZAn7"}
# Subtest: expired bound active observation blocks takeover reconciliation until its owner settles
ok 334 - expired bound active observation blocks takeover reconciliation until its owner settles
  ---
  duration_ms: 106.2134
  type: 'test'
  ...
# Subtest: deadline is runtime-owned and persists interrupt terminate force escalation before effects
ok 335 - deadline is runtime-owned and persists interrupt terminate force escalation before effects
  ---
  duration_ms: 57.9579
  type: 'test'
  ...
# Subtest: cancellation during launch queues durable stop and signals only after identity bind
ok 336 - cancellation during launch queues durable stop and signals only after identity bind
  ---
  duration_ms: 30.1461
  type: 'test'
  ...
# Subtest: terminal cancel is a read-only no-op and never signals a cleaned process
ok 337 - terminal cancel is a read-only no-op and never signals a cleaned process
  ---
  duration_ms: 20.2719
  type: 'test'
  ...
# Subtest: fresh attestation mismatch blocks cancellation authority before signal
ok 338 - fresh attestation mismatch blocks cancellation authority before signal
  ---
  duration_ms: 13.4433
  type: 'test'
  ...
# Subtest: restart preserves durable timeout precedence after observation loss
ok 339 - restart preserves durable timeout precedence after observation loss
  ---
  duration_ms: 13.0909
  type: 'test'
  ...
# Subtest: backend-unavailable with durable stop cannot bypass an ambiguous observation when backend returns
ok 340 - backend-unavailable with durable stop cannot bypass an ambiguous observation when backend returns
  ---
  duration_ms: 13.2798
  type: 'test'
  ...
# Subtest: grant controller authority is scoped to exactly one kernel
ok 341 - grant controller authority is scoped to exactly one kernel
  ---
  duration_ms: 0.4974
  type: 'test'
  ...
# Subtest: durable timeout and cancellation outrank later cleanup failure
ok 342 - durable timeout and cancellation outrank later cleanup failure
  ---
  duration_ms: 25.6696
  type: 'test'
  ...
# Subtest: malformed backend results are classified and never become verified success
ok 343 - malformed backend results are classified and never become verified success
  ---
  duration_ms: 16.1084
  type: 'test'
  ...
# Subtest: output ownership is prepared before launch and finalized before verified cleanup
ok 344 - output ownership is prepared before launch and finalized before verified cleanup
  ---
  duration_ms: 30.9829
  type: 'test'
  ...
# Subtest: restart preserves each completed malformed observation without reopening output
ok 345 - restart preserves each completed malformed observation without reopening output
  ---
  duration_ms: 15.6365
  type: 'test'
  ...
# C5 CLI root: {"event":"created","path":"C:\\\\Users\\\\b_a_s\\\\AppData\\\\Local\\\\Temp\\\\runner-v2-runtime-corrupt-X8G3er"}
# Subtest: recovery reports a corrupt first SQLite row and still reconciles the later valid row
ok 346 - recovery reports a corrupt first SQLite row and still reconciles the later valid row
  ---
  duration_ms: 62.8518
  type: 'test'
  ...
# Subtest: exhaustive durable-state by reconcile-outcome matrix is fail-closed
ok 347 - exhaustive durable-state by reconcile-outcome matrix is fail-closed
  ---
  duration_ms: 433.2191
  type: 'test'
  ...
# Subtest: subprocess live output observation uses the actual backend bytes without persisting its callback
ok 348 - subprocess live output observation uses the actual backend bytes without persisting its callback
  ---
  duration_ms: 22.5699
  type: 'test'
  ...
# Subtest: subprocess runtime durably records the selected backend semantic capabilities
ok 349 - subprocess runtime durably records the selected backend semantic capabilities
  ---
  duration_ms: 20.2087
  type: 'test'
  ...
# C5 CLI root: {"event":"exit","path":"C:\\\\Users\\\\b_a_s\\\\AppData\\\\Local\\\\Temp\\\\p6-binary-output-5cn6UF","existsAtExit":false}
# C5 CLI root: {"event":"exit","path":"C:\\\\Users\\\\b_a_s\\\\AppData\\\\Local\\\\Temp\\\\p6-binary-output-EGcJIr","existsAtExit":false}
# C5 CLI root: {"event":"exit","path":"C:\\\\Users\\\\b_a_s\\\\AppData\\\\Local\\\\Temp\\\\runner-v2-blocked-g6xRY4","existsAtExit":false}
# C5 CLI root: {"event":"exit","path":"C:\\\\Users\\\\b_a_s\\\\AppData\\\\Local\\\\Temp\\\\runner-v2-same-owner-retry-CL2EEz","existsAtExit":false}
# C5 CLI root: {"event":"exit","path":"C:\\\\Users\\\\b_a_s\\\\AppData\\\\Local\\\\Temp\\\\runner-v2-same-owner-cancel-afs3OY","existsAtExit":false}
# C5 CLI root: {"event":"exit","path":"C:\\\\Users\\\\b_a_s\\\\AppData\\\\Local\\\\Temp\\\\runner-v2-same-owner-fence-loss-kZwQEp","existsAtExit":false}
# C5 CLI root: {"event":"exit","path":"C:\\\\Users\\\\b_a_s\\\\AppData\\\\Local\\\\Temp\\\\runner-v2-signal-fence-loss-Nc9usc","existsAtExit":false}
# C5 CLI root: {"event":"exit","path":"C:\\\\Users\\\\b_a_s\\\\AppData\\\\Local\\\\Temp\\\\runner-v2-finalize-fence-loss-fyhlZJ","existsAtExit":false}
# C5 CLI root: {"event":"exit","path":"C:\\\\Users\\\\b_a_s\\\\AppData\\\\Local\\\\Temp\\\\runner-v2-release-fence-loss-HyPtrq","existsAtExit":false}
# C5 CLI root: {"event":"exit","path":"C:\\\\Users\\\\b_a_s\\\\AppData\\\\Local\\\\Temp\\\\runner-v2-reopen-fence-loss-j45696","existsAtExit":false}
# C5 CLI root: {"event":"exit","path":"C:\\\\Users\\\\b_a_s\\\\AppData\\\\Local\\\\Temp\\\\runner-v2-observe-write-fence-loss-3aFHa6","existsAtExit":false}
# C5 CLI root: {"event":"exit","path":"C:\\\\Users\\\\b_a_s\\\\AppData\\\\Local\\\\Temp\\\\runner-v2-verify-empty-fence-loss-2BbN9z","existsAtExit":false}
# C5 CLI root: {"event":"exit","path":"C:\\\\Users\\\\b_a_s\\\\AppData\\\\Local\\\\Temp\\\\runner-v2-malformed-signal-2RxpF3","existsAtExit":false}
# C5 CLI root: {"event":"exit","path":"C:\\\\Users\\\\b_a_s\\\\AppData\\\\Local\\\\Temp\\\\runner-v2-cancel-deny-reopen-85436W","existsAtExit":false}
# C5 CLI root: {"event":"exit","path":"C:\\\\Users\\\\b_a_s\\\\AppData\\\\Local\\\\Temp\\\\runner-v2-cancel-deny-reconcile-7RfFg1","existsAtExit":false}
# C5 CLI root: {"event":"exit","path":"C:\\\\Users\\\\b_a_s\\\\AppData\\\\Local\\\\Temp\\\\runner-v2-malformed-backend_observe-i6s3WJ","existsAtExit":false}
# C5 CLI root: {"event":"exit","path":"C:\\\\Users\\\\b_a_s\\\\AppData\\\\Local\\\\Temp\\\\runner-v2-malformed-output_finalize-yjH6Vs","existsAtExit":false}
# C5 CLI root: {"event":"exit","path":"C:\\\\Users\\\\b_a_s\\\\AppData\\\\Local\\\\Temp\\\\runner-v2-malformed-backend_verify_empty-PtCvWz","existsAtExit":false}
# C5 CLI root: {"event":"exit","path":"C:\\\\Users\\\\b_a_s\\\\AppData\\\\Local\\\\Temp\\\\runner-v2-malformed-backend_release-fALfyS","existsAtExit":false}
# C5 CLI root: {"event":"exit","path":"C:\\\\Users\\\\b_a_s\\\\AppData\\\\Local\\\\Temp\\\\runner-v2-raw-rejection-restart-G1koq5","existsAtExit":false}
# C5 CLI root: {"event":"exit","path":"C:\\\\Users\\\\b_a_s\\\\AppData\\\\Local\\\\Temp\\\\runner-v2-transient-heartbeat-ySPqKO","existsAtExit":false}
# C5 CLI root: {"event":"exit","path":"C:\\\\Users\\\\b_a_s\\\\AppData\\\\Local\\\\Temp\\\\runner-v2-blocked-VW4UFi","existsAtExit":false}
# C5 CLI root: {"event":"exit","path":"C:\\\\Users\\\\b_a_s\\\\AppData\\\\Local\\\\Temp\\\\runner-v2-blocked-R9m8ll","existsAtExit":false}
# C5 CLI root: {"event":"exit","path":"C:\\\\Users\\\\b_a_s\\\\AppData\\\\Local\\\\Temp\\\\runner-v2-unenforced-cancel-AdbhPc","existsAtExit":false}
# C5 CLI root: {"event":"exit","path":"C:\\\\Users\\\\b_a_s\\\\AppData\\\\Local\\\\Temp\\\\runner-v2-unavailable-BkNaCm","existsAtExit":false}
# C5 CLI root: {"event":"exit","path":"C:\\\\Users\\\\b_a_s\\\\AppData\\\\Local\\\\Temp\\\\runner-v2-outcome_unknown-3WqUj8","existsAtExit":false}
# C5 CLI root: {"event":"exit","path":"C:\\\\Users\\\\b_a_s\\\\AppData\\\\Local\\\\Temp\\\\runner-v2-identity_mismatch-JtQIat","existsAtExit":false}
# C5 CLI root: {"event":"exit","path":"C:\\\\Users\\\\b_a_s\\\\AppData\\\\Local\\\\Temp\\\\runner-v2-blocked-9lLfbt","existsAtExit":false}
# C5 CLI root: {"event":"exit","path":"C:\\\\Users\\\\b_a_s\\\\AppData\\\\Local\\\\Temp\\\\runner-v2-runtime-sqlite-SSs4EM","existsAtExit":false}
# C5 CLI root: {"event":"exit","path":"C:\\\\Users\\\\b_a_s\\\\AppData\\\\Local\\\\Temp\\\\runner-v2-process-contention-9fsN7L","existsAtExit":false}
# C5 CLI root: {"event":"exit","path":"C:\\\\Users\\\\b_a_s\\\\AppData\\\\Local\\\\Temp\\\\runner-v2-init-lock-pQeeAc","existsAtExit":false}
# C5 CLI root: {"event":"exit","path":"C:\\\\Users\\\\b_a_s\\\\AppData\\\\Local\\\\Temp\\\\runner-v2-lease-inYv08","existsAtExit":false}
# C5 CLI root: {"event":"exit","path":"C:\\\\Users\\\\b_a_s\\\\AppData\\\\Local\\\\Temp\\\\runner-v2-stale-fence-29CP9S","existsAtExit":false}
# C5 CLI root: {"event":"exit","path":"C:\\\\Users\\\\b_a_s\\\\AppData\\\\Local\\\\Temp\\\\runner-v2-launch-orphan-Bjpks8","existsAtExit":false}
# C5 CLI root: {"event":"exit","path":"C:\\\\Users\\\\b_a_s\\\\AppData\\\\Local\\\\Temp\\\\runner-v2-bound-recovery-loZAn7","existsAtExit":false}
# C5 CLI root: {"event":"exit","path":"C:\\\\Users\\\\b_a_s\\\\AppData\\\\Local\\\\Temp\\\\runner-v2-runtime-corrupt-X8G3er","existsAtExit":false}
1..349
# tests 361
# suites 0
# pass 361
# fail 0
# cancelled 0
# skipped 0
# todo 0
# duration_ms 155942.3722
