TAP version 13
# C5 CLI root: {"event":"created","path":"C:\\\\Users\\\\b_a_s\\\\AppData\\\\Local\\\\Temp\\\\aiboard-change-set-contract-e0BNGF"}
# C5 CLI root: {"event":"created","path":"C:\\\\Users\\\\b_a_s\\\\AppData\\\\Local\\\\Temp\\\\aiboard-change-set-ownership-X3ApNp"}
# Subtest: change sets require exact current criterion evidence mappings
ok 1 - change sets require exact current criterion evidence mappings
  ---
  duration_ms: 1712.4367
  type: 'test'
  ...
# C5 CLI root: {"event":"created","path":"C:\\\\Users\\\\b_a_s\\\\AppData\\\\Local\\\\Temp\\\\aiboard-change-set-actor-ownership-hOkeIM"}
# Subtest: criterion mappings reject evidence from another task or stale attempt
ok 2 - criterion mappings reject evidence from another task or stale attempt
  ---
  duration_ms: 1576.5736
  type: 'test'
  ...
# Subtest: criterion mappings bind evidence to the assigned worker or an attributed descendant
ok 3 - criterion mappings bind evidence to the assigned worker or an attributed descendant
  ---
  duration_ms: 1660.1789
  type: 'test'
  ...
# C5 CLI root: {"event":"exit","path":"C:\\\\Users\\\\b_a_s\\\\AppData\\\\Local\\\\Temp\\\\aiboard-change-set-contract-e0BNGF","existsAtExit":false}
# C5 CLI root: {"event":"exit","path":"C:\\\\Users\\\\b_a_s\\\\AppData\\\\Local\\\\Temp\\\\aiboard-change-set-ownership-X3ApNp","existsAtExit":false}
# C5 CLI root: {"event":"exit","path":"C:\\\\Users\\\\b_a_s\\\\AppData\\\\Local\\\\Temp\\\\aiboard-change-set-actor-ownership-hOkeIM","existsAtExit":false}
# C5 CLI root: {"event":"created","path":"C:\\\\Users\\\\b_a_s\\\\AppData\\\\Local\\\\Temp\\\\runner-grant-W2YpDm"}
# Subtest: issues a canonical opaque grant and consumes it for exactly its bound call
ok 4 - issues a canonical opaque grant and consumes it for exactly its bound call
  ---
  duration_ms: 9.6686
  type: 'test'
  ...
# C5 CLI root: {"event":"created","path":"C:\\\\Users\\\\b_a_s\\\\AppData\\\\Local\\\\Temp\\\\runner-grant-credentials-cZEgzG"}
# Subtest: retains only the bounded approved credential names in consumed claims
ok 5 - retains only the bounded approved credential names in consumed claims
  ---
  duration_ms: 2.12
  type: 'test'
  ...
# C5 CLI root: {"event":"created","path":"C:\\\\Users\\\\b_a_s\\\\AppData\\\\Local\\\\Temp\\\\runner-grant-credential-clone-jLfbXl"}
# Subtest: clones every public credential-name result instead of sharing authority-owned arrays
ok 6 - clones every public credential-name result instead of sharing authority-owned arrays
  ---
  duration_ms: 1.7801
  type: 'test'
  ...
# C5 CLI root: {"event":"created","path":"C:\\\\Users\\\\b_a_s\\\\AppData\\\\Local\\\\Temp\\\\runner-grant-current-Anr5aZ"}
# Subtest: makes consumed claims unusable after the ToolBroker revokes their opaque grant
ok 7 - makes consumed claims unusable after the ToolBroker revokes their opaque grant
  ---
  duration_ms: 2.1144
  type: 'test'
  ...
# C5 CLI root: {"event":"created","path":"C:\\\\Users\\\\b_a_s\\\\AppData\\\\Local\\\\Temp\\\\runner-grant-expiry-owner-O0dDcm"}
# Subtest: observing expired consumed claims leaves exactly-once cleanup to ToolBroker revocation
ok 8 - observing expired consumed claims leaves exactly-once cleanup to ToolBroker revocation
  ---
  duration_ms: 1.8408
  type: 'test'
  ...
# C5 CLI root: {"event":"created","path":"C:\\\\Users\\\\b_a_s\\\\AppData\\\\Local\\\\Temp\\\\runner-grant-deny-i7F5Go"}
# Subtest: denies forged, mismatched, escalated, expired, revoked, and restarted grants
ok 9 - denies forged, mismatched, escalated, expired, revoked, and restarted grants
  ---
  duration_ms: 7.7134
  type: 'test'
  ...
# C5 CLI root: {"event":"created","path":"C:\\\\Users\\\\b_a_s\\\\AppData\\\\Local\\\\Temp\\\\runner-grant-path-P0husN"}
# Subtest: rejects access escalation and symbolic canonical roots before issuance
ok 10 - rejects access escalation and symbolic canonical roots before issuance
  ---
  duration_ms: 7.5732
  type: 'test'
  ...
# C5 CLI root: {"event":"created","path":"C:\\\\Users\\\\b_a_s\\\\AppData\\\\Local\\\\Temp\\\\runner-grant-race-a34auE"}
# Subtest: restart and cancellation close an asynchronous issuance barrier
ok 11 - restart and cancellation close an asynchronous issuance barrier
  ---
  duration_ms: 2.2331
  type: 'test'
  ...
# C5 CLI root: {"event":"exit","path":"C:\\\\Users\\\\b_a_s\\\\AppData\\\\Local\\\\Temp\\\\runner-grant-W2YpDm","existsAtExit":false}
# C5 CLI root: {"event":"exit","path":"C:\\\\Users\\\\b_a_s\\\\AppData\\\\Local\\\\Temp\\\\runner-grant-credentials-cZEgzG","existsAtExit":false}
# C5 CLI root: {"event":"exit","path":"C:\\\\Users\\\\b_a_s\\\\AppData\\\\Local\\\\Temp\\\\runner-grant-credential-clone-jLfbXl","existsAtExit":false}
# C5 CLI root: {"event":"exit","path":"C:\\\\Users\\\\b_a_s\\\\AppData\\\\Local\\\\Temp\\\\runner-grant-current-Anr5aZ","existsAtExit":false}
# C5 CLI root: {"event":"exit","path":"C:\\\\Users\\\\b_a_s\\\\AppData\\\\Local\\\\Temp\\\\runner-grant-expiry-owner-O0dDcm","existsAtExit":false}
# C5 CLI root: {"event":"exit","path":"C:\\\\Users\\\\b_a_s\\\\AppData\\\\Local\\\\Temp\\\\runner-grant-deny-i7F5Go","existsAtExit":false}
# C5 CLI root: {"event":"exit","path":"C:\\\\Users\\\\b_a_s\\\\AppData\\\\Local\\\\Temp\\\\runner-grant-path-P0husN","existsAtExit":false}
# C5 CLI root: {"event":"exit","path":"C:\\\\Users\\\\b_a_s\\\\AppData\\\\Local\\\\Temp\\\\runner-grant-race-a34auE","existsAtExit":false}
# C5 CLI root: {"event":"created","path":"C:\\\\Users\\\\b_a_s\\\\AppData\\\\Local\\\\Temp\\\\aiboard-task10-bootstrap-VMOxzx"}
# C5 CLI root: {"event":"created","path":"C:\\\\Users\\\\b_a_s\\\\AppData\\\\Local\\\\Temp\\\\aiboard-task10-bootstrap-07ZhOO"}
# C5 CLI root: {"event":"created","path":"C:\\\\Users\\\\b_a_s\\\\AppData\\\\Local\\\\Temp\\\\aiboard-task10-bootstrap-5oK1gK"}
# Subtest: bootstrap .gitignore symlink cannot mutate an outside object
ok 12 - bootstrap .gitignore symlink cannot mutate an outside object
  ---
  duration_ms: 51.2218
  type: 'test'
  ...
# Subtest: bootstrap .gitignore hardlink cannot mutate an outside object
ok 13 - bootstrap .gitignore hardlink cannot mutate an outside object
  ---
  duration_ms: 47.5559
  type: 'test'
  ...
# Subtest: bootstrap .gitignore refuses a stale prior read before creating Git metadata
ok 14 - bootstrap .gitignore refuses a stale prior read before creating Git metadata
  ---
  duration_ms: 58.713
  type: 'test'
  ...
# C5 CLI root: {"event":"exit","path":"C:\\\\Users\\\\b_a_s\\\\AppData\\\\Local\\\\Temp\\\\aiboard-task10-bootstrap-VMOxzx","existsAtExit":false}
# C5 CLI root: {"event":"exit","path":"C:\\\\Users\\\\b_a_s\\\\AppData\\\\Local\\\\Temp\\\\aiboard-task10-bootstrap-07ZhOO","existsAtExit":false}
# C5 CLI root: {"event":"exit","path":"C:\\\\Users\\\\b_a_s\\\\AppData\\\\Local\\\\Temp\\\\aiboard-task10-bootstrap-5oK1gK","existsAtExit":false}
# C5 CLI root: {"event":"created","path":"C:\\\\Users\\\\b_a_s\\\\AppData\\\\Local\\\\Temp\\\\aiboard-task10-fence-Lkv66g"}
# C5 CLI root: {"event":"created","path":"C:\\\\Users\\\\b_a_s\\\\AppData\\\\Local\\\\Temp\\\\aiboard-task10-fence-LRMpkT"}
# Subtest: filesystem fence: fs.write requires the caller's expected revision
ok 15 - filesystem fence: fs.write requires the caller's expected revision
  ---
  duration_ms: 21.8315
  type: 'test'
  ...
# C5 CLI root: {"event":"created","path":"C:\\\\Users\\\\b_a_s\\\\AppData\\\\Local\\\\Temp\\\\aiboard-task10-fence-Xi0EdN"}
# Subtest: filesystem fence: fs.patch requires the caller's expected revision
ok 16 - filesystem fence: fs.patch requires the caller's expected revision
  ---
  duration_ms: 6.437
  type: 'test'
  ...
# C5 CLI root: {"event":"created","path":"C:\\\\Users\\\\b_a_s\\\\AppData\\\\Local\\\\Temp\\\\aiboard-task10-fence-Lv9Z16"}
# Subtest: filesystem fence: stale revision refuses replacement and supplies a current revision
ok 17 - filesystem fence: stale revision refuses replacement and supplies a current revision
  ---
  duration_ms: 7.9917
  type: 'test'
  ...
# C5 CLI root: {"event":"created","path":"C:\\\\Users\\\\b_a_s\\\\AppData\\\\Local\\\\Temp\\\\aiboard-task10-fence-DGuFNj"}
# Subtest: filesystem fence: an authorization-time create race cannot become replacement
ok 18 - filesystem fence: an authorization-time create race cannot become replacement
  ---
  duration_ms: 7.0923
  type: 'test'
  ...
# C5 CLI root: {"event":"created","path":"C:\\\\Users\\\\b_a_s\\\\AppData\\\\Local\\\\Temp\\\\aiboard-task10-fence-5yaVVQ"}
# Subtest: filesystem fence: publication is create-if-absent even after the final absence check
ok 19 - filesystem fence: publication is create-if-absent even after the final absence check
  ---
  duration_ms: 35.0836
  type: 'test'
  ...
# C5 CLI root: {"event":"created","path":"C:\\\\Users\\\\b_a_s\\\\AppData\\\\Local\\\\Temp\\\\aiboard-task10-fence-R3E1nX"}
# C5 CLI root: {"event":"created","path":"C:\\\\Users\\\\b_a_s\\\\AppData\\\\Local\\\\Temp\\\\aiboard-task10-fence-rzwuiK"}
# C5 CLI root: {"event":"created","path":"C:\\\\Users\\\\b_a_s\\\\AppData\\\\Local\\\\Temp\\\\aiboard-task10-fence-v6KwUq"}
# Subtest: filesystem fence: parent replacement cannot redirect an approved write
ok 20 - filesystem fence: parent replacement cannot redirect an approved write
  ---
  duration_ms: 12.007
  type: 'test'
  ...
# Subtest: filesystem fence: target symbolic links are refused before replacement
ok 21 - filesystem fence: target symbolic links are refused before replacement
  ---
  duration_ms: 5.0026
  type: 'test'
  ...
# Subtest: filesystem fence: directory junction or reparse alias cannot redirect a write
ok 22 - filesystem fence: directory junction or reparse alias cannot redirect a write
  ---
  duration_ms: 4.4929
  type: 'test'
  ...
# C5 CLI root: {"event":"created","path":"C:\\\\Users\\\\b_a_s\\\\AppData\\\\Local\\\\Temp\\\\aiboard-task10-fence-N91ZXH"}
# C5 CLI root: {"event":"created","path":"C:\\\\Users\\\\b_a_s\\\\AppData\\\\Local\\\\Temp\\\\aiboard-task10-fence-oOgWa6"}
# Subtest: filesystem fence: retargeting an authorized parent to a junction is refused
ok 23 - filesystem fence: retargeting an authorized parent to a junction is refused
  ---
  duration_ms: 8.4799
  type: 'test'
  ...
# Subtest: filesystem fence: outside hard links are refused rather than claiming confinement
ok 24 - filesystem fence: outside hard links are refused rather than claiming confinement
  ---
  duration_ms: 5.3395
  type: 'test'
  ...
# C5 CLI root: {"event":"created","path":"C:\\\\Users\\\\b_a_s\\\\AppData\\\\Local\\\\Temp\\\\aiboard-task10-fence-6dJz5X"}
# Subtest: filesystem fence: move destination must not overwrite an existing file
ok 25 - filesystem fence: move destination must not overwrite an existing file
  ---
  duration_ms: 11.0675
  type: 'test'
  ...
# C5 CLI root: {"event":"created","path":"C:\\\\Users\\\\b_a_s\\\\AppData\\\\Local\\\\Temp\\\\aiboard-task10-fence-DRDIR6"}
# Subtest: filesystem fence: move source substitution is refused
ok 26 - filesystem fence: move source substitution is refused
  ---
  duration_ms: 11.0515
  type: 'test'
  ...
# C5 CLI root: {"event":"created","path":"C:\\\\Users\\\\b_a_s\\\\AppData\\\\Local\\\\Temp\\\\aiboard-task10-fence-kV75vI"}
# Subtest: filesystem fence: move destination substitution is refused
ok 27 - filesystem fence: move destination substitution is refused
  ---
  duration_ms: 10.3116
  type: 'test'
  ...
# C5 CLI root: {"event":"created","path":"C:\\\\Users\\\\b_a_s\\\\AppData\\\\Local\\\\Temp\\\\aiboard-task10-fence-9TmXxk"}
# Subtest: filesystem fence: delete identity substitution is refused
ok 28 - filesystem fence: delete identity substitution is refused
  ---
  duration_ms: 8.8907
  type: 'test'
  ...
# C5 CLI root: {"event":"created","path":"C:\\\\Users\\\\b_a_s\\\\AppData\\\\Local\\\\Temp\\\\aiboard-task10-fence-LyDFLP"}
# Subtest: filesystem fence: delete symlink substitution is refused
ok 29 - filesystem fence: delete symlink substitution is refused
  ---
  duration_ms: 9.8114
  type: 'test'
  ...
# C5 CLI root: {"event":"created","path":"C:\\\\Users\\\\b_a_s\\\\AppData\\\\Local\\\\Temp\\\\aiboard-task10-fence-a99Jco"}
# Subtest: filesystem fence: the same call cannot reserve or perform a second filesystem mutation
ok 30 - filesystem fence: the same call cannot reserve or perform a second filesystem mutation
  ---
  duration_ms: 32.1464
  type: 'test'
  ...
# C5 CLI root: {"event":"created","path":"C:\\\\Users\\\\b_a_s\\\\AppData\\\\Local\\\\Temp\\\\aiboard-task10-fence-Q2AxgK"}
# Subtest: filesystem fence: revocation at the last mile prevents writes
ok 31 - filesystem fence: revocation at the last mile prevents writes
  ---
  duration_ms: 5.7665
  type: 'test'
  ...
# C5 CLI root: {"event":"created","path":"C:\\\\Users\\\\b_a_s\\\\AppData\\\\Local\\\\Temp\\\\aiboard-task10-fence-qAbnxb"}
# Subtest: filesystem fence: controlled external writer proves replacement is not atomic CAS
ok 32 - filesystem fence: controlled external writer proves replacement is not atomic CAS
  ---
  duration_ms: 84.5011
  type: 'test'
  ...
# C5 CLI root: {"event":"created","path":"C:\\\\Users\\\\b_a_s\\\\AppData\\\\Local\\\\Temp\\\\aiboard-task10-fence-VmJyoA"}
# Subtest: filesystem fence: ordinary create, revision replacement, patch, directory move and recursive delete work
ok 33 - filesystem fence: ordinary create, revision replacement, patch, directory move and recursive delete work
  ---
  duration_ms: 137.8525
  type: 'test'
  ...
# C5 CLI root: {"event":"created","path":"C:\\\\Users\\\\b_a_s\\\\AppData\\\\Local\\\\Temp\\\\aiboard-task10-fence-iMRe5y"}
# Subtest: filesystem fence: a permit cannot change its run after authorization
ok 34 - filesystem fence: a permit cannot change its run after authorization
  ---
  duration_ms: 5.7974
  type: 'test'
  ...
# C5 CLI root: {"event":"created","path":"C:\\\\Users\\\\b_a_s\\\\AppData\\\\Local\\\\Temp\\\\aiboard-task10-fence-qKaM2G"}
# Subtest: filesystem fence: a permit cannot change its session after authorization
ok 35 - filesystem fence: a permit cannot change its session after authorization
  ---
  duration_ms: 4.1267
  type: 'test'
  ...
# C5 CLI root: {"event":"created","path":"C:\\\\Users\\\\b_a_s\\\\AppData\\\\Local\\\\Temp\\\\aiboard-task10-fence-X31stA"}
# Subtest: filesystem fence: a permit cannot change its actor after authorization
ok 36 - filesystem fence: a permit cannot change its actor after authorization
  ---
  duration_ms: 4.5994
  type: 'test'
  ...
# C5 CLI root: {"event":"created","path":"C:\\\\Users\\\\b_a_s\\\\AppData\\\\Local\\\\Temp\\\\aiboard-task10-fence-3HdvKY"}
# Subtest: filesystem fence: a permit cannot change its call after authorization
ok 37 - filesystem fence: a permit cannot change its call after authorization
  ---
  duration_ms: 4.662
  type: 'test'
  ...
# C5 CLI root: {"event":"created","path":"C:\\\\Users\\\\b_a_s\\\\AppData\\\\Local\\\\Temp\\\\aiboard-task10-fence-EXSl4F"}
# Subtest: filesystem fence: a permit cannot change its tool after authorization
ok 38 - filesystem fence: a permit cannot change its tool after authorization
  ---
  duration_ms: 3.9603
  type: 'test'
  ...
# C5 CLI root: {"event":"created","path":"C:\\\\Users\\\\b_a_s\\\\AppData\\\\Local\\\\Temp\\\\aiboard-task10-fence-MO1t6A"}
# Subtest: filesystem fence: a permit cannot change its grant after authorization
ok 39 - filesystem fence: a permit cannot change its grant after authorization
  ---
  duration_ms: 4.4621
  type: 'test'
  ...
# C5 CLI root: {"event":"created","path":"C:\\\\Users\\\\b_a_s\\\\AppData\\\\Local\\\\Temp\\\\aiboard-task10-fence-cARjXA"}
# Subtest: filesystem fence: a permit cannot change its case-only path after authorization
ok 40 - filesystem fence: a permit cannot change its case-only path after authorization
  ---
  duration_ms: 4.5135
  type: 'test'
  ...
# C5 CLI root: {"event":"created","path":"C:\\\\Users\\\\b_a_s\\\\AppData\\\\Local\\\\Temp\\\\aiboard-task10-fence-VoDunQ"}
# Subtest: filesystem fence: a new-file parent retarget cannot redirect create publication
ok 41 - filesystem fence: a new-file parent retarget cannot redirect create publication
  ---
  duration_ms: 7.1453
  type: 'test'
  ...
# C5 CLI root: {"event":"created","path":"C:\\\\Users\\\\b_a_s\\\\AppData\\\\Local\\\\Temp\\\\aiboard-task10-fence-XukEU3"}
# Subtest: filesystem fence: fs.write rechecks revision after staging immediately before publication
ok 42 - filesystem fence: fs.write rechecks revision after staging immediately before publication
  ---
  duration_ms: 19.3628
  type: 'test'
  ...
# C5 CLI root: {"event":"created","path":"C:\\\\Users\\\\b_a_s\\\\AppData\\\\Local\\\\Temp\\\\aiboard-task10-fence-8jLecl"}
# Subtest: filesystem fence: fs.patch rechecks revision after staging immediately before publication
ok 43 - filesystem fence: fs.patch rechecks revision after staging immediately before publication
  ---
  duration_ms: 20.044
  type: 'test'
  ...
# C5 CLI root: {"event":"created","path":"C:\\\\Users\\\\b_a_s\\\\AppData\\\\Local\\\\Temp\\\\aiboard-task10-fence-fHfTGA"}
# Subtest: filesystem fence: revocation after staging refuses publication and cleans its owned temporary
ok 44 - filesystem fence: revocation after staging refuses publication and cleans its owned temporary
  ---
  duration_ms: 24.6182
  type: 'test'
  ...
# C5 CLI root: {"event":"created","path":"C:\\\\Users\\\\b_a_s\\\\AppData\\\\Local\\\\Temp\\\\aiboard-task10-fence-PW3b3X"}
# Subtest: filesystem fence: move destination publication cannot overwrite a late race winner
ok 45 - filesystem fence: move destination publication cannot overwrite a late race winner
  ---
  duration_ms: 22.5017
  type: 'test'
  ...
# C5 CLI root: {"event":"created","path":"C:\\\\Users\\\\b_a_s\\\\AppData\\\\Local\\\\Temp\\\\aiboard-task10-fence-laB6ww"}
# Subtest: filesystem fence: a source substitution at the move syscall is detected before unlink and reports partial effects
ok 46 - filesystem fence: a source substitution at the move syscall is detected before unlink and reports partial effects
  ---
  duration_ms: 24.7276
  type: 'test'
  ...
# C5 CLI root: {"event":"created","path":"C:\\\\Users\\\\b_a_s\\\\AppData\\\\Local\\\\Temp\\\\aiboard-task10-fence-mXbgoU"}
# Subtest: filesystem fence: fs.move refuses changed recursive directory membership before any effect
ok 47 - filesystem fence: fs.move refuses changed recursive directory membership before any effect
  ---
  duration_ms: 11.2922
  type: 'test'
  ...
# C5 CLI root: {"event":"created","path":"C:\\\\Users\\\\b_a_s\\\\AppData\\\\Local\\\\Temp\\\\aiboard-task10-fence-lH6IBh"}
# Subtest: filesystem fence: fs.delete refuses changed recursive directory membership before any effect
ok 48 - filesystem fence: fs.delete refuses changed recursive directory membership before any effect
  ---
  duration_ms: 8.9469
  type: 'test'
  ...
# C5 CLI root: {"event":"created","path":"C:\\\\Users\\\\b_a_s\\\\AppData\\\\Local\\\\Temp\\\\aiboard-task10-fence-7QwGKp"}
# C5 CLI root: {"event":"created","path":"C:\\\\Users\\\\b_a_s\\\\AppData\\\\Local\\\\Temp\\\\aiboard-task10-fence-D9rfGR"}
# Subtest: filesystem fence: delete requires the original grant's destructive approval
ok 49 - filesystem fence: delete requires the original grant's destructive approval
  ---
  duration_ms: 5.8409
  type: 'test'
  ...
# Subtest: filesystem fence: a configured workspace junction cannot bypass the original grant root policy
ok 50 - filesystem fence: a configured workspace junction cannot bypass the original grant root policy
  ---
  duration_ms: 2.4208
  type: 'test'
  ...
# C5 CLI root: {"event":"created","path":"C:\\\\Users\\\\b_a_s\\\\AppData\\\\Local\\\\Temp\\\\aiboard-task10-fence-g8EpyD"}
# Subtest: filesystem fence: unprovable staging identity returns an explicit retained-resource failure
ok 51 - filesystem fence: unprovable staging identity returns an explicit retained-resource failure
  ---
  duration_ms: 16.0976
  type: 'test'
  ...
# C5 CLI root: {"event":"created","path":"C:\\\\Users\\\\b_a_s\\\\AppData\\\\Local\\\\Temp\\\\aiboard-task10-fence-9vXKRB"}
# C5 CLI root: {"event":"created","path":"C:\\\\Users\\\\b_a_s\\\\AppData\\\\Local\\\\Temp\\\\aiboard-task10-fence-EfDxgV"}
# Subtest: filesystem fence: POSIX identity contract does not treat ctime fallback as immutable creation time
ok 52 - filesystem fence: POSIX identity contract does not treat ctime fallback as immutable creation time
  ---
  duration_ms: 37.7439
  type: 'test'
  ...
# Subtest: filesystem fence: recursive capture has a typed depth bound before mutation
ok 53 - filesystem fence: recursive capture has a typed depth bound before mutation
  ---
  duration_ms: 305.0527
  type: 'test'
  ...
# C5 CLI root: {"event":"created","path":"C:\\\\Users\\\\b_a_s\\\\AppData\\\\Local\\\\Temp\\\\aiboard-task10-fence-dH68g9"}
# Subtest: filesystem fence: Windows open destination causes a typed refusal without losing the file
ok 54 - filesystem fence: Windows open destination causes a typed refusal without losing the file
  ---
  duration_ms: 29.6157
  type: 'test'
  ...
# C5 CLI root: {"event":"created","path":"C:\\\\Users\\\\b_a_s\\\\AppData\\\\Local\\\\Temp\\\\aiboard-task10-fence-IMRqmR"}
# Subtest: filesystem fence: an unobserved entry after recursive preflight survives the removal syscall
ok 55 - filesystem fence: an unobserved entry after recursive preflight survives the removal syscall
  ---
  duration_ms: 12.9561
  type: 'test'
  ...
# C5 CLI root: {"event":"created","path":"C:\\\\Users\\\\b_a_s\\\\AppData\\\\Local\\\\Temp\\\\aiboard-task10-fence-Qu5kyW"}
# Subtest: filesystem fence: POSIX distinct birthtime still detects a generation change
ok 56 - filesystem fence: POSIX distinct birthtime still detects a generation change
  ---
  duration_ms: 8.6777
  type: 'test'
  ...
# C5 CLI root: {"event":"created","path":"C:\\\\Users\\\\b_a_s\\\\AppData\\\\Local\\\\Temp\\\\aiboard-task10-fence-0EGb8k"}
# Subtest: filesystem fence: fs.write refuses a hard link introduced after authorization
ok 57 - filesystem fence: fs.write refuses a hard link introduced after authorization
  ---
  duration_ms: 8.2292
  type: 'test'
  ...
# C5 CLI root: {"event":"created","path":"C:\\\\Users\\\\b_a_s\\\\AppData\\\\Local\\\\Temp\\\\aiboard-task10-fence-sJj2It"}
# Subtest: filesystem fence: fs.move refuses a hard link introduced after authorization
ok 58 - filesystem fence: fs.move refuses a hard link introduced after authorization
  ---
  duration_ms: 10.4744
  type: 'test'
  ...
# C5 CLI root: {"event":"created","path":"C:\\\\Users\\\\b_a_s\\\\AppData\\\\Local\\\\Temp\\\\aiboard-task10-fence-uXcvee"}
# Subtest: filesystem fence: fs.delete refuses a hard link introduced after authorization
ok 59 - filesystem fence: fs.delete refuses a hard link introduced after authorization
  ---
  duration_ms: 8.3613
  type: 'test'
  ...
# C5 CLI root: {"event":"created","path":"C:\\\\Users\\\\b_a_s\\\\AppData\\\\Local\\\\Temp\\\\aiboard-task10-fence-gnJdbe"}
# Subtest: filesystem fence: consuming diagnostics authority prevents a subsequent filesystem effect
ok 60 - filesystem fence: consuming diagnostics authority prevents a subsequent filesystem effect
  ---
  duration_ms: 4.199
  type: 'test'
  ...
# C5 CLI root: {"event":"created","path":"C:\\\\Users\\\\b_a_s\\\\AppData\\\\Local\\\\Temp\\\\aiboard-task10-fence-UlYKke"}
# Subtest: filesystem fence: project policy preserves logical move approval and denies unapproved outside writes
ok 61 - filesystem fence: project policy preserves logical move approval and denies unapproved outside writes
  ---
  duration_ms: 38.4749
  type: 'test'
  ...
# C5 CLI root: {"event":"created","path":"C:\\\\Users\\\\b_a_s\\\\AppData\\\\Local\\\\Temp\\\\aiboard-task10-fence-0kuzcF"}
# C5 CLI root: {"event":"created","path":"C:\\\\Users\\\\b_a_s\\\\AppData\\\\Local\\\\Temp\\\\aiboard-task10-fence-huSlmo"}
# Subtest: filesystem fence: OS refusal is durably completed and replayed rather than left in doubt
ok 62 - filesystem fence: OS refusal is durably completed and replayed rather than left in doubt
  ---
  duration_ms: 53.8621
  type: 'test'
  ...
# Subtest: filesystem fence: Windows device, alternate stream and ambiguous names are refused
ok 63 - filesystem fence: Windows device, alternate stream and ambiguous names are refused
  ---
  duration_ms: 2.4465
  type: 'test'
  ...
# C5 CLI root: {"event":"created","path":"C:\\\\Users\\\\b_a_s\\\\AppData\\\\Local\\\\Temp\\\\aiboard-task10-fence-5eepcD"}
# Subtest: filesystem fence: review2: create link refusal EPERM is actionable and cleans staging
ok 64 - filesystem fence: review2: create link refusal EPERM is actionable and cleans staging
  ---
  duration_ms: 26.4518
  type: 'test'
  ...
# C5 CLI root: {"event":"created","path":"C:\\\\Users\\\\b_a_s\\\\AppData\\\\Local\\\\Temp\\\\aiboard-task10-fence-9WtLO6"}
# Subtest: filesystem fence: review2: create link refusal EACCES is actionable and cleans staging
ok 65 - filesystem fence: review2: create link refusal EACCES is actionable and cleans staging
  ---
  duration_ms: 25.5695
  type: 'test'
  ...
# C5 CLI root: {"event":"created","path":"C:\\\\Users\\\\b_a_s\\\\AppData\\\\Local\\\\Temp\\\\aiboard-task10-fence-8xvwCx"}
# C5 CLI root: {"event":"created","path":"C:\\\\Users\\\\b_a_s\\\\AppData\\\\Local\\\\Temp\\\\aiboard-task10-fence-wU7Pq8"}
# Subtest: filesystem fence: review2: create link refusal EMLINK is actionable and cleans staging
ok 66 - filesystem fence: review2: create link refusal EMLINK is actionable and cleans staging
  ---
  duration_ms: 29.9759
  type: 'test'
  ...
# Subtest: filesystem fence: review2: POSIX canonical spelling refusal supplies the exact retry path without broadening authority
ok 67 - filesystem fence: review2: POSIX canonical spelling refusal supplies the exact retry path without broadening authority
  ---
  duration_ms: 5.463
  type: 'test'
  ...
# C5 CLI root: {"event":"created","path":"C:\\\\Users\\\\b_a_s\\\\AppData\\\\Local\\\\Temp\\\\aiboard-task10-fence-ciIH5F"}
# Subtest: filesystem fence: review2: POSIX catches a same-object writer after the final revision read
ok 68 - filesystem fence: review2: POSIX catches a same-object writer after the final revision read
  ---
  duration_ms: 29.6375
  type: 'test'
  ...
# C5 CLI root: {"event":"created","path":"C:\\\\Users\\\\b_a_s\\\\AppData\\\\Local\\\\Temp\\\\aiboard-task10-fence-Gp5brt"}
# Subtest: filesystem fence: review2: POSIX positioned rehash and handle cleanup contract (0 bytes)
ok 69 - filesystem fence: review2: POSIX positioned rehash and handle cleanup contract (0 bytes)
  ---
  duration_ms: 31.3996
  type: 'test'
  ...
# C5 CLI root: {"event":"created","path":"C:\\\\Users\\\\b_a_s\\\\AppData\\\\Local\\\\Temp\\\\aiboard-task10-fence-VO5LAC"}
# Subtest: filesystem fence: review2: POSIX positioned rehash and handle cleanup contract (131073 bytes)
ok 70 - filesystem fence: review2: POSIX positioned rehash and handle cleanup contract (131073 bytes)
  ---
  duration_ms: 36.4956
  type: 'test'
  ...
# C5 CLI root: {"event":"created","path":"C:\\\\Users\\\\b_a_s\\\\AppData\\\\Local\\\\Temp\\\\aiboard-task10-fence-ulASpr"}
# Subtest: filesystem fence: review2: missing intermediate parent needs explicit createDirectories
ok 71 - filesystem fence: review2: missing intermediate parent needs explicit createDirectories
  ---
  duration_ms: 15.305
  type: 'test'
  ...
# C5 CLI root: {"event":"created","path":"C:\\\\Users\\\\b_a_s\\\\AppData\\\\Local\\\\Temp\\\\aiboard-task10-fence-hBIvtn"}
# Subtest: filesystem fence: review2: mkdir race never takes over the winning directory
ok 72 - filesystem fence: review2: mkdir race never takes over the winning directory
  ---
  duration_ms: 17.8322
  type: 'test'
  ...
# C5 CLI root: {"event":"created","path":"C:\\\\Users\\\\b_a_s\\\\AppData\\\\Local\\\\Temp\\\\aiboard-task10-fence-LbGZQz"}
# Subtest: filesystem fence: review2: cross-device move refuses without copying or deleting the source
ok 73 - filesystem fence: review2: cross-device move refuses without copying or deleting the source
  ---
  duration_ms: 20.1957
  type: 'test'
  ...
# C5 CLI root: {"event":"created","path":"C:\\\\Users\\\\b_a_s\\\\AppData\\\\Local\\\\Temp\\\\aiboard-task10-fence-1Vn34h"}
# Subtest: filesystem fence: review3: create refuses staged-byte tampering at flush
ok 74 - filesystem fence: review3: create refuses staged-byte tampering at flush
  ---
  duration_ms: 27.1529
  type: 'test'
  ...
# C5 CLI root: {"event":"created","path":"C:\\\\Users\\\\b_a_s\\\\AppData\\\\Local\\\\Temp\\\\aiboard-task10-fence-B4xWIY"}
# Subtest: filesystem fence: review3: create refuses staged-byte tampering at publication
ok 75 - filesystem fence: review3: create refuses staged-byte tampering at publication
  ---
  duration_ms: 27.1401
  type: 'test'
  ...
# C5 CLI root: {"event":"created","path":"C:\\\\Users\\\\b_a_s\\\\AppData\\\\Local\\\\Temp\\\\aiboard-task10-fence-JE8RnA"}
# Subtest: filesystem fence: review3: replace refuses staged-byte tampering at flush
ok 76 - filesystem fence: review3: replace refuses staged-byte tampering at flush
  ---
  duration_ms: 19.9892
  type: 'test'
  ...
# Subtest: filesystem fence: review3: replace refuses staged-byte tampering at publication
ok 77 - filesystem fence: review3: replace refuses staged-byte tampering at publication
  ---
  duration_ms: 26.3129
  type: 'test'
  ...
# C5 CLI root: {"event":"exit","path":"C:\\\\Users\\\\b_a_s\\\\AppData\\\\Local\\\\Temp\\\\aiboard-task10-fence-Lkv66g","existsAtExit":false}
# C5 CLI root: {"event":"exit","path":"C:\\\\Users\\\\b_a_s\\\\AppData\\\\Local\\\\Temp\\\\aiboard-task10-fence-LRMpkT","existsAtExit":false}
# C5 CLI root: {"event":"exit","path":"C:\\\\Users\\\\b_a_s\\\\AppData\\\\Local\\\\Temp\\\\aiboard-task10-fence-Xi0EdN","existsAtExit":false}
# C5 CLI root: {"event":"exit","path":"C:\\\\Users\\\\b_a_s\\\\AppData\\\\Local\\\\Temp\\\\aiboard-task10-fence-Lv9Z16","existsAtExit":false}
# C5 CLI root: {"event":"exit","path":"C:\\\\Users\\\\b_a_s\\\\AppData\\\\Local\\\\Temp\\\\aiboard-task10-fence-DGuFNj","existsAtExit":false}
# C5 CLI root: {"event":"exit","path":"C:\\\\Users\\\\b_a_s\\\\AppData\\\\Local\\\\Temp\\\\aiboard-task10-fence-5yaVVQ","existsAtExit":false}
# C5 CLI root: {"event":"exit","path":"C:\\\\Users\\\\b_a_s\\\\AppData\\\\Local\\\\Temp\\\\aiboard-task10-fence-R3E1nX","existsAtExit":false}
# C5 CLI root: {"event":"exit","path":"C:\\\\Users\\\\b_a_s\\\\AppData\\\\Local\\\\Temp\\\\aiboard-task10-fence-rzwuiK","existsAtExit":false}
# C5 CLI root: {"event":"exit","path":"C:\\\\Users\\\\b_a_s\\\\AppData\\\\Local\\\\Temp\\\\aiboard-task10-fence-v6KwUq","existsAtExit":false}
# C5 CLI root: {"event":"exit","path":"C:\\\\Users\\\\b_a_s\\\\AppData\\\\Local\\\\Temp\\\\aiboard-task10-fence-N91ZXH","existsAtExit":false}
# C5 CLI root: {"event":"exit","path":"C:\\\\Users\\\\b_a_s\\\\AppData\\\\Local\\\\Temp\\\\aiboard-task10-fence-oOgWa6","existsAtExit":false}
# C5 CLI root: {"event":"exit","path":"C:\\\\Users\\\\b_a_s\\\\AppData\\\\Local\\\\Temp\\\\aiboard-task10-fence-6dJz5X","existsAtExit":false}
# C5 CLI root: {"event":"exit","path":"C:\\\\Users\\\\b_a_s\\\\AppData\\\\Local\\\\Temp\\\\aiboard-task10-fence-DRDIR6","existsAtExit":false}
# C5 CLI root: {"event":"exit","path":"C:\\\\Users\\\\b_a_s\\\\AppData\\\\Local\\\\Temp\\\\aiboard-task10-fence-kV75vI","existsAtExit":false}
# C5 CLI root: {"event":"exit","path":"C:\\\\Users\\\\b_a_s\\\\AppData\\\\Local\\\\Temp\\\\aiboard-task10-fence-9TmXxk","existsAtExit":false}
# C5 CLI root: {"event":"exit","path":"C:\\\\Users\\\\b_a_s\\\\AppData\\\\Local\\\\Temp\\\\aiboard-task10-fence-LyDFLP","existsAtExit":false}
# C5 CLI root: {"event":"exit","path":"C:\\\\Users\\\\b_a_s\\\\AppData\\\\Local\\\\Temp\\\\aiboard-task10-fence-a99Jco","existsAtExit":false}
# C5 CLI root: {"event":"exit","path":"C:\\\\Users\\\\b_a_s\\\\AppData\\\\Local\\\\Temp\\\\aiboard-task10-fence-Q2AxgK","existsAtExit":false}
# C5 CLI root: {"event":"exit","path":"C:\\\\Users\\\\b_a_s\\\\AppData\\\\Local\\\\Temp\\\\aiboard-task10-fence-qAbnxb","existsAtExit":false}
# C5 CLI root: {"event":"exit","path":"C:\\\\Users\\\\b_a_s\\\\AppData\\\\Local\\\\Temp\\\\aiboard-task10-fence-VmJyoA","existsAtExit":false}
# C5 CLI root: {"event":"exit","path":"C:\\\\Users\\\\b_a_s\\\\AppData\\\\Local\\\\Temp\\\\aiboard-task10-fence-iMRe5y","existsAtExit":false}
# C5 CLI root: {"event":"exit","path":"C:\\\\Users\\\\b_a_s\\\\AppData\\\\Local\\\\Temp\\\\aiboard-task10-fence-qKaM2G","existsAtExit":false}
# C5 CLI root: {"event":"exit","path":"C:\\\\Users\\\\b_a_s\\\\AppData\\\\Local\\\\Temp\\\\aiboard-task10-fence-X31stA","existsAtExit":false}
# C5 CLI root: {"event":"exit","path":"C:\\\\Users\\\\b_a_s\\\\AppData\\\\Local\\\\Temp\\\\aiboard-task10-fence-3HdvKY","existsAtExit":false}
# C5 CLI root: {"event":"exit","path":"C:\\\\Users\\\\b_a_s\\\\AppData\\\\Local\\\\Temp\\\\aiboard-task10-fence-EXSl4F","existsAtExit":false}
# C5 CLI root: {"event":"exit","path":"C:\\\\Users\\\\b_a_s\\\\AppData\\\\Local\\\\Temp\\\\aiboard-task10-fence-MO1t6A","existsAtExit":false}
# C5 CLI root: {"event":"exit","path":"C:\\\\Users\\\\b_a_s\\\\AppData\\\\Local\\\\Temp\\\\aiboard-task10-fence-cARjXA","existsAtExit":false}
# C5 CLI root: {"event":"exit","path":"C:\\\\Users\\\\b_a_s\\\\AppData\\\\Local\\\\Temp\\\\aiboard-task10-fence-VoDunQ","existsAtExit":false}
# C5 CLI root: {"event":"exit","path":"C:\\\\Users\\\\b_a_s\\\\AppData\\\\Local\\\\Temp\\\\aiboard-task10-fence-XukEU3","existsAtExit":false}
# C5 CLI root: {"event":"exit","path":"C:\\\\Users\\\\b_a_s\\\\AppData\\\\Local\\\\Temp\\\\aiboard-task10-fence-8jLecl","existsAtExit":false}
# C5 CLI root: {"event":"exit","path":"C:\\\\Users\\\\b_a_s\\\\AppData\\\\Local\\\\Temp\\\\aiboard-task10-fence-fHfTGA","existsAtExit":false}
# C5 CLI root: {"event":"exit","path":"C:\\\\Users\\\\b_a_s\\\\AppData\\\\Local\\\\Temp\\\\aiboard-task10-fence-PW3b3X","existsAtExit":false}
# C5 CLI root: {"event":"exit","path":"C:\\\\Users\\\\b_a_s\\\\AppData\\\\Local\\\\Temp\\\\aiboard-task10-fence-laB6ww","existsAtExit":false}
# C5 CLI root: {"event":"exit","path":"C:\\\\Users\\\\b_a_s\\\\AppData\\\\Local\\\\Temp\\\\aiboard-task10-fence-mXbgoU","existsAtExit":false}
# C5 CLI root: {"event":"exit","path":"C:\\\\Users\\\\b_a_s\\\\AppData\\\\Local\\\\Temp\\\\aiboard-task10-fence-lH6IBh","existsAtExit":false}
# C5 CLI root: {"event":"exit","path":"C:\\\\Users\\\\b_a_s\\\\AppData\\\\Local\\\\Temp\\\\aiboard-task10-fence-7QwGKp","existsAtExit":false}
# C5 CLI root: {"event":"exit","path":"C:\\\\Users\\\\b_a_s\\\\AppData\\\\Local\\\\Temp\\\\aiboard-task10-fence-D9rfGR","existsAtExit":false}
# C5 CLI root: {"event":"exit","path":"C:\\\\Users\\\\b_a_s\\\\AppData\\\\Local\\\\Temp\\\\aiboard-task10-fence-g8EpyD","existsAtExit":false}
# C5 CLI root: {"event":"exit","path":"C:\\\\Users\\\\b_a_s\\\\AppData\\\\Local\\\\Temp\\\\aiboard-task10-fence-9vXKRB","existsAtExit":false}
# C5 CLI root: {"event":"exit","path":"C:\\\\Users\\\\b_a_s\\\\AppData\\\\Local\\\\Temp\\\\aiboard-task10-fence-EfDxgV","existsAtExit":false}
# C5 CLI root: {"event":"exit","path":"C:\\\\Users\\\\b_a_s\\\\AppData\\\\Local\\\\Temp\\\\aiboard-task10-fence-dH68g9","existsAtExit":false}
# C5 CLI root: {"event":"exit","path":"C:\\\\Users\\\\b_a_s\\\\AppData\\\\Local\\\\Temp\\\\aiboard-task10-fence-IMRqmR","existsAtExit":false}
# C5 CLI root: {"event":"exit","path":"C:\\\\Users\\\\b_a_s\\\\AppData\\\\Local\\\\Temp\\\\aiboard-task10-fence-Qu5kyW","existsAtExit":false}
# C5 CLI root: {"event":"exit","path":"C:\\\\Users\\\\b_a_s\\\\AppData\\\\Local\\\\Temp\\\\aiboard-task10-fence-0EGb8k","existsAtExit":false}
# C5 CLI root: {"event":"exit","path":"C:\\\\Users\\\\b_a_s\\\\AppData\\\\Local\\\\Temp\\\\aiboard-task10-fence-sJj2It","existsAtExit":false}
# C5 CLI root: {"event":"exit","path":"C:\\\\Users\\\\b_a_s\\\\AppData\\\\Local\\\\Temp\\\\aiboard-task10-fence-uXcvee","existsAtExit":false}
# C5 CLI root: {"event":"exit","path":"C:\\\\Users\\\\b_a_s\\\\AppData\\\\Local\\\\Temp\\\\aiboard-task10-fence-gnJdbe","existsAtExit":false}
# C5 CLI root: {"event":"exit","path":"C:\\\\Users\\\\b_a_s\\\\AppData\\\\Local\\\\Temp\\\\aiboard-task10-fence-UlYKke","existsAtExit":false}
# C5 CLI root: {"event":"exit","path":"C:\\\\Users\\\\b_a_s\\\\AppData\\\\Local\\\\Temp\\\\aiboard-task10-fence-0kuzcF","existsAtExit":false}
# C5 CLI root: {"event":"exit","path":"C:\\\\Users\\\\b_a_s\\\\AppData\\\\Local\\\\Temp\\\\aiboard-task10-fence-huSlmo","existsAtExit":false}
# C5 CLI root: {"event":"exit","path":"C:\\\\Users\\\\b_a_s\\\\AppData\\\\Local\\\\Temp\\\\aiboard-task10-fence-5eepcD","existsAtExit":false}
# C5 CLI root: {"event":"exit","path":"C:\\\\Users\\\\b_a_s\\\\AppData\\\\Local\\\\Temp\\\\aiboard-task10-fence-9WtLO6","existsAtExit":false}
# C5 CLI root: {"event":"exit","path":"C:\\\\Users\\\\b_a_s\\\\AppData\\\\Local\\\\Temp\\\\aiboard-task10-fence-8xvwCx","existsAtExit":false}
# C5 CLI root: {"event":"exit","path":"C:\\\\Users\\\\b_a_s\\\\AppData\\\\Local\\\\Temp\\\\aiboard-task10-fence-wU7Pq8","existsAtExit":false}
# C5 CLI root: {"event":"exit","path":"C:\\\\Users\\\\b_a_s\\\\AppData\\\\Local\\\\Temp\\\\aiboard-task10-fence-ciIH5F","existsAtExit":false}
# C5 CLI root: {"event":"exit","path":"C:\\\\Users\\\\b_a_s\\\\AppData\\\\Local\\\\Temp\\\\aiboard-task10-fence-Gp5brt","existsAtExit":false}
# C5 CLI root: {"event":"exit","path":"C:\\\\Users\\\\b_a_s\\\\AppData\\\\Local\\\\Temp\\\\aiboard-task10-fence-VO5LAC","existsAtExit":false}
# C5 CLI root: {"event":"exit","path":"C:\\\\Users\\\\b_a_s\\\\AppData\\\\Local\\\\Temp\\\\aiboard-task10-fence-ulASpr","existsAtExit":false}
# C5 CLI root: {"event":"exit","path":"C:\\\\Users\\\\b_a_s\\\\AppData\\\\Local\\\\Temp\\\\aiboard-task10-fence-hBIvtn","existsAtExit":false}
# C5 CLI root: {"event":"exit","path":"C:\\\\Users\\\\b_a_s\\\\AppData\\\\Local\\\\Temp\\\\aiboard-task10-fence-LbGZQz","existsAtExit":false}
# C5 CLI root: {"event":"exit","path":"C:\\\\Users\\\\b_a_s\\\\AppData\\\\Local\\\\Temp\\\\aiboard-task10-fence-1Vn34h","existsAtExit":false}
# C5 CLI root: {"event":"exit","path":"C:\\\\Users\\\\b_a_s\\\\AppData\\\\Local\\\\Temp\\\\aiboard-task10-fence-B4xWIY","existsAtExit":false}
# C5 CLI root: {"event":"exit","path":"C:\\\\Users\\\\b_a_s\\\\AppData\\\\Local\\\\Temp\\\\aiboard-task10-fence-JE8RnA","existsAtExit":false}
# Subtest: native filesystem mutation-capable imports have a closed reviewed ownership boundary
ok 78 - native filesystem mutation-capable imports have a closed reviewed ownership boundary
  ---
  duration_ms: 364.8629
  type: 'test'
  ...
# Subtest: all four native mutations and bootstrap content route through the trusted seam
ok 79 - all four native mutations and bootstrap content route through the trusted seam
  ---
  duration_ms: 0.5952
  type: 'test'
  ...
# C5 CLI root: {"event":"created","path":"C:\\\\Users\\\\b_a_s\\\\AppData\\\\Local\\\\Temp\\\\aiboard-fs-tools-5hsumZ"}
# C5 CLI root: {"event":"created","path":"C:\\\\Users\\\\b_a_s\\\\AppData\\\\Local\\\\Temp\\\\aiboard-fs-patch-crlf-hz2uJx"}
# Subtest: filesystem tools read, inspect, list, search, and preserve CRLF edits
ok 80 - filesystem tools read, inspect, list, search, and preserve CRLF edits
  ---
  duration_ms: 209.1832
  type: 'test'
  ...
# C5 CLI root: {"event":"created","path":"C:\\\\Users\\\\b_a_s\\\\AppData\\\\Local\\\\Temp\\\\aiboard-fs-git-aware-qejZqI"}
# Subtest: fs.patch accepts LF multiline edits for CRLF files without mixing line endings
ok 81 - fs.patch accepts LF multiline edits for CRLF files without mixing line endings
  ---
  duration_ms: 34.8216
  type: 'test'
  ...
# C5 CLI root: {"event":"created","path":"C:\\\\Users\\\\b_a_s\\\\AppData\\\\Local\\\\Temp\\\\aiboard-fs-mutations-yeuwfq"}
# Subtest: directory listing and search follow Git discovery and classification
ok 82 - directory listing and search follow Git discovery and classification
  ---
  duration_ms: 674.3071
  type: 'test'
  ...
# C5 CLI root: {"event":"created","path":"C:\\\\Users\\\\b_a_s\\\\AppData\\\\Local\\\\Temp\\\\aiboard-fs-diagnostics-mbbxuZ"}
# Subtest: filesystem mutations are revision-aware, serialized, movable, and deletable
ok 83 - filesystem mutations are revision-aware, serialized, movable, and deletable
  ---
  duration_ms: 98.3005
  type: 'test'
  ...
# C5 CLI root: {"event":"created","path":"C:\\\\Users\\\\b_a_s\\\\AppData\\\\Local\\\\Temp\\\\aiboard-fs-diagnostic-failure-iXeBTA"}
# Subtest: text mutations attach changed-file TypeScript diagnostics
ok 84 - text mutations attach changed-file TypeScript diagnostics
  ---
  duration_ms: 336.7276
  type: 'test'
  ...
# C5 CLI root: {"event":"created","path":"C:\\\\Users\\\\b_a_s\\\\AppData\\\\Local\\\\Temp\\\\aiboard-fs-benchmark-policy-nlpSOg"}
# Subtest: diagnostic failures never roll back a successful atomic mutation
ok 85 - diagnostic failures never roll back a successful atomic mutation
  ---
  duration_ms: 33.5659
  type: 'test'
  ...
# Subtest: benchmark filesystem policy hides oracle files and protects verifier assets
ok 86 - benchmark filesystem policy hides oracle files and protects verifier assets
  ---
  duration_ms: 124.3898
  type: 'test'
  ...
# C5 CLI root: {"event":"exit","path":"C:\\\\Users\\\\b_a_s\\\\AppData\\\\Local\\\\Temp\\\\aiboard-fs-tools-5hsumZ","existsAtExit":false}
# C5 CLI root: {"event":"exit","path":"C:\\\\Users\\\\b_a_s\\\\AppData\\\\Local\\\\Temp\\\\aiboard-fs-patch-crlf-hz2uJx","existsAtExit":false}
# C5 CLI root: {"event":"exit","path":"C:\\\\Users\\\\b_a_s\\\\AppData\\\\Local\\\\Temp\\\\aiboard-fs-git-aware-qejZqI","existsAtExit":false}
# C5 CLI root: {"event":"exit","path":"C:\\\\Users\\\\b_a_s\\\\AppData\\\\Local\\\\Temp\\\\aiboard-fs-mutations-yeuwfq","existsAtExit":false}
# C5 CLI root: {"event":"exit","path":"C:\\\\Users\\\\b_a_s\\\\AppData\\\\Local\\\\Temp\\\\aiboard-fs-diagnostics-mbbxuZ","existsAtExit":false}
# C5 CLI root: {"event":"exit","path":"C:\\\\Users\\\\b_a_s\\\\AppData\\\\Local\\\\Temp\\\\aiboard-fs-diagnostic-failure-iXeBTA","existsAtExit":false}
# C5 CLI root: {"event":"exit","path":"C:\\\\Users\\\\b_a_s\\\\AppData\\\\Local\\\\Temp\\\\aiboard-fs-benchmark-policy-nlpSOg","existsAtExit":false}
# C5 CLI root: {"event":"created","path":"C:\\\\Users\\\\b_a_s\\\\AppData\\\\Local\\\\Temp\\\\aiboard-final-verification-browser-complete-8pi37l"}
# C5 CLI root: {"event":"created","path":"C:\\\\Users\\\\b_a_s\\\\AppData\\\\Local\\\\Temp\\\\aiboard-final-verification-browser-missing-screenshot-jXK7Fi"}
# Subtest: browser verification records complete URL, DOM, screenshot, and event facts
ok 87 - browser verification records complete URL, DOM, screenshot, and event facts
  ---
  duration_ms: 3914.7058
  type: 'test'
  ...
# C5 CLI root: {"event":"created","path":"C:\\\\Users\\\\b_a_s\\\\AppData\\\\Local\\\\Temp\\\\aiboard-final-verification-browser-redirect-kZzMIr"}
# Subtest: browser verification rejects missing screenshot evidence
ok 88 - browser verification rejects missing screenshot evidence
  ---
  duration_ms: 2946.3446
  type: 'test'
  ...
# C5 CLI root: {"event":"created","path":"C:\\\\Users\\\\b_a_s\\\\AppData\\\\Local\\\\Temp\\\\aiboard-final-verification-browser-policy-KSgMP0"}
# Subtest: browser verification preserves the requested URL across a normal redirect
ok 89 - browser verification preserves the requested URL across a normal redirect
  ---
  duration_ms: 3047.1108
  type: 'test'
  ...
# C5 CLI root: {"event":"created","path":"C:\\\\Users\\\\b_a_s\\\\AppData\\\\Local\\\\Temp\\\\aiboard-final-verification-browser-navigation-thrown-LpP55m"}
# Subtest: browser verification rejects unallowed console and failed-network events
ok 90 - browser verification rejects unallowed console and failed-network events
  ---
  duration_ms: 2973.0875
  type: 'test'
  ...
# C5 CLI root: {"event":"created","path":"C:\\\\Users\\\\b_a_s\\\\AppData\\\\Local\\\\Temp\\\\aiboard-final-verification-browser-navigation-cancelled-SMZJPF"}
# Subtest: browser verification closes once after thrown or cancelled navigation
ok 91 - browser verification closes once after thrown or cancelled navigation
  ---
  duration_ms: 5537.618
  type: 'test'
  ...
# C5 CLI root: {"event":"exit","path":"C:\\\\Users\\\\b_a_s\\\\AppData\\\\Local\\\\Temp\\\\aiboard-final-verification-browser-complete-8pi37l","existsAtExit":false}
# C5 CLI root: {"event":"exit","path":"C:\\\\Users\\\\b_a_s\\\\AppData\\\\Local\\\\Temp\\\\aiboard-final-verification-browser-missing-screenshot-jXK7Fi","existsAtExit":false}
# C5 CLI root: {"event":"exit","path":"C:\\\\Users\\\\b_a_s\\\\AppData\\\\Local\\\\Temp\\\\aiboard-final-verification-browser-redirect-kZzMIr","existsAtExit":false}
# C5 CLI root: {"event":"exit","path":"C:\\\\Users\\\\b_a_s\\\\AppData\\\\Local\\\\Temp\\\\aiboard-final-verification-browser-policy-KSgMP0","existsAtExit":false}
# C5 CLI root: {"event":"exit","path":"C:\\\\Users\\\\b_a_s\\\\AppData\\\\Local\\\\Temp\\\\aiboard-final-verification-browser-navigation-thrown-LpP55m","existsAtExit":false}
# C5 CLI root: {"event":"exit","path":"C:\\\\Users\\\\b_a_s\\\\AppData\\\\Local\\\\Temp\\\\aiboard-final-verification-browser-navigation-cancelled-SMZJPF","existsAtExit":false}
# C5 CLI root: {"event":"created","path":"C:\\\\Users\\\\b_a_s\\\\AppData\\\\Local\\\\Temp\\\\aiboard-fv-cleanup-archive-NZPfgf"}
# C5 CLI root: {"event":"created","path":"C:\\\\Users\\\\b_a_s\\\\AppData\\\\Local\\\\Temp\\\\aiboard-fv-cleanup-structured-redaction-VcbnZg"}
# Subtest: failed verification diagnostics archive dirty files before exact cleanup
ok 92 - failed verification diagnostics archive dirty files before exact cleanup
  ---
  duration_ms: 3006.6354
  type: 'test'
  ...
# C5 CLI root: {"event":"created","path":"C:\\\\Users\\\\b_a_s\\\\AppData\\\\Local\\\\Temp\\\\aiboard-fv-cleanup-crash-after-workspace-delete-Qx0go0"}
# Subtest: diagnostics redact structured keys, argv pairs, bearer values, and URL credentials
ok 93 - diagnostics redact structured keys, argv pairs, bearer values, and URL credentials
  ---
  duration_ms: 2779.0156
  type: 'test'
  ...
# C5 CLI root: {"event":"created","path":"C:\\\\Users\\\\b_a_s\\\\AppData\\\\Local\\\\Temp\\\\aiboard-fv-cleanup-legacy-archive-repair-8HuZmW"}
# Subtest: failed cleanup converges after a crash between workspace deletion and receipt persistence
ok 94 - failed cleanup converges after a crash between workspace deletion and receipt persistence
  ---
  duration_ms: 2759.547
  type: 'test'
  ...
# C5 CLI root: {"event":"created","path":"C:\\\\Users\\\\b_a_s\\\\AppData\\\\Local\\\\Temp\\\\aiboard-fv-cleanup-archive-rebind-49iJ6X"}
# Subtest: restart repairs a legacy unsafe diagnostics archive after its cleanup receipt was rejected
ok 95 - restart repairs a legacy unsafe diagnostics archive after its cleanup receipt was rejected
  ---
  duration_ms: 2852.0722
  type: 'test'
  ...
# C5 CLI root: {"event":"created","path":"C:\\\\Users\\\\b_a_s\\\\AppData\\\\Local\\\\Temp\\\\aiboard-fv-cleanup-forged-receipt-PiZws6"}
# Subtest: an existing diagnostics archive cannot be rebound to different failure facts
ok 96 - an existing diagnostics archive cannot be rebound to different failure facts
  ---
  duration_ms: 2785.8085
  type: 'test'
  ...
# C5 CLI root: {"event":"created","path":"C:\\\\Users\\\\b_a_s\\\\AppData\\\\Local\\\\Temp\\\\aiboard-fv-cleanup-diagnostic-failure-WKPO2y"}
# Subtest: a forged cleanup receipt cannot inject an unowned diagnostics path
ok 97 - a forged cleanup receipt cannot inject an unowned diagnostics path
  ---
  duration_ms: 2328.2977
  type: 'test'
  ...
# C5 CLI root: {"event":"created","path":"C:\\\\Users\\\\b_a_s\\\\AppData\\\\Local\\\\Temp\\\\aiboard-fv-cleanup-process-failure-Ht43T1"}
# Subtest: diagnostics failure retains verification workspace
ok 98 - diagnostics failure retains verification workspace
  ---
  duration_ms: 2382.0838
  type: 'test'
  ...
# C5 CLI root: {"event":"created","path":"C:\\\\Users\\\\b_a_s\\\\AppData\\\\Local\\\\Temp\\\\aiboard-fv-cleanup-owner-idempotent-pcOZ9o"}
# Subtest: process stop failure never falls through to workspace removal
ok 99 - process stop failure never falls through to workspace removal
  ---
  duration_ms: 2410.5304
  type: 'test'
  ...
# C5 CLI root: {"event":"created","path":"C:\\\\Users\\\\b_a_s\\\\AppData\\\\Local\\\\Temp\\\\aiboard-fv-cleanup-multiple-generations-eaqBEJ"}
# Subtest: wrong workspace ownership refuses deletion and successful cleanup is idempotent
ok 100 - wrong workspace ownership refuses deletion and successful cleanup is idempotent
  ---
  duration_ms: 2532.5362
  type: 'test'
  ...
# C5 CLI root: {"event":"created","path":"C:\\\\Users\\\\b_a_s\\\\AppData\\\\Local\\\\Temp\\\\aiboard-fv-cleanup-guidance-retirement-UMmMQF"}
# Subtest: later generation cleanup is not skipped and quiesce preserves its workspace
ok 101 - later generation cleanup is not skipped and quiesce preserves its workspace
  ---
  duration_ms: 3502.9251
  type: 'test'
  ...
# C5 CLI root: {"event":"created","path":"C:\\\\Users\\\\b_a_s\\\\AppData\\\\Local\\\\Temp\\\\aiboard-fv-cleanup-concurrent-guidance-retirement-CTOpn1"}
# Subtest: guidance retirement removes dirty verification state and releases its lease before same-revision restart
ok 102 - guidance retirement removes dirty verification state and releases its lease before same-revision restart
  ---
  duration_ms: 3450.0989
  type: 'test'
  ...
# C5 CLI root: {"event":"created","path":"C:\\\\Users\\\\b_a_s\\\\AppData\\\\Local\\\\Temp\\\\aiboard-fv-cleanup-guidance-adopts-newer-generation-Q1fj3Y"}
# Subtest: concurrent exact-generation cleanup and guidance retirement share one owned cleanup transaction
ok 103 - concurrent exact-generation cleanup and guidance retirement share one owned cleanup transaction
  ---
  duration_ms: 2581.0541
  type: 'test'
  ...
# Subtest: recovery adoption preserves the newer generation workspace and shared lease
ok 104 - recovery adoption preserves the newer generation workspace and shared lease
  ---
  duration_ms: 2488.2137
  type: 'test'
  ...
# C5 CLI root: {"event":"exit","path":"C:\\\\Users\\\\b_a_s\\\\AppData\\\\Local\\\\Temp\\\\aiboard-fv-cleanup-archive-NZPfgf","existsAtExit":false}
# C5 CLI root: {"event":"exit","path":"C:\\\\Users\\\\b_a_s\\\\AppData\\\\Local\\\\Temp\\\\aiboard-fv-cleanup-structured-redaction-VcbnZg","existsAtExit":false}
# C5 CLI root: {"event":"exit","path":"C:\\\\Users\\\\b_a_s\\\\AppData\\\\Local\\\\Temp\\\\aiboard-fv-cleanup-crash-after-workspace-delete-Qx0go0","existsAtExit":false}
# C5 CLI root: {"event":"exit","path":"C:\\\\Users\\\\b_a_s\\\\AppData\\\\Local\\\\Temp\\\\aiboard-fv-cleanup-legacy-archive-repair-8HuZmW","existsAtExit":false}
# C5 CLI root: {"event":"exit","path":"C:\\\\Users\\\\b_a_s\\\\AppData\\\\Local\\\\Temp\\\\aiboard-fv-cleanup-archive-rebind-49iJ6X","existsAtExit":false}
# C5 CLI root: {"event":"exit","path":"C:\\\\Users\\\\b_a_s\\\\AppData\\\\Local\\\\Temp\\\\aiboard-fv-cleanup-forged-receipt-PiZws6","existsAtExit":false}
# C5 CLI root: {"event":"exit","path":"C:\\\\Users\\\\b_a_s\\\\AppData\\\\Local\\\\Temp\\\\aiboard-fv-cleanup-diagnostic-failure-WKPO2y","existsAtExit":false}
# C5 CLI root: {"event":"exit","path":"C:\\\\Users\\\\b_a_s\\\\AppData\\\\Local\\\\Temp\\\\aiboard-fv-cleanup-process-failure-Ht43T1","existsAtExit":false}
# C5 CLI root: {"event":"exit","path":"C:\\\\Users\\\\b_a_s\\\\AppData\\\\Local\\\\Temp\\\\aiboard-fv-cleanup-owner-idempotent-pcOZ9o","existsAtExit":false}
# C5 CLI root: {"event":"exit","path":"C:\\\\Users\\\\b_a_s\\\\AppData\\\\Local\\\\Temp\\\\aiboard-fv-cleanup-multiple-generations-eaqBEJ","existsAtExit":false}
# C5 CLI root: {"event":"exit","path":"C:\\\\Users\\\\b_a_s\\\\AppData\\\\Local\\\\Temp\\\\aiboard-fv-cleanup-guidance-retirement-UMmMQF","existsAtExit":false}
# C5 CLI root: {"event":"exit","path":"C:\\\\Users\\\\b_a_s\\\\AppData\\\\Local\\\\Temp\\\\aiboard-fv-cleanup-concurrent-guidance-retirement-CTOpn1","existsAtExit":false}
# C5 CLI root: {"event":"exit","path":"C:\\\\Users\\\\b_a_s\\\\AppData\\\\Local\\\\Temp\\\\aiboard-fv-cleanup-guidance-adopts-newer-generation-Q1fj3Y","existsAtExit":false}
# C5 CLI root: {"event":"created","path":"C:\\\\Users\\\\b_a_s\\\\AppData\\\\Local\\\\Temp\\\\aiboard-verification-profile-X1pwDi"}
# C5 CLI root: {"event":"created","path":"C:\\\\Users\\\\b_a_s\\\\AppData\\\\Local\\\\Temp\\\\aiboard-verification-profile-authority-Z63V57"}
# C5 CLI root: {"event":"created","path":"C:\\\\Users\\\\b_a_s\\\\AppData\\\\Local\\\\Temp\\\\aiboard-verification-profile-invalid-O4dHLi"}
# Subtest: runner-owned exact-revision signals reject an Architect all-not-applicable plan
ok 105 - runner-owned exact-revision signals reject an Architect all-not-applicable plan
  ---
  duration_ms: 2464.7376
  type: 'test'
  ...
# Subtest: SQLite generation append fails closed without runner-owned profile authority
ok 106 - SQLite generation append fails closed without runner-owned profile authority
  ---
  duration_ms: 25.7262
  type: 'test'
  ...
# C5 CLI root: {"event":"created","path":"C:\\\\Users\\\\b_a_s\\\\AppData\\\\Local\\\\Temp\\\\aiboard-verification-profile-replay-Ray53q"}
# Subtest: missing, stale, or uninspected execution profiles cannot create a generation
ok 107 - missing, stale, or uninspected execution profiles cannot create a generation
  ---
  duration_ms: 1740.1332
  type: 'test'
  ...
# C5 CLI root: {"event":"created","path":"C:\\\\Users\\\\b_a_s\\\\AppData\\\\Local\\\\Temp\\\\aiboard-verification-policy-authority-CL3Jss"}
# C5 CLI root: {"event":"created","path":"C:\\\\Users\\\\b_a_s\\\\AppData\\\\Local\\\\Temp\\\\aiboard-verification-policy-authority-AHTFMd"}
# C5 CLI root: {"event":"created","path":"C:\\\\Users\\\\b_a_s\\\\AppData\\\\Local\\\\Temp\\\\aiboard-verification-manager-hbTZul"}
# Subtest: durable execution profile is idempotent and rejects append and replay tampering
ok 108 - durable execution profile is idempotent and rejects append and replay tampering
  ---
  duration_ms: 1784.4887
  type: 'test'
  ...
# Subtest: browser policy shape is rejected before profile clone can normalize malformed allowlists
ok 109 - browser policy shape is rejected before profile clone can normalize malformed allowlists
  ---
  duration_ms: 0.842
  type: 'test'
  ...
# Subtest: runner-owned profile authority rejects malformed browser policy at append
ok 110 - runner-owned profile authority rejects malformed browser policy at append
  ---
  duration_ms: 26.8077
  type: 'test'
  ...
# Subtest: runner-owned profile authority rejects malformed browser policy during replay
ok 111 - runner-owned profile authority rejects malformed browser policy during replay
  ---
  duration_ms: 32.1492
  type: 'test'
  ...
# C5 CLI root: {"event":"created","path":"C:\\\\Users\\\\b_a_s\\\\AppData\\\\Local\\\\Temp\\\\aiboard-verification-manager-4QKXYe"}
# C5 CLI root: {"event":"created","path":"C:\\\\Users\\\\b_a_s\\\\AppData\\\\Local\\\\Temp\\\\aiboard-verification-manager-aBoWhw"}
# C5 CLI root: {"event":"created","path":"C:\\\\Users\\\\b_a_s\\\\AppData\\\\Local\\\\Temp\\\\aiboard-verification-manager-UDg8N1"}
# Subtest: exact-revision package-manager inspection binds npm, pnpm, and yarn provisioning argv
ok 112 - exact-revision package-manager inspection binds npm, pnpm, and yarn provisioning argv
  ---
  duration_ms: 5160.4304
  type: 'test'
  ...
# C5 CLI root: {"event":"created","path":"C:\\\\Users\\\\b_a_s\\\\AppData\\\\Local\\\\Temp\\\\aiboard-verification-manager-CXTulf"}
# Subtest: package-manager inspection fails closed on declaration/lock conflict
ok 113 - package-manager inspection fails closed on declaration/lock conflict
  ---
  duration_ms: 1712.788
  type: 'test'
  ...
# C5 CLI root: {"event":"created","path":"C:\\\\Users\\\\b_a_s\\\\AppData\\\\Local\\\\Temp\\\\aiboard-verification-manager-jhlI0I"}
# C5 CLI root: {"event":"created","path":"C:\\\\Users\\\\b_a_s\\\\AppData\\\\Local\\\\Temp\\\\aiboard-verification-ports-0gyCF2"}
# Subtest: lockfile-only workspaces are provisioned and unlocked dependencies fail closed
ok 114 - lockfile-only workspaces are provisioned and unlocked dependencies fail closed
  ---
  duration_ms: 3589.8512
  type: 'test'
  ...
# C5 CLI root: {"event":"created","path":"C:\\\\Users\\\\b_a_s\\\\AppData\\\\Local\\\\Temp\\\\aiboard-verification-port-revision-M4EyBL"}
# Subtest: runner-owned application ports isolate concurrent profiles and release cleanly
ok 115 - runner-owned application ports isolate concurrent profiles and release cleanly
  ---
  duration_ms: 18.4181
  type: 'test'
  ...
# C5 CLI root: {"event":"created","path":"C:\\\\Users\\\\b_a_s\\\\AppData\\\\Local\\\\Temp\\\\aiboard-verification-server-manager-JP3W9j"}
# Subtest: port leases survive restart and rotate across integration revisions without stale conflicts
ok 116 - port leases survive restart and rotate across integration revisions without stale conflicts
  ---
  duration_ms: 21.2856
  type: 'test'
  ...
# C5 CLI root: {"event":"created","path":"C:\\\\Users\\\\b_a_s\\\\AppData\\\\Local\\\\Temp\\\\aiboard-verification-server-manager-8WMSYJ"}
# Subtest: failed profile persistence releases only its newly created active port lease
ok 117 - failed profile persistence releases only its newly created active port lease
  ---
  duration_ms: 1673.7931
  type: 'test'
  ...
# C5 CLI root: {"event":"created","path":"C:\\\\Users\\\\b_a_s\\\\AppData\\\\Local\\\\Temp\\\\aiboard-verification-server-manager-yrAf22"}
# Subtest: failed profile replay preserves a pre-existing active port lease
ok 118 - failed profile replay preserves a pre-existing active port lease
  ---
  duration_ms: 1723.8776
  type: 'test'
  ...
# C5 CLI root: {"event":"created","path":"C:\\\\Users\\\\b_a_s\\\\AppData\\\\Local\\\\Temp\\\\aiboard-verification-server-manager-Qwqbko"}
# Subtest: rejected Architect planning releases its inspected port before a later valid plan
ok 119 - rejected Architect planning releases its inspected port before a later valid plan
  ---
  duration_ms: 1828.5644
  type: 'test'
  ...
# Subtest: mechanically rejected generation append releases the inspected port lease
ok 120 - mechanically rejected generation append releases the inspected port lease
  ---
  duration_ms: 1687.3686
  type: 'test'
  ...
# C5 CLI root: {"event":"exit","path":"C:\\\\Users\\\\b_a_s\\\\AppData\\\\Local\\\\Temp\\\\aiboard-verification-profile-X1pwDi","existsAtExit":false}
# C5 CLI root: {"event":"exit","path":"C:\\\\Users\\\\b_a_s\\\\AppData\\\\Local\\\\Temp\\\\aiboard-verification-profile-authority-Z63V57","existsAtExit":false}
# C5 CLI root: {"event":"exit","path":"C:\\\\Users\\\\b_a_s\\\\AppData\\\\Local\\\\Temp\\\\aiboard-verification-profile-invalid-O4dHLi","existsAtExit":false}
# C5 CLI root: {"event":"exit","path":"C:\\\\Users\\\\b_a_s\\\\AppData\\\\Local\\\\Temp\\\\aiboard-verification-profile-replay-Ray53q","existsAtExit":false}
# C5 CLI root: {"event":"exit","path":"C:\\\\Users\\\\b_a_s\\\\AppData\\\\Local\\\\Temp\\\\aiboard-verification-policy-authority-CL3Jss","existsAtExit":false}
# C5 CLI root: {"event":"exit","path":"C:\\\\Users\\\\b_a_s\\\\AppData\\\\Local\\\\Temp\\\\aiboard-verification-policy-authority-AHTFMd","existsAtExit":false}
# C5 CLI root: {"event":"exit","path":"C:\\\\Users\\\\b_a_s\\\\AppData\\\\Local\\\\Temp\\\\aiboard-verification-manager-hbTZul","existsAtExit":false}
# C5 CLI root: {"event":"exit","path":"C:\\\\Users\\\\b_a_s\\\\AppData\\\\Local\\\\Temp\\\\aiboard-verification-manager-4QKXYe","existsAtExit":false}
# C5 CLI root: {"event":"exit","path":"C:\\\\Users\\\\b_a_s\\\\AppData\\\\Local\\\\Temp\\\\aiboard-verification-manager-aBoWhw","existsAtExit":false}
# C5 CLI root: {"event":"exit","path":"C:\\\\Users\\\\b_a_s\\\\AppData\\\\Local\\\\Temp\\\\aiboard-verification-manager-UDg8N1","existsAtExit":false}
# C5 CLI root: {"event":"exit","path":"C:\\\\Users\\\\b_a_s\\\\AppData\\\\Local\\\\Temp\\\\aiboard-verification-manager-CXTulf","existsAtExit":false}
# C5 CLI root: {"event":"exit","path":"C:\\\\Users\\\\b_a_s\\\\AppData\\\\Local\\\\Temp\\\\aiboard-verification-manager-jhlI0I","existsAtExit":false}
# C5 CLI root: {"event":"exit","path":"C:\\\\Users\\\\b_a_s\\\\AppData\\\\Local\\\\Temp\\\\aiboard-verification-ports-0gyCF2","existsAtExit":false}
# C5 CLI root: {"event":"exit","path":"C:\\\\Users\\\\b_a_s\\\\AppData\\\\Local\\\\Temp\\\\aiboard-verification-port-revision-M4EyBL","existsAtExit":false}
# C5 CLI root: {"event":"exit","path":"C:\\\\Users\\\\b_a_s\\\\AppData\\\\Local\\\\Temp\\\\aiboard-verification-server-manager-JP3W9j","existsAtExit":false}
# C5 CLI root: {"event":"exit","path":"C:\\\\Users\\\\b_a_s\\\\AppData\\\\Local\\\\Temp\\\\aiboard-verification-server-manager-8WMSYJ","existsAtExit":false}
# C5 CLI root: {"event":"exit","path":"C:\\\\Users\\\\b_a_s\\\\AppData\\\\Local\\\\Temp\\\\aiboard-verification-server-manager-yrAf22","existsAtExit":false}
# C5 CLI root: {"event":"exit","path":"C:\\\\Users\\\\b_a_s\\\\AppData\\\\Local\\\\Temp\\\\aiboard-verification-server-manager-Qwqbko","existsAtExit":false}
# C5 CLI root: {"event":"created","path":"C:\\\\Users\\\\b_a_s\\\\AppData\\\\Local\\\\Temp\\\\aiboard-final-verification-b1-smoke success-zoHmkc"}
# C5 CLI root: {"event":"created","path":"C:\\\\Users\\\\b_a_s\\\\AppData\\\\Local\\\\Temp\\\\aiboard-windows-semantic-duplex-OG49P2"}
# C5 CLI root: {"event":"created","path":"C:\\\\Users\\\\b_a_s\\\\AppData\\\\Local\\\\Temp\\\\aiboard-windows-semantic-batch-W1nk3h"}
# C5 CLI root: {"event":"created","path":"C:\\\\Users\\\\b_a_s\\\\AppData\\\\Local\\\\Temp\\\\aiboard-windows-semantic-tree-bZb7Gw"}
# C5 CLI root: {"event":"created","path":"C:\\\\Users\\\\b_a_s\\\\AppData\\\\Local\\\\Temp\\\\aiboard-production-one-shot-ioPlQr"}
# C5 CLI root: {"event":"created","path":"C:\\\\Users\\\\b_a_s\\\\AppData\\\\Local\\\\Temp\\\\aiboard-final-verification-b1-smoke timeout-RHvo9I"}
# Subtest: runtime smoke waits for health, records endpoint/output facts, and releases its port
ok 121 - runtime smoke waits for health, records endpoint/output facts, and releases its port
  ---
  duration_ms: 17544.262
  type: 'test'
  ...
# C5 CLI root: {"event":"created","path":"C:\\\\Users\\\\b_a_s\\\\AppData\\\\Local\\\\Temp\\\\aiboard-windows-semantic-duplex-DnTa2a"}
# C5 CLI root: {"event":"created","path":"C:\\\\Users\\\\b_a_s\\\\AppData\\\\Local\\\\Temp\\\\aiboard-windows-semantic-batch-OxXKga"}
# C5 CLI root: {"event":"created","path":"C:\\\\Users\\\\b_a_s\\\\AppData\\\\Local\\\\Temp\\\\aiboard-windows-semantic-tree-Exvc5p"}
# C5 CLI root: {"event":"created","path":"C:\\\\Users\\\\b_a_s\\\\AppData\\\\Local\\\\Temp\\\\aiboard-production-one-shot-lJjfnt"}
# C5 CLI root: {"event":"created","path":"C:\\\\Users\\\\b_a_s\\\\AppData\\\\Local\\\\Temp\\\\aiboard-final-verification-b1-smoke unhealthy exit-sdySIa"}
# Subtest: runtime smoke timeout is non-green and cleans up the owned process
ok 122 - runtime smoke timeout is non-green and cleans up the owned process
  ---
  duration_ms: 16668.3509
  type: 'test'
  ...
# C5 CLI root: {"event":"created","path":"C:\\\\Users\\\\b_a_s\\\\AppData\\\\Local\\\\Temp\\\\aiboard-windows-semantic-duplex-PJjV9G"}
# C5 CLI root: {"event":"created","path":"C:\\\\Users\\\\b_a_s\\\\AppData\\\\Local\\\\Temp\\\\aiboard-windows-semantic-batch-UKK1pD"}
# C5 CLI root: {"event":"created","path":"C:\\\\Users\\\\b_a_s\\\\AppData\\\\Local\\\\Temp\\\\aiboard-windows-semantic-tree-2x5keN"}
# C5 CLI root: {"event":"created","path":"C:\\\\Users\\\\b_a_s\\\\AppData\\\\Local\\\\Temp\\\\aiboard-production-one-shot-Mc6whk"}
# C5 CLI root: {"event":"created","path":"C:\\\\Users\\\\b_a_s\\\\AppData\\\\Local\\\\Temp\\\\aiboard-final-verification-b1-smoke cancellation-7sG7XR"}
# Subtest: runtime smoke marks an unhealthy process exit non-green and still stops it
ok 123 - runtime smoke marks an unhealthy process exit non-green and still stops it
  ---
  duration_ms: 16567.4163
  type: 'test'
  ...
# C5 CLI root: {"event":"created","path":"C:\\\\Users\\\\b_a_s\\\\AppData\\\\Local\\\\Temp\\\\aiboard-windows-semantic-duplex-ZTBCTe"}
# C5 CLI root: {"event":"created","path":"C:\\\\Users\\\\b_a_s\\\\AppData\\\\Local\\\\Temp\\\\aiboard-windows-semantic-batch-c2XEFR"}
# C5 CLI root: {"event":"created","path":"C:\\\\Users\\\\b_a_s\\\\AppData\\\\Local\\\\Temp\\\\aiboard-windows-semantic-tree-mS3WVd"}
# C5 CLI root: {"event":"created","path":"C:\\\\Users\\\\b_a_s\\\\AppData\\\\Local\\\\Temp\\\\aiboard-production-one-shot-fuuI4j"}
# Subtest: runtime smoke cancellation stops the process tree and releases the port
ok 124 - runtime smoke cancellation stops the process tree and releases the port
  ---
  duration_ms: 16899.0266
  type: 'test'
  ...
# C5 CLI root: {"event":"exit","path":"C:\\\\Users\\\\b_a_s\\\\AppData\\\\Local\\\\Temp\\\\aiboard-final-verification-b1-smoke success-zoHmkc","existsAtExit":false}
# C5 CLI root: {"event":"exit","path":"C:\\\\Users\\\\b_a_s\\\\AppData\\\\Local\\\\Temp\\\\aiboard-windows-semantic-duplex-OG49P2","existsAtExit":false}
# C5 CLI root: {"event":"exit","path":"C:\\\\Users\\\\b_a_s\\\\AppData\\\\Local\\\\Temp\\\\aiboard-windows-semantic-batch-W1nk3h","existsAtExit":false}
# C5 CLI root: {"event":"exit","path":"C:\\\\Users\\\\b_a_s\\\\AppData\\\\Local\\\\Temp\\\\aiboard-windows-semantic-tree-bZb7Gw","existsAtExit":false}
# C5 CLI root: {"event":"exit","path":"C:\\\\Users\\\\b_a_s\\\\AppData\\\\Local\\\\Temp\\\\aiboard-production-one-shot-ioPlQr","existsAtExit":false}
# C5 CLI root: {"event":"exit","path":"C:\\\\Users\\\\b_a_s\\\\AppData\\\\Local\\\\Temp\\\\aiboard-final-verification-b1-smoke timeout-RHvo9I","existsAtExit":false}
# C5 CLI root: {"event":"exit","path":"C:\\\\Users\\\\b_a_s\\\\AppData\\\\Local\\\\Temp\\\\aiboard-windows-semantic-duplex-DnTa2a","existsAtExit":false}
# C5 CLI root: {"event":"exit","path":"C:\\\\Users\\\\b_a_s\\\\AppData\\\\Local\\\\Temp\\\\aiboard-windows-semantic-batch-OxXKga","existsAtExit":false}
# C5 CLI root: {"event":"exit","path":"C:\\\\Users\\\\b_a_s\\\\AppData\\\\Local\\\\Temp\\\\aiboard-windows-semantic-tree-Exvc5p","existsAtExit":false}
# C5 CLI root: {"event":"exit","path":"C:\\\\Users\\\\b_a_s\\\\AppData\\\\Local\\\\Temp\\\\aiboard-production-one-shot-lJjfnt","existsAtExit":false}
# C5 CLI root: {"event":"exit","path":"C:\\\\Users\\\\b_a_s\\\\AppData\\\\Local\\\\Temp\\\\aiboard-final-verification-b1-smoke unhealthy exit-sdySIa","existsAtExit":false}
# C5 CLI root: {"event":"exit","path":"C:\\\\Users\\\\b_a_s\\\\AppData\\\\Local\\\\Temp\\\\aiboard-windows-semantic-duplex-PJjV9G","existsAtExit":false}
# C5 CLI root: {"event":"exit","path":"C:\\\\Users\\\\b_a_s\\\\AppData\\\\Local\\\\Temp\\\\aiboard-windows-semantic-batch-UKK1pD","existsAtExit":false}
# C5 CLI root: {"event":"exit","path":"C:\\\\Users\\\\b_a_s\\\\AppData\\\\Local\\\\Temp\\\\aiboard-windows-semantic-tree-2x5keN","existsAtExit":false}
# C5 CLI root: {"event":"exit","path":"C:\\\\Users\\\\b_a_s\\\\AppData\\\\Local\\\\Temp\\\\aiboard-production-one-shot-Mc6whk","existsAtExit":false}
# C5 CLI root: {"event":"exit","path":"C:\\\\Users\\\\b_a_s\\\\AppData\\\\Local\\\\Temp\\\\aiboard-final-verification-b1-smoke cancellation-7sG7XR","existsAtExit":false}
# C5 CLI root: {"event":"exit","path":"C:\\\\Users\\\\b_a_s\\\\AppData\\\\Local\\\\Temp\\\\aiboard-windows-semantic-duplex-ZTBCTe","existsAtExit":false}
# C5 CLI root: {"event":"exit","path":"C:\\\\Users\\\\b_a_s\\\\AppData\\\\Local\\\\Temp\\\\aiboard-windows-semantic-batch-c2XEFR","existsAtExit":false}
# C5 CLI root: {"event":"exit","path":"C:\\\\Users\\\\b_a_s\\\\AppData\\\\Local\\\\Temp\\\\aiboard-windows-semantic-tree-mS3WVd","existsAtExit":false}
# C5 CLI root: {"event":"exit","path":"C:\\\\Users\\\\b_a_s\\\\AppData\\\\Local\\\\Temp\\\\aiboard-production-one-shot-fuuI4j","existsAtExit":false}
# C5 CLI root: {"event":"created","path":"C:\\\\Users\\\\b_a_s\\\\AppData\\\\Local\\\\Temp\\\\aiboard-final-verification-spill-output-ACz50y"}
# C5 CLI root: {"event":"created","path":"C:\\\\Users\\\\b_a_s\\\\AppData\\\\Local\\\\Temp\\\\aiboard-final-verification-spill-missing-mevA7j"}
# Subtest: final verification ingests runtime spill output and log volume alone stays green
ok 125 - final verification ingests runtime spill output and log volume alone stays green
  ---
  duration_ms: 3327.3951
  type: 'test'
  ...
# C5 CLI root: {"event":"created","path":"C:\\\\Users\\\\b_a_s\\\\AppData\\\\Local\\\\Temp\\\\aiboard-final-verification-spill-corrupt-bCEfCX"}
# Subtest: final verification falls back to bounded tails for missing or corrupt spills
    # Subtest: missing
    ok 1 - missing
      ---
      duration_ms: 3287.2477
      type: 'test'
      ...
# C5 CLI root: {"event":"created","path":"C:\\\\Users\\\\b_a_s\\\\AppData\\\\Local\\\\Temp\\\\aiboard-final-verification-typed-isolation_capability_unavailable-cyRpIr"}
    # Subtest: corrupt
    ok 2 - corrupt
      ---
      duration_ms: 3407.3028
      type: 'test'
      ...
    1..2
ok 126 - final verification falls back to bounded tails for missing or corrupt spills
  ---
  duration_ms: 6695.4724
  type: 'test'
  ...
# C5 CLI root: {"event":"created","path":"C:\\\\Users\\\\b_a_s\\\\AppData\\\\Local\\\\Temp\\\\aiboard-final-verification-typed-isolation_revocation_failed-P1OmLD"}
# Subtest: final verification preserves stable isolation and runtime failure codes
    # Subtest: isolation_capability_unavailable
    ok 1 - isolation_capability_unavailable
      ---
      duration_ms: 2860.3748
      type: 'test'
      ...
# C5 CLI root: {"event":"created","path":"C:\\\\Users\\\\b_a_s\\\\AppData\\\\Local\\\\Temp\\\\aiboard-final-verification-typed-outcome_unknown-qKI1cG"}
    # Subtest: isolation_revocation_failed
    ok 2 - isolation_revocation_failed
      ---
      duration_ms: 2846.0804
      type: 'test'
      ...
# C5 CLI root: {"event":"created","path":"C:\\\\Users\\\\b_a_s\\\\AppData\\\\Local\\\\Temp\\\\aiboard-final-verification-production-output-matrix-oDzIly"}
    # Subtest: outcome_unknown
    ok 3 - outcome_unknown
      ---
      duration_ms: 2797.2828
      type: 'test'
      ...
    1..3
ok 127 - final verification preserves stable isolation and runtime failure codes
  ---
  duration_ms: 8504.612
  type: 'test'
  ...
# C5 CLI root: {"event":"created","path":"C:\\\\Users\\\\b_a_s\\\\AppData\\\\Local\\\\Temp\\\\aiboard-production-one-shot-58jTV9"}
# C5 CLI root: {"event":"created","path":"C:\\\\Users\\\\b_a_s\\\\AppData\\\\Local\\\\Temp\\\\aiboard-final-verification-production-spill-fault-TQcxcO"}
# Subtest: final-verification production graph scrubs inherited secrets and survives output beyond spill capacity
ok 128 - final-verification production graph scrubs inherited secrets and survives output beyond spill capacity
  ---
  duration_ms: 28565.1209
  type: 'test'
  ...
# C5 CLI root: {"event":"created","path":"C:\\\\Users\\\\b_a_s\\\\AppData\\\\Local\\\\Temp\\\\aiboard-production-one-shot-egIqPC"}
# C5 CLI root: {"event":"created","path":"C:\\\\Users\\\\b_a_s\\\\AppData\\\\Local\\\\Temp\\\\aiboard-final-verification-success-flLpGP"}
# Subtest: final-verification production graph stays mechanically green on spill setup failure
ok 129 - final-verification production graph stays mechanically green on spill setup failure
  ---
  duration_ms: 6907.8539
  type: 'test'
  ...
# C5 CLI root: {"event":"created","path":"C:\\\\Users\\\\b_a_s\\\\AppData\\\\Local\\\\Temp\\\\aiboard-production-one-shot-oKj3NT"}
# C5 CLI root: {"event":"created","path":"C:\\\\Users\\\\b_a_s\\\\AppData\\\\Local\\\\Temp\\\\aiboard-final-verification-dependency-provisioning-rScCgd"}
# Subtest: runs build and test commands in the pinned workspace and records immutable evidence
ok 130 - runs build and test commands in the pinned workspace and records immutable evidence
  ---
  duration_ms: 7937.6894
  type: 'test'
  ...
# C5 CLI root: {"event":"created","path":"C:\\\\Users\\\\b_a_s\\\\AppData\\\\Local\\\\Temp\\\\aiboard-production-one-shot-3HUQow"}
# C5 CLI root: {"event":"created","path":"C:\\\\Users\\\\b_a_s\\\\AppData\\\\Local\\\\Temp\\\\aiboard-final-verification-single-category-VAkIwY"}
# Subtest: provisions dependencies in the disposable workspace before project commands
ok 131 - provisions dependencies in the disposable workspace before project commands
  ---
  duration_ms: 8047.4729
  type: 'test'
  ...
# C5 CLI root: {"event":"created","path":"C:\\\\Users\\\\b_a_s\\\\AppData\\\\Local\\\\Temp\\\\aiboard-production-one-shot-KfehRG"}
# C5 CLI root: {"event":"created","path":"C:\\\\Users\\\\b_a_s\\\\AppData\\\\Local\\\\Temp\\\\aiboard-final-verification-failures-iJijiB"}
# Subtest: executes one scheduler-selected category with the durable generation identity
ok 132 - executes one scheduler-selected category with the durable generation identity
  ---
  duration_ms: 6553.8883
  type: 'test'
  ...
# C5 CLI root: {"event":"created","path":"C:\\\\Users\\\\b_a_s\\\\AppData\\\\Local\\\\Temp\\\\aiboard-production-one-shot-LHQCMX"}
# C5 CLI root: {"event":"created","path":"C:\\\\Users\\\\b_a_s\\\\AppData\\\\Local\\\\Temp\\\\aiboard-final-verification-process-tree-1t6bU7"}
# Subtest: nonzero, timeout, and cancellation outcomes are mechanically non-green
ok 133 - nonzero, timeout, and cancellation outcomes are mechanically non-green
  ---
  duration_ms: 6729.241
  type: 'test'
  ...
# C5 CLI root: {"event":"created","path":"C:\\\\Users\\\\b_a_s\\\\AppData\\\\Local\\\\Temp\\\\aiboard-production-one-shot-xV8xIL"}
# C5 CLI root: {"event":"created","path":"C:\\\\Users\\\\b_a_s\\\\AppData\\\\Local\\\\Temp\\\\aiboard-final-verification-stale-fzyL9Y"}
# Subtest: cancellation terminates descendant processes and leaves no late process output
ok 134 - cancellation terminates descendant processes and leaves no late process output
  ---
  duration_ms: 5640.9276
  type: 'test'
  ...
# C5 CLI root: {"event":"created","path":"C:\\\\Users\\\\b_a_s\\\\AppData\\\\Local\\\\Temp\\\\aiboard-production-one-shot-vt7vVU"}
# Subtest: rejects a workspace that is stale relative to the current integration revision
ok 135 - rejects a workspace that is stale relative to the current integration revision
  ---
  duration_ms: 2764.2461
  type: 'test'
  ...
# C5 CLI root: {"event":"exit","path":"C:\\\\Users\\\\b_a_s\\\\AppData\\\\Local\\\\Temp\\\\aiboard-final-verification-spill-output-ACz50y","existsAtExit":false}
# C5 CLI root: {"event":"exit","path":"C:\\\\Users\\\\b_a_s\\\\AppData\\\\Local\\\\Temp\\\\aiboard-final-verification-spill-missing-mevA7j","existsAtExit":false}
# C5 CLI root: {"event":"exit","path":"C:\\\\Users\\\\b_a_s\\\\AppData\\\\Local\\\\Temp\\\\aiboard-final-verification-spill-corrupt-bCEfCX","existsAtExit":false}
# C5 CLI root: {"event":"exit","path":"C:\\\\Users\\\\b_a_s\\\\AppData\\\\Local\\\\Temp\\\\aiboard-final-verification-typed-isolation_capability_unavailable-cyRpIr","existsAtExit":false}
# C5 CLI root: {"event":"exit","path":"C:\\\\Users\\\\b_a_s\\\\AppData\\\\Local\\\\Temp\\\\aiboard-final-verification-typed-isolation_revocation_failed-P1OmLD","existsAtExit":false}
# C5 CLI root: {"event":"exit","path":"C:\\\\Users\\\\b_a_s\\\\AppData\\\\Local\\\\Temp\\\\aiboard-final-verification-typed-outcome_unknown-qKI1cG","existsAtExit":false}
# C5 CLI root: {"event":"exit","path":"C:\\\\Users\\\\b_a_s\\\\AppData\\\\Local\\\\Temp\\\\aiboard-final-verification-production-output-matrix-oDzIly","existsAtExit":false}
# C5 CLI root: {"event":"exit","path":"C:\\\\Users\\\\b_a_s\\\\AppData\\\\Local\\\\Temp\\\\aiboard-production-one-shot-58jTV9","existsAtExit":false}
# C5 CLI root: {"event":"exit","path":"C:\\\\Users\\\\b_a_s\\\\AppData\\\\Local\\\\Temp\\\\aiboard-final-verification-production-spill-fault-TQcxcO","existsAtExit":false}
# C5 CLI root: {"event":"exit","path":"C:\\\\Users\\\\b_a_s\\\\AppData\\\\Local\\\\Temp\\\\aiboard-production-one-shot-egIqPC","existsAtExit":false}
# C5 CLI root: {"event":"exit","path":"C:\\\\Users\\\\b_a_s\\\\AppData\\\\Local\\\\Temp\\\\aiboard-final-verification-success-flLpGP","existsAtExit":false}
# C5 CLI root: {"event":"exit","path":"C:\\\\Users\\\\b_a_s\\\\AppData\\\\Local\\\\Temp\\\\aiboard-production-one-shot-oKj3NT","existsAtExit":false}
# C5 CLI root: {"event":"exit","path":"C:\\\\Users\\\\b_a_s\\\\AppData\\\\Local\\\\Temp\\\\aiboard-final-verification-dependency-provisioning-rScCgd","existsAtExit":false}
# C5 CLI root: {"event":"exit","path":"C:\\\\Users\\\\b_a_s\\\\AppData\\\\Local\\\\Temp\\\\aiboard-production-one-shot-3HUQow","existsAtExit":false}
# C5 CLI root: {"event":"exit","path":"C:\\\\Users\\\\b_a_s\\\\AppData\\\\Local\\\\Temp\\\\aiboard-final-verification-single-category-VAkIwY","existsAtExit":false}
# C5 CLI root: {"event":"exit","path":"C:\\\\Users\\\\b_a_s\\\\AppData\\\\Local\\\\Temp\\\\aiboard-production-one-shot-KfehRG","existsAtExit":false}
# C5 CLI root: {"event":"exit","path":"C:\\\\Users\\\\b_a_s\\\\AppData\\\\Local\\\\Temp\\\\aiboard-final-verification-failures-iJijiB","existsAtExit":false}
# C5 CLI root: {"event":"exit","path":"C:\\\\Users\\\\b_a_s\\\\AppData\\\\Local\\\\Temp\\\\aiboard-production-one-shot-LHQCMX","existsAtExit":false}
# C5 CLI root: {"event":"exit","path":"C:\\\\Users\\\\b_a_s\\\\AppData\\\\Local\\\\Temp\\\\aiboard-final-verification-process-tree-1t6bU7","existsAtExit":false}
# C5 CLI root: {"event":"exit","path":"C:\\\\Users\\\\b_a_s\\\\AppData\\\\Local\\\\Temp\\\\aiboard-production-one-shot-xV8xIL","existsAtExit":false}
# C5 CLI root: {"event":"exit","path":"C:\\\\Users\\\\b_a_s\\\\AppData\\\\Local\\\\Temp\\\\aiboard-final-verification-stale-fzyL9Y","existsAtExit":false}
# C5 CLI root: {"event":"exit","path":"C:\\\\Users\\\\b_a_s\\\\AppData\\\\Local\\\\Temp\\\\aiboard-production-one-shot-vt7vVU","existsAtExit":false}
# C5 CLI root: {"event":"created","path":"C:\\\\Users\\\\b_a_s\\\\AppData\\\\Local\\\\Temp\\\\aiboard-baseline-dirty-7FOy2D"}
# C5 CLI root: {"event":"created","path":"C:\\\\Users\\\\b_a_s\\\\AppData\\\\Local\\\\Temp\\\\aiboard-baseline-new-We7MUN"}
# Subtest: dirty repository baseline preserves branch, HEAD, index, status, and files
ok 136 - dirty repository baseline preserves branch, HEAD, index, status, and files
  ---
  duration_ms: 1654.3352
  type: 'test'
  ...
# C5 CLI root: {"event":"created","path":"C:\\\\Users\\\\b_a_s\\\\AppData\\\\Local\\\\Temp\\\\aiboard-baseline-unborn-NlT9u4"}
# Subtest: non-repository bootstrap creates an initial safe baseline without global identity
ok 137 - non-repository bootstrap creates an initial safe baseline without global identity
  ---
  duration_ms: 956.8508
  type: 'test'
  ...
# Subtest: unborn repository bootstrap creates HEAD and applies safe ignore defaults
ok 138 - unborn repository bootstrap creates HEAD and applies safe ignore defaults
  ---
  duration_ms: 798.5685
  type: 'test'
  ...
# C5 CLI root: {"event":"exit","path":"C:\\\\Users\\\\b_a_s\\\\AppData\\\\Local\\\\Temp\\\\aiboard-baseline-dirty-7FOy2D","existsAtExit":false}
# C5 CLI root: {"event":"exit","path":"C:\\\\Users\\\\b_a_s\\\\AppData\\\\Local\\\\Temp\\\\aiboard-baseline-new-We7MUN","existsAtExit":false}
# C5 CLI root: {"event":"exit","path":"C:\\\\Users\\\\b_a_s\\\\AppData\\\\Local\\\\Temp\\\\aiboard-baseline-unborn-NlT9u4","existsAtExit":false}
# Subtest: Git compatibility wrappers delegate only to the explicit exact runner
ok 139 - Git compatibility wrappers delegate only to the explicit exact runner
  ---
  duration_ms: 1.8303
  type: 'test'
  ...
# Subtest: Git wrappers refuse absent injection before any operating-system effect
ok 140 - Git wrappers refuse absent injection before any operating-system effect
  ---
  duration_ms: 0.6151
  type: 'test'
  ...
# Subtest: Git tools bind every subcommand to the actual ToolBroker call
ok 141 - Git tools bind every subcommand to the actual ToolBroker call
  ---
  duration_ms: 0.7725
  type: 'test'
  ...
# C5 CLI root: {"event":"created","path":"C:\\\\Users\\\\b_a_s\\\\AppData\\\\Local\\\\Temp\\\\p6-git-caller-IRFJiE"}
# Subtest: Repository intelligence uses its injected runner for every Git query
ok 142 - Repository intelligence uses its injected runner for every Git query
  ---
  duration_ms: 5.8456
  type: 'test'
  ...
# exact caller fixture acquired: C:\\Users\\b_a_s\\AppData\\Local\\Temp\\p6-git-caller-IRFJiE
# exact caller fixture removed: C:\\Users\\b_a_s\\AppData\\Local\\Temp\\p6-git-caller-IRFJiE
# C5 CLI root: {"event":"created","path":"C:\\\\Users\\\\b_a_s\\\\AppData\\\\Local\\\\Temp\\\\p6-git-baseline-guard-r8EaBB"}
# Subtest: Baseline refuses missing Git authority before changing a project or its index
ok 143 - Baseline refuses missing Git authority before changing a project or its index
  ---
  duration_ms: 2.2209
  type: 'test'
  ...
# exact baseline guard fixture acquired: C:\\Users\\b_a_s\\AppData\\Local\\Temp\\p6-git-baseline-guard-r8EaBB
# exact baseline guard fixture removed: C:\\Users\\b_a_s\\AppData\\Local\\Temp\\p6-git-baseline-guard-r8EaBB
# Subtest: standalone preflight refuses an absent closed owner instead of constructing ambient execution
ok 144 - standalone preflight refuses an absent closed owner instead of constructing ambient execution
  ---
  duration_ms: 0.4454
  type: 'test'
  ...
# C5 CLI root: {"event":"exit","path":"C:\\\\Users\\\\b_a_s\\\\AppData\\\\Local\\\\Temp\\\\p6-git-caller-IRFJiE","existsAtExit":false}
# C5 CLI root: {"event":"exit","path":"C:\\\\Users\\\\b_a_s\\\\AppData\\\\Local\\\\Temp\\\\p6-git-baseline-guard-r8EaBB","existsAtExit":false}
# C5 CLI root: {"event":"created","path":"C:\\\\Users\\\\b_a_s\\\\AppData\\\\Local\\\\Temp\\\\p6-git-context-K0vi4Y"}
# Subtest: run Git context gives several commands distinct child authority under the same real ToolBroker call
ok 145 - run Git context gives several commands distinct child authority under the same real ToolBroker call
  ---
  duration_ms: 12.3475
  type: 'test'
  ...
# C5 CLI root: {"event":"created","path":"C:\\\\Users\\\\b_a_s\\\\AppData\\\\Local\\\\Temp\\\\p6-git-context-RTEaA0"}
# new synthetic Git context root: C:\\Users\\b_a_s\\AppData\\Local\\Temp\\p6-git-context-K0vi4Y
# released grants; removed exact root: C:\\Users\\b_a_s\\AppData\\Local\\Temp\\p6-git-context-K0vi4Y
# Subtest: run Git context rejects changed actor/run/call identity even when reusing a genuine token
ok 146 - run Git context rejects changed actor/run/call identity even when reusing a genuine token
  ---
  duration_ms: 3.5498
  type: 'test'
  ...
# new synthetic Git context root: C:\\Users\\b_a_s\\AppData\\Local\\Temp\\p6-git-context-RTEaA0
# released grants; removed exact root: C:\\Users\\b_a_s\\AppData\\Local\\Temp\\p6-git-context-RTEaA0
# C5 CLI root: {"event":"created","path":"C:\\\\Users\\\\b_a_s\\\\AppData\\\\Local\\\\Temp\\\\p6-git-context-8R6Vi9"}
# Subtest: model Git authority cannot escape its original access through the working directory
ok 147 - model Git authority cannot escape its original access through the working directory
  ---
  duration_ms: 3.1828
  type: 'test'
  ...
# new synthetic Git context root: C:\\Users\\b_a_s\\AppData\\Local\\Temp\\p6-git-context-8R6Vi9
# released grants; removed exact root: C:\\Users\\b_a_s\\AppData\\Local\\Temp\\p6-git-context-8R6Vi9
# C5 CLI root: {"event":"created","path":"C:\\\\Users\\\\b_a_s\\\\AppData\\\\Local\\\\Temp\\\\p6-git-context-AehXmy"}
# Subtest: Git lifecycle uses declared run ownership, never a fabricated model actor or the unrestricted host state root
ok 148 - Git lifecycle uses declared run ownership, never a fabricated model actor or the unrestricted host state root
  ---
  duration_ms: 7.3862
  type: 'test'
  ...
# new synthetic Git context root: C:\\Users\\b_a_s\\AppData\\Local\\Temp\\p6-git-context-AehXmy
# released grants; removed exact root: C:\\Users\\b_a_s\\AppData\\Local\\Temp\\p6-git-context-AehXmy
# C5 CLI root: {"event":"created","path":"C:\\\\Users\\\\b_a_s\\\\AppData\\\\Local\\\\Temp\\\\p6-git-context-hTafTs"}
# Subtest: Git lifecycle refuses a foreign working directory and network command before grant issuance
ok 149 - Git lifecycle refuses a foreign working directory and network command before grant issuance
  ---
  duration_ms: 3.1253
  type: 'test'
  ...
# new synthetic Git context root: C:\\Users\\b_a_s\\AppData\\Local\\Temp\\p6-git-context-hTafTs
# released grants; removed exact root: C:\\Users\\b_a_s\\AppData\\Local\\Temp\\p6-git-context-hTafTs
# C5 CLI root: {"event":"created","path":"C:\\\\Users\\\\b_a_s\\\\AppData\\\\Local\\\\Temp\\\\p6-git-context-xIMvtu"}
# Subtest: Git lifecycle canonicalization refuses a junction escape from an owned working root
ok 150 - Git lifecycle canonicalization refuses a junction escape from an owned working root
  ---
  duration_ms: 4.4103
  type: 'test'
  ...
# new synthetic Git context root: C:\\Users\\b_a_s\\AppData\\Local\\Temp\\p6-git-context-xIMvtu
# released grants; removed exact root: C:\\Users\\b_a_s\\AppData\\Local\\Temp\\p6-git-context-xIMvtu
# C5 CLI root: {"event":"created","path":"C:\\\\Users\\\\b_a_s\\\\AppData\\\\Local\\\\Temp\\\\p6-git-context-4EhbOy"}
# Subtest: strict Git isolation unavailability is retained without another executable or Full retry
ok 151 - strict Git isolation unavailability is retained without another executable or Full retry
  ---
  duration_ms: 4.9528
  type: 'test'
  ...
# new synthetic Git context root: C:\\Users\\b_a_s\\AppData\\Local\\Temp\\p6-git-context-4EhbOy
# C5 CLI root: {"event":"created","path":"C:\\\\Users\\\\b_a_s\\\\AppData\\\\Local\\\\Temp\\\\p6-git-context-E9Arze"}
# released grants; removed exact root: C:\\Users\\b_a_s\\AppData\\Local\\Temp\\p6-git-context-4EhbOy
# Subtest: closed run and missing ToolBroker authority never fall back to stateless Git execution
ok 152 - closed run and missing ToolBroker authority never fall back to stateless Git execution
  ---
  duration_ms: 3.1024
  type: 'test'
  ...
# new synthetic Git context root: C:\\Users\\b_a_s\\AppData\\Local\\Temp\\p6-git-context-E9Arze
# C5 CLI root: {"event":"created","path":"C:\\\\Users\\\\b_a_s\\\\AppData\\\\Local\\\\Temp\\\\p6-git-context-vYaUwY"}
# released grants; removed exact root: C:\\Users\\b_a_s\\AppData\\Local\\Temp\\p6-git-context-E9Arze
# Subtest: nested repository Git reads retain separate call identity across asynchronous interleaving
ok 153 - nested repository Git reads retain separate call identity across asynchronous interleaving
  ---
  duration_ms: 6.4407
  type: 'test'
  ...
# new synthetic Git context root: C:\\Users\\b_a_s\\AppData\\Local\\Temp\\p6-git-context-vYaUwY
# released grants; removed exact root: C:\\Users\\b_a_s\\AppData\\Local\\Temp\\p6-git-context-vYaUwY
# C5 CLI root: {"event":"created","path":"C:\\\\Users\\\\b_a_s\\\\AppData\\\\Local\\\\Temp\\\\p6-git-context-KCmsPn"}
# Subtest: evidence revision read and its command share one original call without consuming it twice
ok 154 - evidence revision read and its command share one original call without consuming it twice
  ---
  duration_ms: 4.8278
  type: 'test'
  ...
# new synthetic Git context root: C:\\Users\\b_a_s\\AppData\\Local\\Temp\\p6-git-context-KCmsPn
# released grants; removed exact root: C:\\Users\\b_a_s\\AppData\\Local\\Temp\\p6-git-context-KCmsPn
# C5 CLI root: {"event":"created","path":"C:\\\\Users\\\\b_a_s\\\\AppData\\\\Local\\\\Temp\\\\p6-git-context-QqU3Lt"}
# Subtest: scoped nested Git reads never manufacture lifecycle authority when no call is active
ok 155 - scoped nested Git reads never manufacture lifecycle authority when no call is active
  ---
  duration_ms: 3.2653
  type: 'test'
  ...
# new synthetic Git context root: C:\\Users\\b_a_s\\AppData\\Local\\Temp\\p6-git-context-QqU3Lt
# C5 CLI root: {"event":"created","path":"C:\\\\Users\\\\b_a_s\\\\AppData\\\\Local\\\\Temp\\\\p6-git-context-Pb8gfA"}
# released grants; removed exact root: C:\\Users\\b_a_s\\AppData\\Local\\Temp\\p6-git-context-QqU3Lt
# Subtest: run-owned workspace cleanup permits its required exact ref inventory
ok 156 - run-owned workspace cleanup permits its required exact ref inventory
  ---
  duration_ms: 5.8497
  type: 'test'
  ...
# new synthetic Git context root: C:\\Users\\b_a_s\\AppData\\Local\\Temp\\p6-git-context-Pb8gfA
# C5 CLI root: {"event":"created","path":"C:\\\\Users\\\\b_a_s\\\\AppData\\\\Local\\\\Temp\\\\p6-git-context-UOcLLi"}
# released grants; removed exact root: C:\\Users\\b_a_s\\AppData\\Local\\Temp\\p6-git-context-Pb8gfA
# Subtest: historical inspection cannot reinterpret an admitted read verb as a ref mutation
ok 157 - historical inspection cannot reinterpret an admitted read verb as a ref mutation
  ---
  duration_ms: 3.072
  type: 'test'
  ...
# new synthetic Git context root: C:\\Users\\b_a_s\\AppData\\Local\\Temp\\p6-git-context-UOcLLi
# released grants; removed exact root: C:\\Users\\b_a_s\\AppData\\Local\\Temp\\p6-git-context-UOcLLi
# C5 CLI root: {"event":"created","path":"C:\\\\Users\\\\b_a_s\\\\AppData\\\\Local\\\\Temp\\\\p6-git-context-jtlLzL"}
# Subtest: actual ToolBroker carries exact per-call Git authority without changing guarded approval policy
ok 158 - actual ToolBroker carries exact per-call Git authority without changing guarded approval policy
  ---
  duration_ms: 7.962
  type: 'test'
  ...
# new synthetic Git context root: C:\\Users\\b_a_s\\AppData\\Local\\Temp\\p6-git-context-jtlLzL
# released grants; removed exact root: C:\\Users\\b_a_s\\AppData\\Local\\Temp\\p6-git-context-jtlLzL
# C5 CLI root: {"event":"exit","path":"C:\\\\Users\\\\b_a_s\\\\AppData\\\\Local\\\\Temp\\\\p6-git-context-K0vi4Y","existsAtExit":false}
# C5 CLI root: {"event":"exit","path":"C:\\\\Users\\\\b_a_s\\\\AppData\\\\Local\\\\Temp\\\\p6-git-context-RTEaA0","existsAtExit":false}
# C5 CLI root: {"event":"exit","path":"C:\\\\Users\\\\b_a_s\\\\AppData\\\\Local\\\\Temp\\\\p6-git-context-8R6Vi9","existsAtExit":false}
# C5 CLI root: {"event":"exit","path":"C:\\\\Users\\\\b_a_s\\\\AppData\\\\Local\\\\Temp\\\\p6-git-context-AehXmy","existsAtExit":false}
# C5 CLI root: {"event":"exit","path":"C:\\\\Users\\\\b_a_s\\\\AppData\\\\Local\\\\Temp\\\\p6-git-context-hTafTs","existsAtExit":false}
# C5 CLI root: {"event":"exit","path":"C:\\\\Users\\\\b_a_s\\\\AppData\\\\Local\\\\Temp\\\\p6-git-context-xIMvtu","existsAtExit":false}
# C5 CLI root: {"event":"exit","path":"C:\\\\Users\\\\b_a_s\\\\AppData\\\\Local\\\\Temp\\\\p6-git-context-4EhbOy","existsAtExit":false}
# C5 CLI root: {"event":"exit","path":"C:\\\\Users\\\\b_a_s\\\\AppData\\\\Local\\\\Temp\\\\p6-git-context-E9Arze","existsAtExit":false}
# C5 CLI root: {"event":"exit","path":"C:\\\\Users\\\\b_a_s\\\\AppData\\\\Local\\\\Temp\\\\p6-git-context-vYaUwY","existsAtExit":false}
# C5 CLI root: {"event":"exit","path":"C:\\\\Users\\\\b_a_s\\\\AppData\\\\Local\\\\Temp\\\\p6-git-context-KCmsPn","existsAtExit":false}
# C5 CLI root: {"event":"exit","path":"C:\\\\Users\\\\b_a_s\\\\AppData\\\\Local\\\\Temp\\\\p6-git-context-QqU3Lt","existsAtExit":false}
# C5 CLI root: {"event":"exit","path":"C:\\\\Users\\\\b_a_s\\\\AppData\\\\Local\\\\Temp\\\\p6-git-context-Pb8gfA","existsAtExit":false}
# C5 CLI root: {"event":"exit","path":"C:\\\\Users\\\\b_a_s\\\\AppData\\\\Local\\\\Temp\\\\p6-git-context-UOcLLi","existsAtExit":false}
# C5 CLI root: {"event":"exit","path":"C:\\\\Users\\\\b_a_s\\\\AppData\\\\Local\\\\Temp\\\\p6-git-context-jtlLzL","existsAtExit":false}
# C5 CLI root: {"event":"created","path":"C:\\\\Users\\\\b_a_s\\\\AppData\\\\Local\\\\Temp\\\\aiboard-git-tools-Ut5EkB"}
# Subtest: task-safe Git tools inspect and commit only the worker branch
ok 159 - task-safe Git tools inspect and commit only the worker branch
  ---
  duration_ms: 2143.0262
  type: 'test'
  ...
# C5 CLI root: {"event":"exit","path":"C:\\\\Users\\\\b_a_s\\\\AppData\\\\Local\\\\Temp\\\\aiboard-git-tools-Ut5EkB","existsAtExit":false}
# C5 CLI root: {"event":"created","path":"C:\\\\Users\\\\b_a_s\\\\AppData\\\\Local\\\\Temp\\\\aiboard-integration-ordered-YyHQUZ"}
# C5 CLI root: {"event":"created","path":"C:\\\\Users\\\\b_a_s\\\\AppData\\\\Local\\\\Temp\\\\aiboard-integration-conflict-g5Jqrm"}
# Subtest: change sets integrate serially and retries do not duplicate commits
ok 160 - change sets integrate serially and retries do not duplicate commits
  ---
  duration_ms: 5461.1317
  type: 'test'
  ...
# C5 CLI root: {"event":"created","path":"C:\\\\Users\\\\b_a_s\\\\AppData\\\\Local\\\\Temp\\\\aiboard-integration-attempt-base-vrVoih"}
# Subtest: integration conflicts are mechanical results and leave canonical integration clean
ok 161 - integration conflicts are mechanical results and leave canonical integration clean
  ---
  duration_ms: 4190.7461
  type: 'test'
  ...
# C5 CLI root: {"event":"created","path":"C:\\\\Users\\\\b_a_s\\\\AppData\\\\Local\\\\Temp\\\\aiboard-integration-no-change-EywUq4"}
# Subtest: a later attempt can integrate from the current integration revision
ok 162 - a later attempt can integrate from the current integration revision
  ---
  duration_ms: 4105.9764
  type: 'test'
  ...
# C5 CLI root: {"event":"created","path":"C:\\\\Users\\\\b_a_s\\\\AppData\\\\Local\\\\Temp\\\\aiboard-integration-handoff-apply-OGxXjx"}
# Subtest: evidence-backed no-change tasks integrate without fabricating commits
ok 163 - evidence-backed no-change tasks integrate without fabricating commits
  ---
  duration_ms: 1721.5536
  type: 'test'
  ...
# C5 CLI root: {"event":"created","path":"C:\\\\Users\\\\b_a_s\\\\AppData\\\\Local\\\\Temp\\\\aiboard-integration-handoff-dirty-ozvDct"}
# Subtest: final handoff applies the integrated diff only after a successful dry run
ok 164 - final handoff applies the integrated diff only after a successful dry run
  ---
  duration_ms: 4935.024
  type: 'test'
  ...
# C5 CLI root: {"event":"created","path":"C:\\\\Users\\\\b_a_s\\\\AppData\\\\Local\\\\Temp\\\\aiboard-integration-handoff-crash-repair-PZP1mg"}
# Subtest: final handoff rejects dirty projects without changing their worktree, index, or revision
ok 165 - final handoff rejects dirty projects without changing their worktree, index, or revision
  ---
  duration_ms: 3461.7715
  type: 'test'
  ...
# C5 CLI root: {"event":"created","path":"C:\\\\Users\\\\b_a_s\\\\AppData\\\\Local\\\\Temp\\\\aiboard-integration-handoff-real-crash-LHH3WT"}
# Subtest: a fresh manager repairs the exact journaled post-ref crash state
ok 166 - a fresh manager repairs the exact journaled post-ref crash state
  ---
  duration_ms: 5931.7986
  type: 'test'
  ...
# C5 CLI root: {"event":"created","path":"C:\\\\Users\\\\b_a_s\\\\AppData\\\\Local\\\\Temp\\\\aiboard-integration-handoff-ignored-crash-OzwgAx"}
# Subtest: the real apply path leaves a recoverable journal when the process dies after update-ref
ok 167 - the real apply path leaves a recoverable journal when the process dies after update-ref
  ---
  duration_ms: 5528.7792
  type: 'test'
  ...
# C5 CLI root: {"event":"created","path":"C:\\\\Users\\\\b_a_s\\\\AppData\\\\Local\\\\Temp\\\\aiboard-integration-handoff-ignored-race-QVLfHs"}
# Subtest: crash recovery never overwrites an ignored untracked target path
ok 168 - crash recovery never overwrites an ignored untracked target path
  ---
  duration_ms: 5055.5261
  type: 'test'
  ...
# C5 CLI root: {"event":"created","path":"C:\\\\Users\\\\b_a_s\\\\AppData\\\\Local\\\\Temp\\\\aiboard-integration-handoff-concurrent-journals-SjZKM0"}
# Subtest: the live checkout rechecks ignored target paths after advancing the ref
ok 169 - the live checkout rechecks ignored target paths after advancing the ref
  ---
  duration_ms: 4462.4599
  type: 'test'
  ...
# Subtest: runner-v2\\test\\integration-manager.test.ts
not ok 16 - runner-v2\\test\\integration-manager.test.ts
  ---
  duration_ms: 307329.7314
  type: 'test'
  location: 'D:\\repos\\ai-discussion-board\\.worktrees\\runner-v2-robust-build\\runner-v2\\test\\integration-manager.test.ts:1:1'
  failureType: 'testCodeFailure'
  exitCode: 4294967295
  signal: ~
  error: 'test failed'
  code: 'ERR_TEST_FAILURE'
  ...
# C5 CLI root: {"event":"created","path":"C:\\\\Users\\\\b_a_s\\\\AppData\\\\Local\\\\Temp\\\\p683-context-EGrgP0"}
# Subtest: LSP invocation propagates the exact original code.workspace_symbols grant and identity
ok 171 - LSP invocation propagates the exact original code.workspace_symbols grant and identity
  ---
  duration_ms: 13.8696
  type: 'test'
  ...
# invocation root acquired: C:\\Users\\b_a_s\\AppData\\Local\\Temp\\p683-context-EGrgP0
# invocation root removed: C:\\Users\\b_a_s\\AppData\\Local\\Temp\\p683-context-EGrgP0
# C5 CLI root: {"event":"created","path":"C:\\\\Users\\\\b_a_s\\\\AppData\\\\Local\\\\Temp\\\\p683-context-3P0aIO"}
# Subtest: LSP invocation propagates the exact original code.definition grant and identity
ok 172 - LSP invocation propagates the exact original code.definition grant and identity
  ---
  duration_ms: 2.342
  type: 'test'
  ...
# C5 CLI root: {"event":"created","path":"C:\\\\Users\\\\b_a_s\\\\AppData\\\\Local\\\\Temp\\\\p683-context-CYKwSB"}
# invocation root acquired: C:\\Users\\b_a_s\\AppData\\Local\\Temp\\p683-context-3P0aIO
# invocation root removed: C:\\Users\\b_a_s\\AppData\\Local\\Temp\\p683-context-3P0aIO
# Subtest: LSP invocation propagates the exact original code.references grant and identity
ok 173 - LSP invocation propagates the exact original code.references grant and identity
  ---
  duration_ms: 1.7477
  type: 'test'
  ...
# invocation root acquired: C:\\Users\\b_a_s\\AppData\\Local\\Temp\\p683-context-CYKwSB
# invocation root removed: C:\\Users\\b_a_s\\AppData\\Local\\Temp\\p683-context-CYKwSB
# C5 CLI root: {"event":"created","path":"C:\\\\Users\\\\b_a_s\\\\AppData\\\\Local\\\\Temp\\\\p683-context-1i0HgI"}
# Subtest: LSP invocation propagates the exact original code.diagnostics grant and identity
ok 174 - LSP invocation propagates the exact original code.diagnostics grant and identity
  ---
  duration_ms: 1.724
  type: 'test'
  ...
# invocation root acquired: C:\\Users\\b_a_s\\AppData\\Local\\Temp\\p683-context-1i0HgI
# invocation root removed: C:\\Users\\b_a_s\\AppData\\Local\\Temp\\p683-context-1i0HgI
# C5 CLI root: {"event":"created","path":"C:\\\\Users\\\\b_a_s\\\\AppData\\\\Local\\\\Temp\\\\p683-context-QWs5q8"}
# Subtest: LSP invocation propagates the exact original fs.write grant and identity
ok 175 - LSP invocation propagates the exact original fs.write grant and identity
  ---
  duration_ms: 30.2011
  type: 'test'
  ...
# invocation root acquired: C:\\Users\\b_a_s\\AppData\\Local\\Temp\\p683-context-QWs5q8
# invocation root removed: C:\\Users\\b_a_s\\AppData\\Local\\Temp\\p683-context-QWs5q8
# C5 CLI root: {"event":"exit","path":"C:\\\\Users\\\\b_a_s\\\\AppData\\\\Local\\\\Temp\\\\p683-context-EGrgP0","existsAtExit":false}
# C5 CLI root: {"event":"exit","path":"C:\\\\Users\\\\b_a_s\\\\AppData\\\\Local\\\\Temp\\\\p683-context-3P0aIO","existsAtExit":false}
# C5 CLI root: {"event":"exit","path":"C:\\\\Users\\\\b_a_s\\\\AppData\\\\Local\\\\Temp\\\\p683-context-CYKwSB","existsAtExit":false}
# C5 CLI root: {"event":"exit","path":"C:\\\\Users\\\\b_a_s\\\\AppData\\\\Local\\\\Temp\\\\p683-context-1i0HgI","existsAtExit":false}
# C5 CLI root: {"event":"exit","path":"C:\\\\Users\\\\b_a_s\\\\AppData\\\\Local\\\\Temp\\\\p683-context-QWs5q8","existsAtExit":false}
# C5 CLI root: {"event":"created","path":"C:\\\\Users\\\\b_a_s\\\\AppData\\\\Local\\\\Temp\\\\p683-native-DT4BNy"}
# C5 CLI root: {"event":"created","path":"C:\\\\Users\\\\b_a_s\\\\AppData\\\\Local\\\\Temp\\\\aiboard-windows-semantic-duplex-hBbs1a"}
# C5 CLI root: {"event":"created","path":"C:\\\\Users\\\\b_a_s\\\\AppData\\\\Local\\\\Temp\\\\aiboard-windows-semantic-batch-BxCssE"}
# C5 CLI root: {"event":"created","path":"C:\\\\Users\\\\b_a_s\\\\AppData\\\\Local\\\\Temp\\\\aiboard-windows-semantic-tree-MLxrBy"}
# Subtest: LSP real shared host is lazy and code plus filesystem diagnostics retain exact fresh ToolBroker authority
ok 176 - LSP real shared host is lazy and code plus filesystem diagnostics retain exact fresh ToolBroker authority
  ---
  duration_ms: 24742.971
  type: 'test'
  ...
# exact native LSP fixture acquired: C:\\Users\\b_a_s\\AppData\\Local\\Temp\\p683-native-DT4BNy
# actual code grant, actual post-write grant, separate agent, protocol shutdown and shared release verified
# certified native LSP fixture removed: C:\\Users\\b_a_s\\AppData\\Local\\Temp\\p683-native-DT4BNy
# C5 CLI root: {"event":"exit","path":"C:\\\\Users\\\\b_a_s\\\\AppData\\\\Local\\\\Temp\\\\p683-native-DT4BNy","existsAtExit":false}
# C5 CLI root: {"event":"exit","path":"C:\\\\Users\\\\b_a_s\\\\AppData\\\\Local\\\\Temp\\\\aiboard-windows-semantic-duplex-hBbs1a","existsAtExit":false}
# C5 CLI root: {"event":"exit","path":"C:\\\\Users\\\\b_a_s\\\\AppData\\\\Local\\\\Temp\\\\aiboard-windows-semantic-batch-BxCssE","existsAtExit":false}
# C5 CLI root: {"event":"exit","path":"C:\\\\Users\\\\b_a_s\\\\AppData\\\\Local\\\\Temp\\\\aiboard-windows-semantic-tree-MLxrBy","existsAtExit":false}
# C5 CLI root: {"event":"created","path":"C:\\\\Users\\\\b_a_s\\\\AppData\\\\Local\\\\Temp\\\\aiboard-architect-reassigned-review-LcsSFH"}
# Subtest: Architect model calls carry direct durable role attribution
ok 177 - Architect model calls carry direct durable role attribution
  ---
  duration_ms: 0.8065
  type: 'test'
  ...
# Subtest: Architect review context carries the submitted criterion evidence mapping
ok 178 - Architect review context carries the submitted criterion evidence mapping
  ---
  duration_ms: 0.6612
  type: 'test'
  ...
# C5 CLI root: {"event":"created","path":"C:\\\\Users\\\\b_a_s\\\\AppData\\\\Local\\\\Temp\\\\aiboard-native-architect-steering-bfhTKq"}
# Subtest: Architect review loads the revised worker session instead of the legacy same-attempt session
ok 179 - Architect review loads the revised worker session instead of the legacy same-attempt session
  ---
  duration_ms: 50.3803
  type: 'test'
  ...
# Subtest: Architect skill routing prioritizes the task named by the current action
ok 180 - Architect skill routing prioritizes the task named by the current action
  ---
  duration_ms: 0.8963
  type: 'test'
  ...
# Subtest: Architect reviews inspect the submitted attempt workspace instead of the project root
ok 181 - Architect reviews inspect the submitted attempt workspace instead of the project root
  ---
  duration_ms: 0.1543
  type: 'test'
  ...
# C5 CLI root: {"event":"created","path":"C:\\\\Users\\\\b_a_s\\\\AppData\\\\Local\\\\Temp\\\\aiboard-native-architect-53ZKxU"}
# Subtest: Native Architect steering cancellation does not create a user-decision pause
ok 182 - Native Architect steering cancellation does not create a user-decision pause
  ---
  duration_ms: 124.8586
  type: 'test'
  ...
# C5 CLI root: {"event":"created","path":"C:\\\\Users\\\\b_a_s\\\\AppData\\\\Local\\\\Temp\\\\aiboard-architect-extension-project-6R2i71"}
# Subtest: Architect provider failure pauses for user-selected handoff before planning
ok 183 - Architect provider failure pauses for user-selected handoff before planning
  ---
  duration_ms: 173.257
  type: 'test'
  ...
# C5 CLI root: {"event":"created","path":"C:\\\\Users\\\\b_a_s\\\\AppData\\\\Local\\\\Temp\\\\aiboard-architect-extension-full-BoNqce"}
# C5 CLI root: {"event":"created","path":"C:\\\\Users\\\\b_a_s\\\\AppData\\\\Local\\\\Temp\\\\aiboard-plan-only-tools-TrGmPi"}
# C5 CLI root: {"event":"created","path":"C:\\\\Users\\\\b_a_s\\\\AppData\\\\Local\\\\Temp\\\\aiboard-architect-resume-6Y7lSd"}
# Subtest: Architect excludes mutating extension tools under Project and Full access
ok 184 - Architect excludes mutating extension tools under Project and Full access
  ---
  duration_ms: 239.2318
  type: 'test'
  ...
# Subtest: Plan-only rejects forged mutating browser and MCP calls even under Full access
ok 185 - Plan-only rejects forged mutating browser and MCP calls even under Full access
  ---
  duration_ms: 1.7272
  type: 'test'
  ...
# Subtest: resumed Architect action receives a fresh mechanical reminder
ok 186 - resumed Architect action receives a fresh mechanical reminder
  ---
  duration_ms: 116.2724
  type: 'test'
  ...
# C5 CLI root: {"event":"exit","path":"C:\\\\Users\\\\b_a_s\\\\AppData\\\\Local\\\\Temp\\\\aiboard-architect-reassigned-review-LcsSFH","existsAtExit":false}
# C5 CLI root: {"event":"exit","path":"C:\\\\Users\\\\b_a_s\\\\AppData\\\\Local\\\\Temp\\\\aiboard-native-architect-steering-bfhTKq","existsAtExit":false}
# C5 CLI root: {"event":"exit","path":"C:\\\\Users\\\\b_a_s\\\\AppData\\\\Local\\\\Temp\\\\aiboard-native-architect-53ZKxU","existsAtExit":false}
# C5 CLI root: {"event":"exit","path":"C:\\\\Users\\\\b_a_s\\\\AppData\\\\Local\\\\Temp\\\\aiboard-architect-extension-project-6R2i71","existsAtExit":false}
# C5 CLI root: {"event":"exit","path":"C:\\\\Users\\\\b_a_s\\\\AppData\\\\Local\\\\Temp\\\\aiboard-architect-extension-full-BoNqce","existsAtExit":false}
# C5 CLI root: {"event":"exit","path":"C:\\\\Users\\\\b_a_s\\\\AppData\\\\Local\\\\Temp\\\\aiboard-plan-only-tools-TrGmPi","existsAtExit":false}
# C5 CLI root: {"event":"exit","path":"C:\\\\Users\\\\b_a_s\\\\AppData\\\\Local\\\\Temp\\\\aiboard-architect-resume-6Y7lSd","existsAtExit":false}
# C5 CLI root: {"event":"created","path":"C:\\\\Users\\\\b_a_s\\\\AppData\\\\Local\\\\Temp\\\\aiboard-native-capabilities-execution-host-mcp-order-qe7dEb"}
# C5 CLI root: {"event":"created","path":"C:\\\\Users\\\\b_a_s\\\\AppData\\\\Local\\\\Temp\\\\aiboard-windows-semantic-duplex-2f91jW"}
# C5 CLI root: {"event":"created","path":"C:\\\\Users\\\\b_a_s\\\\AppData\\\\Local\\\\Temp\\\\aiboard-windows-semantic-batch-PXgVHF"}
# C5 CLI root: {"event":"created","path":"C:\\\\Users\\\\b_a_s\\\\AppData\\\\Local\\\\Temp\\\\aiboard-windows-semantic-tree-gPKZhz"}
# C5 CLI root: {"event":"created","path":"C:\\\\Users\\\\b_a_s\\\\AppData\\\\Local\\\\Temp\\\\aiboard-native-capabilities-metadata-ZoUMef"}
# Subtest: production composition settles its owned MCP and run binding while retaining history and isolating another run
ok 187 - production composition settles its owned MCP and run binding while retaining history and isolating another run
  ---
  duration_ms: 75928.8248
  type: 'test'
  ...
# C5 CLI root: {"event":"created","path":"C:\\\\Users\\\\b_a_s\\\\AppData\\\\Local\\\\Temp\\\\aiboard-native-capabilities-metadata-ZoUMef\\\\state\\\\capability-snapshots\\\\.staging-X476YY"}
# C5 CLI root: {"event":"created","path":"C:\\\\Users\\\\b_a_s\\\\AppData\\\\Local\\\\Temp\\\\aiboard-native-capabilities-metadata-ZoUMef\\\\state\\\\builds\\\\capability-metadata-9edcc03a39\\\\extension-executions\\\\.0677af4400a8cb12-95bB2J"}
# C5 CLI root: {"event":"created","path":"C:\\\\Users\\\\b_a_s\\\\AppData\\\\Local\\\\Temp\\\\aiboard-windows-semantic-duplex-dhuaB8"}
# C5 CLI root: {"event":"created","path":"C:\\\\Users\\\\b_a_s\\\\AppData\\\\Local\\\\Temp\\\\aiboard-windows-semantic-batch-TdeHfJ"}
# C5 CLI root: {"event":"created","path":"C:\\\\Users\\\\b_a_s\\\\AppData\\\\Local\\\\Temp\\\\aiboard-windows-semantic-tree-hijrxA"}
# C5 CLI root: {"event":"created","path":"C:\\\\Users\\\\b_a_s\\\\AppData\\\\Local\\\\Temp\\\\aiboard-native-capabilities-recovery-preflight-start-cleanup-sab8PS"}
# Subtest: NativeBuildFactory loads configured capabilities and reports provider audit metadata
ok 188 - NativeBuildFactory loads configured capabilities and reports provider audit metadata
  ---
  duration_ms: 14507.4776
  type: 'test'
  ...
# C5 CLI root: {"event":"created","path":"C:\\\\Users\\\\b_a_s\\\\AppData\\\\Local\\\\Temp\\\\aiboard-native-capabilities-recovery-preflight-start-cleanup-sab8PS\\\\state\\\\capability-snapshots\\\\.staging-IvcVT9"}
# C5 CLI root: {"event":"created","path":"C:\\\\Users\\\\b_a_s\\\\AppData\\\\Local\\\\Temp\\\\aiboard-native-capabilities-standalone-preflight-close-retry-3dkrTN"}
# Subtest: active recovery validates matching snapshots without starting extension lifecycle code
ok 189 - active recovery validates matching snapshots without starting extension lifecycle code
  ---
  duration_ms: 34.751
  type: 'test'
  ...
# C5 CLI root: {"event":"created","path":"C:\\\\Users\\\\b_a_s\\\\AppData\\\\Local\\\\Temp\\\\aiboard-native-capabilities-standalone-preflight-close-retry-3dkrTN\\\\state\\\\extension-executions\\\\.3ceaab75a4e558c2-DTM2hC"}
# C5 CLI root: {"event":"created","path":"C:\\\\Users\\\\b_a_s\\\\AppData\\\\Local\\\\Temp\\\\aiboard-native-capabilities-partial-start-disposer-retry-Jx6XGm"}
# Subtest: standalone capability preflight sweeps retryable close failures before releasing ownership
ok 190 - standalone capability preflight sweeps retryable close failures before releasing ownership
  ---
  duration_ms: 84.1728
  type: 'test'
  ...
# C5 CLI root: {"event":"created","path":"C:\\\\Users\\\\b_a_s\\\\AppData\\\\Local\\\\Temp\\\\aiboard-native-capabilities-partial-start-disposer-retry-Jx6XGm\\\\state\\\\extension-executions\\\\.bef6069c44697cb9-sp6Y1a"}
# C5 CLI root: {"event":"created","path":"C:\\\\Users\\\\b_a_s\\\\AppData\\\\Local\\\\Temp\\\\aiboard-native-capabilities-router-collision-disposer-retry-PddvQz"}
# Subtest: capability startup retries a failed partial-start disposer until its child exits
ok 191 - capability startup retries a failed partial-start disposer until its child exits
  ---
  duration_ms: 80.7576
  type: 'test'
  ...
# C5 finalizer10 acquired exact capability fixture: C:\\Users\\b_a_s\\AppData\\Local\\Temp\\aiboard-native-capabilities-partial-start-disposer-retry-Jx6XGm
# C5 finalizer10 removed certified capability fixture: C:\\Users\\b_a_s\\AppData\\Local\\Temp\\aiboard-native-capabilities-partial-start-disposer-retry-Jx6XGm
# C5 CLI root: {"event":"created","path":"C:\\\\Users\\\\b_a_s\\\\AppData\\\\Local\\\\Temp\\\\aiboard-native-capabilities-router-collision-disposer-retry-PddvQz\\\\state\\\\extension-executions\\\\.f3d7786ed56e164e-3HSvax"}
# C5 CLI root: {"event":"created","path":"C:\\\\Users\\\\b_a_s\\\\AppData\\\\Local\\\\Temp\\\\aiboard-native-capabilities-recovery-preflight-evaluation-FUC0Jx"}
# Subtest: capability startup retries post-start router-collision cleanup in exact order
ok 192 - capability startup retries post-start router-collision cleanup in exact order
  ---
  duration_ms: 90.08
  type: 'test'
  ...
# C5 finalizer10 acquired exact capability fixture: C:\\Users\\b_a_s\\AppData\\Local\\Temp\\aiboard-native-capabilities-router-collision-disposer-retry-PddvQz
# C5 finalizer10 removed certified capability fixture: C:\\Users\\b_a_s\\AppData\\Local\\Temp\\aiboard-native-capabilities-router-collision-disposer-retry-PddvQz
# C5 CLI root: {"event":"created","path":"C:\\\\Users\\\\b_a_s\\\\AppData\\\\Local\\\\Temp\\\\aiboard-native-capabilities-recovery-preflight-evaluation-FUC0Jx\\\\state\\\\capability-snapshots\\\\.staging-gB4pP9"}
# C5 CLI root: {"event":"created","path":"C:\\\\Users\\\\b_a_s\\\\AppData\\\\Local\\\\Temp\\\\aiboard-native-capabilities-recovery-preflight-factory-bnvSMu"}
# C5 CLI root: {"event":"created","path":"C:\\\\Users\\\\b_a_s\\\\AppData\\\\Local\\\\Temp\\\\aiboard-native-capabilities-recovery-preflight-factory-bnvSMu\\\\state\\\\capability-snapshots\\\\.staging-ONG9x8"}
# C5 CLI root: {"event":"created","path":"C:\\\\Users\\\\b_a_s\\\\AppData\\\\Local\\\\Temp\\\\aiboard-native-capabilities-recovery-preflight-missing-snapshot-VpBUrw"}
# Subtest: active recovery never evaluates matching snapshot modules or extension factories
ok 193 - active recovery never evaluates matching snapshot modules or extension factories
  ---
  duration_ms: 54.2448
  type: 'test'
  ...
# C5 CLI root: {"event":"created","path":"C:\\\\Users\\\\b_a_s\\\\AppData\\\\Local\\\\Temp\\\\aiboard-native-capabilities-recovery-preflight-missing-snapshot-VpBUrw\\\\state\\\\capability-snapshots\\\\.staging-ks6Lnh"}
# C5 CLI root: {"event":"created","path":"C:\\\\Users\\\\b_a_s\\\\AppData\\\\Local\\\\Temp\\\\aiboard-native-capabilities-recovery-preflight-corrupt-snapshot-NthTZo"}
# Subtest: active recovery validates a missing snapshot before evaluating an extension
ok 194 - active recovery validates a missing snapshot before evaluating an extension
  ---
  duration_ms: 19.2589
  type: 'test'
  ...
# C5 CLI root: {"event":"created","path":"C:\\\\Users\\\\b_a_s\\\\AppData\\\\Local\\\\Temp\\\\aiboard-native-capabilities-recovery-preflight-corrupt-snapshot-NthTZo\\\\state\\\\capability-snapshots\\\\.staging-Iwihd3"}
# C5 CLI root: {"event":"created","path":"C:\\\\Users\\\\b_a_s\\\\AppData\\\\Local\\\\Temp\\\\aiboard-native-capabilities-recovery-preflight-lsp-LZcnvC"}
# Subtest: active recovery validates a corrupt snapshot before evaluating an extension
ok 195 - active recovery validates a corrupt snapshot before evaluating an extension
  ---
  duration_ms: 22.939
  type: 'test'
  ...
# C5 CLI root: {"event":"created","path":"C:\\\\Users\\\\b_a_s\\\\AppData\\\\Local\\\\Temp\\\\aiboard-native-capabilities-recovery-contract-Aq4cpD"}
# Subtest: active recovery statically attests configured language servers without spawning them
ok 196 - active recovery statically attests configured language servers without spawning them
  ---
  duration_ms: 182.0591
  type: 'test'
  ...
# C5 CLI root: {"event":"created","path":"C:\\\\Users\\\\b_a_s\\\\AppData\\\\Local\\\\Temp\\\\aiboard-native-capabilities-recovery-contract-Aq4cpD\\\\state\\\\capability-snapshots\\\\.staging-VDkXXh"}
# C5 CLI root: {"event":"created","path":"C:\\\\Users\\\\b_a_s\\\\AppData\\\\Local\\\\Temp\\\\aiboard-native-capabilities-helper-dependency-contract-Z8gpLW"}
# Subtest: NativeBuildFactory persists and validates a capability contract before recovery
ok 197 - NativeBuildFactory persists and validates a capability contract before recovery
  ---
  duration_ms: 1020.9166
  type: 'test'
  ...
# C5 CLI root: {"event":"created","path":"C:\\\\Users\\\\b_a_s\\\\AppData\\\\Local\\\\Temp\\\\aiboard-native-capabilities-helper-dependency-contract-Z8gpLW\\\\state\\\\capability-snapshots\\\\.staging-56Sbw3"}
# C5 CLI root: {"event":"created","path":"C:\\\\Users\\\\b_a_s\\\\AppData\\\\Local\\\\Temp\\\\aiboard-native-capabilities-legacy-capability-contract-TRCieH"}
# Subtest: NativeBuildFactory rejects an active contract when a local extension helper changes
ok 198 - NativeBuildFactory rejects an active contract when a local extension helper changes
  ---
  duration_ms: 970.4192
  type: 'test'
  ...
# C5 CLI root: {"event":"created","path":"C:\\\\Users\\\\b_a_s\\\\AppData\\\\Local\\\\Temp\\\\aiboard-native-capabilities-legacy-capability-contract-TRCieH\\\\state\\\\capability-snapshots\\\\.staging-oXBIXI"}
# C5 CLI root: {"event":"created","path":"C:\\\\Users\\\\b_a_s\\\\AppData\\\\Local\\\\Temp\\\\aiboard-native-capabilities-historical-execution-safety-contract-RlCqWz"}
# Subtest: NativeBuildFactory fails closed when an active legacy capability contract lacks an immutable closure
ok 199 - NativeBuildFactory fails closed when an active legacy capability contract lacks an immutable closure
  ---
  duration_ms: 844.4309
  type: 'test'
  ...
# C5 CLI root: {"event":"created","path":"C:\\\\Users\\\\b_a_s\\\\AppData\\\\Local\\\\Temp\\\\aiboard-native-capabilities-extension-snapshot-replacement-WAQJKc"}
# Subtest: NativeBuildFactory fails closed when an active historical contract lacks execution safety
ok 200 - NativeBuildFactory fails closed when an active historical contract lacks execution safety
  ---
  duration_ms: 800.4107
  type: 'test'
  ...
# C5 CLI root: {"event":"created","path":"C:\\\\Users\\\\b_a_s\\\\AppData\\\\Local\\\\Temp\\\\aiboard-native-capabilities-extension-snapshot-replacement-WAQJKc\\\\state\\\\capability-snapshots\\\\.staging-aEmp8d"}
# C5 CLI root: {"event":"created","path":"C:\\\\Users\\\\b_a_s\\\\AppData\\\\Local\\\\Temp\\\\aiboard-native-capabilities-extension-snapshot-replacement-WAQJKc\\\\state\\\\builds\\\\capability-extension-snapshot-replacemen-ac50b6f312\\\\extension-executions\\\\.02add0e1b1838345-CYvTeG"}
# C5 CLI root: {"event":"created","path":"C:\\\\Users\\\\b_a_s\\\\AppData\\\\Local\\\\Temp\\\\aiboard-windows-semantic-duplex-2Hj6e4"}
# C5 CLI root: {"event":"created","path":"C:\\\\Users\\\\b_a_s\\\\AppData\\\\Local\\\\Temp\\\\aiboard-windows-semantic-batch-IIlx1f"}
# C5 CLI root: {"event":"created","path":"C:\\\\Users\\\\b_a_s\\\\AppData\\\\Local\\\\Temp\\\\aiboard-windows-semantic-tree-kSt260"}
# C5 CLI root: {"event":"created","path":"C:\\\\Users\\\\b_a_s\\\\AppData\\\\Local\\\\Temp\\\\aiboard-native-capabilities-extension-tool-observation-qwiUhV"}
# Subtest: NativeBuildFactory loads an extension snapshot after source replacement following validation
ok 201 - NativeBuildFactory loads an extension snapshot after source replacement following validation
  ---
  duration_ms: 13527.4993
  type: 'test'
  ...
# C5 CLI root: {"event":"created","path":"C:\\\\Users\\\\b_a_s\\\\AppData\\\\Local\\\\Temp\\\\aiboard-native-capabilities-extension-tool-observation-qwiUhV\\\\state\\\\capability-snapshots\\\\.staging-VlyqsR"}
# C5 CLI root: {"event":"created","path":"C:\\\\Users\\\\b_a_s\\\\AppData\\\\Local\\\\Temp\\\\aiboard-native-capabilities-extension-tool-observation-qwiUhV\\\\state\\\\builds\\\\capability-extension-tool-observation-5edb5eb1bf\\\\extension-executions\\\\.0677af4400a8cb12-dowYa0"}
# C5 CLI root: {"event":"created","path":"C:\\\\Users\\\\b_a_s\\\\AppData\\\\Local\\\\Temp\\\\aiboard-windows-semantic-duplex-ECIjpg"}
# C5 CLI root: {"event":"created","path":"C:\\\\Users\\\\b_a_s\\\\AppData\\\\Local\\\\Temp\\\\aiboard-windows-semantic-batch-ffHDmc"}
# C5 CLI root: {"event":"created","path":"C:\\\\Users\\\\b_a_s\\\\AppData\\\\Local\\\\Temp\\\\aiboard-windows-semantic-tree-IEpwXW"}
# C5 CLI root: {"event":"created","path":"C:\\\\Users\\\\b_a_s\\\\AppData\\\\Local\\\\Temp\\\\aiboard-native-capabilities-extension-language-close-RMc2ia"}
# Subtest: NativeBuildFactory snapshot preserves attribution for a live extension tool call
ok 202 - NativeBuildFactory snapshot preserves attribution for a live extension tool call
  ---
  duration_ms: 13236.5252
  type: 'test'
  ...
# C5 CLI root: {"event":"created","path":"C:\\\\Users\\\\b_a_s\\\\AppData\\\\Local\\\\Temp\\\\aiboard-native-capabilities-extension-language-close-RMc2ia\\\\state\\\\capability-snapshots\\\\.staging-NeYzpR"}
# C5 CLI root: {"event":"created","path":"C:\\\\Users\\\\b_a_s\\\\AppData\\\\Local\\\\Temp\\\\aiboard-native-capabilities-extension-language-close-RMc2ia\\\\state\\\\builds\\\\capability-extension-language-close-a6f485b07d\\\\extension-executions\\\\.3c5f4d73efafb169-TfJyJl"}
# C5 CLI root: {"event":"created","path":"C:\\\\Users\\\\b_a_s\\\\AppData\\\\Local\\\\Temp\\\\aiboard-windows-semantic-duplex-DWbeB6"}
# C5 CLI root: {"event":"created","path":"C:\\\\Users\\\\b_a_s\\\\AppData\\\\Local\\\\Temp\\\\aiboard-windows-semantic-batch-IVctyr"}
# C5 CLI root: {"event":"created","path":"C:\\\\Users\\\\b_a_s\\\\AppData\\\\Local\\\\Temp\\\\aiboard-windows-semantic-tree-Fo0WZd"}
# C5 CLI root: {"event":"created","path":"C:\\\\Users\\\\b_a_s\\\\AppData\\\\Local\\\\Temp\\\\aiboard-native-capabilities-atomic-F55ezq"}
# Subtest: NativeBuildFactory closes extension language providers before their extension instance
ok 203 - NativeBuildFactory closes extension language providers before their extension instance
  ---
  duration_ms: 13262.2067
  type: 'test'
  ...
# C5 CLI root: {"event":"created","path":"C:\\\\Users\\\\b_a_s\\\\AppData\\\\Local\\\\Temp\\\\aiboard-native-capabilities-atomic-F55ezq\\\\state\\\\capability-snapshots\\\\.staging-9TpoU4"}
# C5 CLI root: {"event":"created","path":"C:\\\\Users\\\\b_a_s\\\\AppData\\\\Local\\\\Temp\\\\aiboard-native-capabilities-atomic-F55ezq\\\\state\\\\builds\\\\capability-atomic-f3e56529da\\\\extension-executions\\\\.4a1ebe8af4c5b5b1-Fy3ykF"}
# C5 CLI root: {"event":"created","path":"C:\\\\Users\\\\b_a_s\\\\AppData\\\\Local\\\\Temp\\\\aiboard-native-capabilities-reserved-oLx6kL"}
# Subtest: NativeBuildFactory closes extension providers before instances when language provider startup validation fails
ok 204 - NativeBuildFactory closes extension providers before instances when language provider startup validation fails
  ---
  duration_ms: 1186.2349
  type: 'test'
  ...
# C5 CLI root: {"event":"created","path":"C:\\\\Users\\\\b_a_s\\\\AppData\\\\Local\\\\Temp\\\\aiboard-native-capabilities-reserved-oLx6kL\\\\state\\\\capability-snapshots\\\\.staging-fIRhiW"}
# C5 CLI root: {"event":"created","path":"C:\\\\Users\\\\b_a_s\\\\AppData\\\\Local\\\\Temp\\\\aiboard-native-capabilities-reserved-oLx6kL\\\\state\\\\builds\\\\capability-reserved-3f9cfa92ac\\\\extension-executions\\\\.4bdbf80681b45464-GL4Xdi"}
# C5 CLI root: {"event":"created","path":"C:\\\\Users\\\\b_a_s\\\\AppData\\\\Local\\\\Temp\\\\aiboard-native-capabilities-runtime-construction-execution_isolation-s6w3ZZ"}
# Subtest: NativeBuildFactory reserves built-in tool names before any extension starts
ok 205 - NativeBuildFactory reserves built-in tool names before any extension starts
  ---
  duration_ms: 972.4635
  type: 'test'
  ...
# C5 CLI root: {"event":"created","path":"C:\\\\Users\\\\b_a_s\\\\AppData\\\\Local\\\\Temp\\\\aiboard-native-capabilities-runtime-construction-execution_isolation-s6w3ZZ\\\\state\\\\capability-snapshots\\\\.staging-y1otZE"}
# C5 CLI root: {"event":"created","path":"C:\\\\Users\\\\b_a_s\\\\AppData\\\\Local\\\\Temp\\\\aiboard-native-capabilities-runtime-construction-capabilities-ZZPkTC"}
# C5 CLI root: {"event":"created","path":"C:\\\\Users\\\\b_a_s\\\\AppData\\\\Local\\\\Temp\\\\aiboard-native-capabilities-runtime-construction-capabilities-ZZPkTC\\\\state\\\\capability-snapshots\\\\.staging-KUilmb"}
# C5 CLI root: {"event":"created","path":"C:\\\\Users\\\\b_a_s\\\\AppData\\\\Local\\\\Temp\\\\aiboard-native-capabilities-runtime-construction-capabilities-ZZPkTC\\\\state\\\\builds\\\\runtime-construction-capabilities-c2144e95b5\\\\extension-executions\\\\.0677af4400a8cb12-djRdGg"}
# C5 CLI root: {"event":"created","path":"C:\\\\Users\\\\b_a_s\\\\AppData\\\\Local\\\\Temp\\\\aiboard-native-capabilities-runtime-construction-evidence_store-fFFA96"}
# C5 CLI root: {"event":"created","path":"C:\\\\Users\\\\b_a_s\\\\AppData\\\\Local\\\\Temp\\\\aiboard-native-capabilities-runtime-construction-evidence_store-fFFA96\\\\state\\\\capability-snapshots\\\\.staging-h0HCYZ"}
# C5 CLI root: {"event":"created","path":"C:\\\\Users\\\\b_a_s\\\\AppData\\\\Local\\\\Temp\\\\aiboard-native-capabilities-runtime-construction-evidence_store-fFFA96\\\\state\\\\builds\\\\runtime-construction-evidence-store-18e527f405\\\\extension-executions\\\\.0677af4400a8cb12-ePaCZc"}
# C5 CLI root: {"event":"created","path":"C:\\\\Users\\\\b_a_s\\\\AppData\\\\Local\\\\Temp\\\\aiboard-native-capabilities-runtime-construction-scheduler_store-OicmQL"}
# C5 CLI root: {"event":"created","path":"C:\\\\Users\\\\b_a_s\\\\AppData\\\\Local\\\\Temp\\\\aiboard-native-capabilities-runtime-construction-scheduler_store-OicmQL\\\\state\\\\capability-snapshots\\\\.staging-zWv3ut"}
# C5 CLI root: {"event":"created","path":"C:\\\\Users\\\\b_a_s\\\\AppData\\\\Local\\\\Temp\\\\aiboard-native-capabilities-runtime-construction-scheduler_store-OicmQL\\\\state\\\\builds\\\\runtime-construction-scheduler-store-c4cfcb6c97\\\\extension-executions\\\\.0677af4400a8cb12-lVRJWy"}
# C5 CLI root: {"event":"created","path":"C:\\\\Users\\\\b_a_s\\\\AppData\\\\Local\\\\Temp\\\\aiboard-native-capabilities-runtime-construction-session_store-QwkmC2"}
# C5 CLI root: {"event":"created","path":"C:\\\\Users\\\\b_a_s\\\\AppData\\\\Local\\\\Temp\\\\aiboard-native-capabilities-runtime-construction-session_store-QwkmC2\\\\state\\\\capability-snapshots\\\\.staging-xH9nsH"}
# C5 CLI root: {"event":"created","path":"C:\\\\Users\\\\b_a_s\\\\AppData\\\\Local\\\\Temp\\\\aiboard-native-capabilities-runtime-construction-session_store-QwkmC2\\\\state\\\\builds\\\\runtime-construction-session-store-86eaeb0ad5\\\\extension-executions\\\\.0677af4400a8cb12-EVRTgq"}
# C5 CLI root: {"event":"created","path":"C:\\\\Users\\\\b_a_s\\\\AppData\\\\Local\\\\Temp\\\\aiboard-native-capabilities-runtime-construction-tool_ledger-LU5CSF"}
# C5 CLI root: {"event":"created","path":"C:\\\\Users\\\\b_a_s\\\\AppData\\\\Local\\\\Temp\\\\aiboard-native-capabilities-runtime-construction-tool_ledger-LU5CSF\\\\state\\\\capability-snapshots\\\\.staging-7C69UV"}
# C5 CLI root: {"event":"created","path":"C:\\\\Users\\\\b_a_s\\\\AppData\\\\Local\\\\Temp\\\\aiboard-native-capabilities-runtime-construction-tool_ledger-LU5CSF\\\\state\\\\builds\\\\runtime-construction-tool-ledger-29381f9a8e\\\\extension-executions\\\\.0677af4400a8cb12-EVmu7n"}
# C5 CLI root: {"event":"created","path":"C:\\\\Users\\\\b_a_s\\\\AppData\\\\Local\\\\Temp\\\\aiboard-native-capabilities-runtime-construction-budget_ledger-tlbgfm"}
# C5 CLI root: {"event":"created","path":"C:\\\\Users\\\\b_a_s\\\\AppData\\\\Local\\\\Temp\\\\aiboard-native-capabilities-runtime-construction-budget_ledger-tlbgfm\\\\state\\\\capability-snapshots\\\\.staging-Bt3jNx"}
# C5 CLI root: {"event":"created","path":"C:\\\\Users\\\\b_a_s\\\\AppData\\\\Local\\\\Temp\\\\aiboard-native-capabilities-runtime-construction-budget_ledger-tlbgfm\\\\state\\\\builds\\\\runtime-construction-budget-ledger-0779643d62\\\\extension-executions\\\\.0677af4400a8cb12-ySOQ5p"}
# C5 CLI root: {"event":"created","path":"C:\\\\Users\\\\b_a_s\\\\AppData\\\\Local\\\\Temp\\\\aiboard-native-capabilities-runtime-construction-workspace_manager-9lJpuO"}
# C5 CLI root: {"event":"created","path":"C:\\\\Users\\\\b_a_s\\\\AppData\\\\Local\\\\Temp\\\\aiboard-native-capabilities-runtime-construction-workspace_manager-9lJpuO\\\\state\\\\capability-snapshots\\\\.staging-Rkbh4a"}
# C5 CLI root: {"event":"created","path":"C:\\\\Users\\\\b_a_s\\\\AppData\\\\Local\\\\Temp\\\\aiboard-native-capabilities-runtime-construction-workspace_manager-9lJpuO\\\\state\\\\builds\\\\runtime-construction-workspace-manager-0d5c1a0cd6\\\\extension-executions\\\\.0677af4400a8cb12-eJWBBM"}
# C5 CLI root: {"event":"created","path":"C:\\\\Users\\\\b_a_s\\\\AppData\\\\Local\\\\Temp\\\\aiboard-native-capabilities-runtime-construction-integration_workspace-dmJzlN"}
# C5 CLI root: {"event":"created","path":"C:\\\\Users\\\\b_a_s\\\\AppData\\\\Local\\\\Temp\\\\aiboard-native-capabilities-runtime-construction-integration_workspace-dmJzlN\\\\state\\\\capability-snapshots\\\\.staging-wLTpT3"}
# C5 CLI root: {"event":"created","path":"C:\\\\Users\\\\b_a_s\\\\AppData\\\\Local\\\\Temp\\\\aiboard-native-capabilities-runtime-construction-integration_workspace-dmJzlN\\\\state\\\\builds\\\\runtime-construction-integration-workspa-efec5553ad\\\\extension-executions\\\\.0677af4400a8cb12-Dj0mVm"}
# C5 CLI root: {"event":"created","path":"C:\\\\Users\\\\b_a_s\\\\AppData\\\\Local\\\\Temp\\\\aiboard-native-capabilities-runtime-construction-verification_workspace-PIQnrb"}
# C5 CLI root: {"event":"created","path":"C:\\\\Users\\\\b_a_s\\\\AppData\\\\Local\\\\Temp\\\\aiboard-native-capabilities-runtime-construction-verification_workspace-PIQnrb\\\\state\\\\capability-snapshots\\\\.staging-D1G86q"}
# C5 CLI root: {"event":"created","path":"C:\\\\Users\\\\b_a_s\\\\AppData\\\\Local\\\\Temp\\\\aiboard-native-capabilities-runtime-construction-verification_workspace-PIQnrb\\\\state\\\\builds\\\\runtime-construction-verification-worksp-b289e3e05a\\\\extension-executions\\\\.0677af4400a8cb12-6tHIea"}
# C5 CLI root: {"event":"created","path":"C:\\\\Users\\\\b_a_s\\\\AppData\\\\Local\\\\Temp\\\\aiboard-native-capabilities-runtime-construction-independent_verifier_workspace-7xQQCp"}
# C5 CLI root: {"event":"created","path":"C:\\\\Users\\\\b_a_s\\\\AppData\\\\Local\\\\Temp\\\\aiboard-native-capabilities-runtime-construction-independent_verifier_workspace-7xQQCp\\\\state\\\\capability-snapshots\\\\.staging-8Fuc3p"}
# C5 CLI root: {"event":"created","path":"C:\\\\Users\\\\b_a_s\\\\AppData\\\\Local\\\\Temp\\\\aiboard-native-capabilities-runtime-construction-independent_verifier_workspace-7xQQCp\\\\state\\\\builds\\\\runtime-construction-independent-verifie-3fd6daeb82\\\\extension-executions\\\\.0677af4400a8cb12-8REcDM"}
# C5 CLI root: {"event":"created","path":"C:\\\\Users\\\\b_a_s\\\\AppData\\\\Local\\\\Temp\\\\aiboard-native-capabilities-runtime-construction-memory_store-NbsVCm"}
# C5 CLI root: {"event":"created","path":"C:\\\\Users\\\\b_a_s\\\\AppData\\\\Local\\\\Temp\\\\aiboard-native-capabilities-runtime-construction-memory_store-NbsVCm\\\\state\\\\capability-snapshots\\\\.staging-ZQiD8E"}
# C5 CLI root: {"event":"created","path":"C:\\\\Users\\\\b_a_s\\\\AppData\\\\Local\\\\Temp\\\\aiboard-native-capabilities-runtime-construction-memory_store-NbsVCm\\\\state\\\\builds\\\\runtime-construction-memory-store-440a0a3e6c\\\\extension-executions\\\\.0677af4400a8cb12-lmqnK9"}
# C5 CLI root: {"event":"created","path":"C:\\\\Users\\\\b_a_s\\\\AppData\\\\Local\\\\Temp\\\\aiboard-native-capabilities-runtime-construction-managed_process_service-klK3o2"}
# C5 CLI root: {"event":"created","path":"C:\\\\Users\\\\b_a_s\\\\AppData\\\\Local\\\\Temp\\\\aiboard-native-capabilities-runtime-construction-managed_process_service-klK3o2\\\\state\\\\capability-snapshots\\\\.staging-sWUScu"}
# C5 CLI root: {"event":"created","path":"C:\\\\Users\\\\b_a_s\\\\AppData\\\\Local\\\\Temp\\\\aiboard-native-capabilities-runtime-construction-managed_process_service-klK3o2\\\\state\\\\builds\\\\runtime-construction-managed-process-ser-fccb111fe3\\\\extension-executions\\\\.0677af4400a8cb12-LHY7hJ"}
# C5 CLI root: {"event":"created","path":"C:\\\\Users\\\\b_a_s\\\\AppData\\\\Local\\\\Temp\\\\aiboard-native-capabilities-runtime-handle-close-ownership-HpoN1I"}
# Subtest: NativeBuildFactory reverses every acquired runtime resource after construction faults
ok 206 - NativeBuildFactory reverses every acquired runtime resource after construction faults
  ---
  duration_ms: 14749.3194
  type: 'test'
  ...
# C5 CLI root: {"event":"created","path":"C:\\\\Users\\\\b_a_s\\\\AppData\\\\Local\\\\Temp\\\\aiboard-native-capabilities-runtime-handle-close-ownership-HpoN1I\\\\state\\\\capability-snapshots\\\\.staging-Jui541"}
# C5 CLI root: {"event":"created","path":"C:\\\\Users\\\\b_a_s\\\\AppData\\\\Local\\\\Temp\\\\aiboard-native-capabilities-runtime-handle-close-ownership-HpoN1I\\\\state\\\\builds\\\\runtime-handle-close-ownership-da59f740f0\\\\extension-executions\\\\.0677af4400a8cb12-NFoHnd"}
# C5 CLI root: {"event":"created","path":"C:\\\\Users\\\\b_a_s\\\\AppData\\\\Local\\\\Temp\\\\aiboard-windows-semantic-duplex-dEnoVu"}
# C5 CLI root: {"event":"created","path":"C:\\\\Users\\\\b_a_s\\\\AppData\\\\Local\\\\Temp\\\\aiboard-windows-semantic-batch-YYdh8T"}
# C5 CLI root: {"event":"created","path":"C:\\\\Users\\\\b_a_s\\\\AppData\\\\Local\\\\Temp\\\\aiboard-windows-semantic-tree-SBO4CO"}
# C5 CLI root: {"event":"created","path":"C:\\\\Users\\\\b_a_s\\\\AppData\\\\Local\\\\Temp\\\\aiboard-native-capabilities-runtime-construction-cleanup-retry-ZU9HOm"}
# Subtest: NativeBuildFactory handle close releases owned stores while retaining recovery worktrees
ok 207 - NativeBuildFactory handle close releases owned stores while retaining recovery worktrees
  ---
  duration_ms: 11880.0211
  type: 'test'
  ...
# C5 CLI root: {"event":"created","path":"C:\\\\Users\\\\b_a_s\\\\AppData\\\\Local\\\\Temp\\\\aiboard-native-capabilities-runtime-construction-cleanup-retry-ZU9HOm\\\\state\\\\capability-snapshots\\\\.staging-KHtjnB"}
# C5 CLI root: {"event":"created","path":"C:\\\\Users\\\\b_a_s\\\\AppData\\\\Local\\\\Temp\\\\aiboard-native-capabilities-runtime-construction-cleanup-retry-ZU9HOm\\\\state\\\\builds\\\\runtime-construction-cleanup-retry-12e687607c\\\\extension-executions\\\\.0677af4400a8cb12-NLmiPe"}
# C5 CLI root: {"event":"created","path":"C:\\\\Users\\\\b_a_s\\\\AppData\\\\Local\\\\Temp\\\\aiboard-native-capabilities-runtime-capability-close-retry-MLecaE"}
# Subtest: NativeBuildFactory retains the primary construction error while retrying every failed cleanup
ok 208 - NativeBuildFactory retains the primary construction error while retrying every failed cleanup
  ---
  duration_ms: 816.2305
  type: 'test'
  ...
# C5 CLI root: {"event":"created","path":"C:\\\\Users\\\\b_a_s\\\\AppData\\\\Local\\\\Temp\\\\aiboard-native-capabilities-runtime-capability-close-retry-MLecaE\\\\state\\\\capability-snapshots\\\\.staging-CCj6zO"}
# C5 CLI root: {"event":"created","path":"C:\\\\Users\\\\b_a_s\\\\AppData\\\\Local\\\\Temp\\\\aiboard-native-capabilities-runtime-capability-close-retry-MLecaE\\\\state\\\\builds\\\\runtime-capability-close-retry-ca6246e4c5\\\\extension-executions\\\\.3ceaab75a4e558c2-GsGCrT"}
# C5 CLI root: {"event":"created","path":"C:\\\\Users\\\\b_a_s\\\\AppData\\\\Local\\\\Temp\\\\aiboard-native-capabilities-pre-handle-disposer-retention-nMRm8j"}
# Subtest: NativeBuildFactory retries real capability close failures and removes the execution copy
ok 209 - NativeBuildFactory retries real capability close failures and removes the execution copy
  ---
  duration_ms: 800.8665
  type: 'test'
  ...
# C5 CLI root: {"event":"created","path":"C:\\\\Users\\\\b_a_s\\\\AppData\\\\Local\\\\Temp\\\\aiboard-native-capabilities-pre-handle-disposer-retention-nMRm8j\\\\state\\\\capability-snapshots\\\\.staging-SguvXH"}
# C5 CLI root: {"event":"created","path":"C:\\\\Users\\\\b_a_s\\\\AppData\\\\Local\\\\Temp\\\\aiboard-native-capabilities-pre-handle-disposer-retention-nMRm8j\\\\state\\\\builds\\\\pre-handle-disposer-retention-df2c4dd6e9\\\\extension-executions\\\\.17d7b351aeed3c25-3dDx4R"}
# C5 CLI root: {"event":"created","path":"C:\\\\Users\\\\b_a_s\\\\AppData\\\\Local\\\\Temp\\\\aiboard-native-capabilities-provider-owner-BzfhU8"}
# C5 CLI root: {"event":"created","path":"C:\\\\Users\\\\b_a_s\\\\AppData\\\\Local\\\\Temp\\\\aiboard-native-capabilities-historical-terminal-gTXKds"}
# Subtest: NativeBuildFactory retains a persistently failed pre-handle disposer for a later close
ok 210 - NativeBuildFactory retains a persistently failed pre-handle disposer for a later close
  ---
  duration_ms: 793.9606
  type: 'test'
  ...
# C5 finalizer10 acquired exact capability fixture: C:\\Users\\b_a_s\\AppData\\Local\\Temp\\aiboard-native-capabilities-pre-handle-disposer-retention-nMRm8j
# C5 finalizer10 removed certified capability fixture: C:\\Users\\b_a_s\\AppData\\Local\\Temp\\aiboard-native-capabilities-pre-handle-disposer-retention-nMRm8j
# Subtest: recovery classification preserves a capability primary inside cleanup aggregation
ok 211 - recovery classification preserves a capability primary inside cleanup aggregation
  ---
  duration_ms: 0.1929
  type: 'test'
  ...
# Subtest: NativeBuildFactory leaves provider configuration cleanup to the CLI when requested
ok 212 - NativeBuildFactory leaves provider configuration cleanup to the CLI when requested
  ---
  duration_ms: 1.086
  type: 'test'
  ...
# C5 CLI root: {"event":"created","path":"C:\\\\Users\\\\b_a_s\\\\AppData\\\\Local\\\\Temp\\\\aiboard-native-capabilities-historical-terminal-gTXKds\\\\state\\\\capability-snapshots\\\\.staging-d7XRrh"}
# C5 CLI root: {"event":"created","path":"C:\\\\Users\\\\b_a_s\\\\AppData\\\\Local\\\\Temp\\\\aiboard-historical-sqlite-BuyknY"}
# C5 CLI root: {"event":"created","path":"C:\\\\Users\\\\b_a_s\\\\AppData\\\\Local\\\\Temp\\\\aiboard-historical-sqlite-9cX3mp"}
# C5 CLI root: {"event":"created","path":"C:\\\\Users\\\\b_a_s\\\\AppData\\\\Local\\\\Temp\\\\aiboard-historical-sqlite-Ue5mLh"}
# C5 CLI root: {"event":"created","path":"C:\\\\Users\\\\b_a_s\\\\AppData\\\\Local\\\\Temp\\\\aiboard-historical-sqlite-bcyvvS"}
# C5 CLI root: {"event":"created","path":"C:\\\\Users\\\\b_a_s\\\\AppData\\\\Local\\\\Temp\\\\aiboard-historical-sqlite-E3RU3d"}
# C5 CLI root: {"event":"created","path":"C:\\\\Users\\\\b_a_s\\\\AppData\\\\Local\\\\Temp\\\\aiboard-native-capabilities-historical-missing-stores-2TEeLI"}
# Subtest: NativeBuildFactory serves a terminal legacy Build from read-only durable stores
ok 213 - NativeBuildFactory serves a terminal legacy Build from read-only durable stores
  ---
  duration_ms: 977.0008
  type: 'test'
  ...
# C5 CLI root: {"event":"created","path":"C:\\\\Users\\\\b_a_s\\\\AppData\\\\Local\\\\Temp\\\\aiboard-native-capabilities-historical-no-global-authority-yaCcmO"}
# C5 CLI root: {"event":"created","path":"C:\\\\Users\\\\b_a_s\\\\AppData\\\\Local\\\\Temp\\\\aiboard-native-capabilities-historical-close-retry-5S1yNP"}
# Subtest: NativeBuildFactory keeps missing terminal stores absent and projects empty read-only history
# C5 CLI root: {"event":"created","path":"C:\\\\Users\\\\b_a_s\\\\AppData\\\\Local\\\\Temp\\\\aiboard-historical-sqlite-VUXHyn"}
ok 214 - NativeBuildFactory keeps missing terminal stores absent and projects empty read-only history
  ---
  duration_ms: 724.4139
  type: 'test'
  ...
# Subtest: NativeBuildFactory historical readers do not create mutable global stores
ok 215 - NativeBuildFactory historical readers do not create mutable global stores
  ---
  duration_ms: 3.7598
  type: 'test'
  ...
# C5 CLI root: {"event":"created","path":"C:\\\\Users\\\\b_a_s\\\\AppData\\\\Local\\\\Temp\\\\aiboard-native-capabilities-historical-snapshot-removal-retry-RoUyor"}
# Subtest: NativeBuildFactory retries aggregate historical cleanup after a transient close failure
ok 216 - NativeBuildFactory retries aggregate historical cleanup after a transient close failure
  ---
  duration_ms: 55.7432
  type: 'test'
  ...
# C5 CLI root: {"event":"created","path":"C:\\\\Users\\\\b_a_s\\\\AppData\\\\Local\\\\Temp\\\\aiboard-historical-sqlite-dKlq79"}
# C5 CLI root: {"event":"created","path":"C:\\\\Users\\\\b_a_s\\\\AppData\\\\Local\\\\Temp\\\\aiboard-historical-sqlite-ZconEB"}
# C5 CLI root: {"event":"created","path":"C:\\\\Users\\\\b_a_s\\\\AppData\\\\Local\\\\Temp\\\\aiboard-native-capabilities-historical-construction-cleanup-7sbhEi"}
# Subtest: NativeBuildFactory retains every locked historical snapshot and retries aggregate removal
ok 217 - NativeBuildFactory retains every locked historical snapshot and retries aggregate removal
  ---
  duration_ms: 78.8661
  type: 'test'
  ...
# C5 CLI root: {"event":"created","path":"C:\\\\Users\\\\b_a_s\\\\AppData\\\\Local\\\\Temp\\\\aiboard-historical-sqlite-Ag8nIW"}
# C5 CLI root: {"event":"created","path":"C:\\\\Users\\\\b_a_s\\\\AppData\\\\Local\\\\Temp\\\\aiboard-native-capabilities-historical-durable-observations-Zg31TB"}
# Subtest: NativeBuildFactory preserves opening and cleanup failures while constructing historical readers
ok 218 - NativeBuildFactory preserves opening and cleanup failures while constructing historical readers
  ---
  duration_ms: 54.2727
  type: 'test'
  ...
# C5 CLI root: {"event":"created","path":"C:\\\\Users\\\\b_a_s\\\\AppData\\\\Local\\\\Temp\\\\aiboard-historical-schema-xLDh7A"}
# C5 CLI root: {"event":"created","path":"C:\\\\Users\\\\b_a_s\\\\AppData\\\\Local\\\\Temp\\\\aiboard-historical-schema-DFwtMY"}
# C5 CLI root: {"event":"created","path":"C:\\\\Users\\\\b_a_s\\\\AppData\\\\Local\\\\Temp\\\\aiboard-historical-schema-RM26Co"}
# C5 CLI root: {"event":"created","path":"C:\\\\Users\\\\b_a_s\\\\AppData\\\\Local\\\\Temp\\\\aiboard-historical-schema-jRKEpN"}
# C5 CLI root: {"event":"created","path":"C:\\\\Users\\\\b_a_s\\\\AppData\\\\Local\\\\Temp\\\\aiboard-historical-schema-RJMfzy"}
# C5 CLI root: {"event":"created","path":"C:\\\\Users\\\\b_a_s\\\\AppData\\\\Local\\\\Temp\\\\aiboard-historical-schema-cuZT5U"}
# C5 CLI root: {"event":"created","path":"C:\\\\Users\\\\b_a_s\\\\AppData\\\\Local\\\\Temp\\\\aiboard-historical-sqlite-vS0hxs"}
# C5 CLI root: {"event":"created","path":"C:\\\\Users\\\\b_a_s\\\\AppData\\\\Local\\\\Temp\\\\aiboard-historical-sqlite-hCWM62"}
# C5 CLI root: {"event":"created","path":"C:\\\\Users\\\\b_a_s\\\\AppData\\\\Local\\\\Temp\\\\aiboard-historical-sqlite-OyCxId"}
# C5 CLI root: {"event":"created","path":"C:\\\\Users\\\\b_a_s\\\\AppData\\\\Local\\\\Temp\\\\aiboard-historical-sqlite-0XmGQk"}
# C5 CLI root: {"event":"created","path":"C:\\\\Users\\\\b_a_s\\\\AppData\\\\Local\\\\Temp\\\\aiboard-historical-sqlite-dESd0F"}
# C5 CLI root: {"event":"created","path":"C:\\\\Users\\\\b_a_s\\\\AppData\\\\Local\\\\Temp\\\\aiboard-historical-sqlite-uPIFzY"}
# C5 CLI root: {"event":"created","path":"C:\\\\Users\\\\b_a_s\\\\AppData\\\\Local\\\\Temp\\\\aiboard-historical-schema-HnahMh"}
# C5 CLI root: {"event":"created","path":"C:\\\\Users\\\\b_a_s\\\\AppData\\\\Local\\\\Temp\\\\aiboard-historical-schema-gnydpN"}
# C5 CLI root: {"event":"created","path":"C:\\\\Users\\\\b_a_s\\\\AppData\\\\Local\\\\Temp\\\\aiboard-historical-schema-CnUN2p"}
# C5 CLI root: {"event":"created","path":"C:\\\\Users\\\\b_a_s\\\\AppData\\\\Local\\\\Temp\\\\aiboard-historical-schema-W4aO6C"}
# C5 CLI root: {"event":"created","path":"C:\\\\Users\\\\b_a_s\\\\AppData\\\\Local\\\\Temp\\\\aiboard-historical-schema-TcrcW2"}
# C5 CLI root: {"event":"created","path":"C:\\\\Users\\\\b_a_s\\\\AppData\\\\Local\\\\Temp\\\\aiboard-historical-schema-OFr0Y9"}
# C5 CLI root: {"event":"created","path":"C:\\\\Users\\\\b_a_s\\\\AppData\\\\Local\\\\Temp\\\\aiboard-native-capabilities-historical-frozen-non-sqlite-observations-kgsdkB"}
# Subtest: NativeBuildFactory reconstructs terminal observations only from durable run records
ok 219 - NativeBuildFactory reconstructs terminal observations only from durable run records
  ---
  duration_ms: 210.8269
  type: 'test'
  ...
# C5 CLI root: {"event":"created","path":"C:\\\\Users\\\\b_a_s\\\\AppData\\\\Local\\\\Temp\\\\aiboard-historical-sqlite-txhSWb"}
# C5 CLI root: {"event":"created","path":"C:\\\\Users\\\\b_a_s\\\\AppData\\\\Local\\\\Temp\\\\aiboard-historical-sqlite-GIax7B"}
# C5 CLI root: {"event":"created","path":"C:\\\\Users\\\\b_a_s\\\\AppData\\\\Local\\\\Temp\\\\aiboard-historical-sqlite-RDWggv"}
# C5 CLI root: {"event":"created","path":"C:\\\\Users\\\\b_a_s\\\\AppData\\\\Local\\\\Temp\\\\aiboard-historical-sqlite-6MBtBf"}
# C5 CLI root: {"event":"created","path":"C:\\\\Users\\\\b_a_s\\\\AppData\\\\Local\\\\Temp\\\\aiboard-historical-sqlite-45ELeb"}
# C5 CLI root: {"event":"created","path":"C:\\\\Users\\\\b_a_s\\\\AppData\\\\Local\\\\Temp\\\\aiboard-historical-sqlite-ptRWrM"}
# C5 CLI root: {"event":"created","path":"C:\\\\Users\\\\b_a_s\\\\AppData\\\\Local\\\\Temp\\\\aiboard-historical-sqlite-SpjcH7"}
# C5 CLI root: {"event":"created","path":"C:\\\\Users\\\\b_a_s\\\\AppData\\\\Local\\\\Temp\\\\aiboard-historical-sqlite-QWxoMT"}
# C5 CLI root: {"event":"created","path":"C:\\\\Users\\\\b_a_s\\\\AppData\\\\Local\\\\Temp\\\\aiboard-historical-schema-YBhExN"}
# C5 CLI root: {"event":"created","path":"C:\\\\Users\\\\b_a_s\\\\AppData\\\\Local\\\\Temp\\\\aiboard-historical-schema-RSDfIO"}
# C5 CLI root: {"event":"created","path":"C:\\\\Users\\\\b_a_s\\\\AppData\\\\Local\\\\Temp\\\\aiboard-historical-schema-aIMCgP"}
# C5 CLI root: {"event":"created","path":"C:\\\\Users\\\\b_a_s\\\\AppData\\\\Local\\\\Temp\\\\aiboard-historical-schema-bwZN6P"}
# C5 CLI root: {"event":"created","path":"C:\\\\Users\\\\b_a_s\\\\AppData\\\\Local\\\\Temp\\\\aiboard-historical-schema-Y8gi6o"}
# C5 CLI root: {"event":"created","path":"C:\\\\Users\\\\b_a_s\\\\AppData\\\\Local\\\\Temp\\\\aiboard-historical-schema-yC79jr"}
# C5 CLI root: {"event":"created","path":"C:\\\\Users\\\\b_a_s\\\\AppData\\\\Local\\\\Temp\\\\aiboard-historical-schema-L3eQPa"}
# C5 CLI root: {"event":"created","path":"C:\\\\Users\\\\b_a_s\\\\AppData\\\\Local\\\\Temp\\\\aiboard-historical-schema-E5W6zP"}
# C5 CLI root: {"event":"created","path":"C:\\\\Users\\\\b_a_s\\\\AppData\\\\Local\\\\Temp\\\\aiboard-historical-schema-ttGzuy"}
# C5 CLI root: {"event":"created","path":"C:\\\\Users\\\\b_a_s\\\\AppData\\\\Local\\\\Temp\\\\aiboard-historical-schema-YlLmTN"}
# C5 CLI root: {"event":"created","path":"C:\\\\Users\\\\b_a_s\\\\AppData\\\\Local\\\\Temp\\\\aiboard-native-capabilities-historical-unmigrated-observations-6djoNj"}
# Subtest: NativeBuildFactory freezes terminal process and final-verification diagnostics observations at historical open
ok 220 - NativeBuildFactory freezes terminal process and final-verification diagnostics observations at historical open
  ---
  duration_ms: 2691.8914
  type: 'test'
  ...
# C5 CLI root: {"event":"created","path":"C:\\\\Users\\\\b_a_s\\\\AppData\\\\Local\\\\Temp\\\\aiboard-historical-schema-ZBQnc8"}
# C5 CLI root: {"event":"created","path":"C:\\\\Users\\\\b_a_s\\\\AppData\\\\Local\\\\Temp\\\\aiboard-historical-schema-4vVbBI"}
# C5 CLI root: {"event":"created","path":"C:\\\\Users\\\\b_a_s\\\\AppData\\\\Local\\\\Temp\\\\aiboard-historical-sqlite-84nDSM"}
# C5 CLI root: {"event":"created","path":"C:\\\\Users\\\\b_a_s\\\\AppData\\\\Local\\\\Temp\\\\aiboard-historical-sqlite-7JzKGc"}
# C5 CLI root: {"event":"created","path":"C:\\\\Users\\\\b_a_s\\\\AppData\\\\Local\\\\Temp\\\\aiboard-historical-schema-gPI1qB"}
# C5 CLI root: {"event":"created","path":"C:\\\\Users\\\\b_a_s\\\\AppData\\\\Local\\\\Temp\\\\aiboard-historical-schema-XXapkC"}
# C5 CLI root: {"event":"created","path":"C:\\\\Users\\\\b_a_s\\\\AppData\\\\Local\\\\Temp\\\\aiboard-native-capabilities-historical-partial-transcript-P20A20"}
# Subtest: NativeBuildFactory replays unmigrated terminal transcript and evidence without writes
ok 221 - NativeBuildFactory replays unmigrated terminal transcript and evidence without writes
  ---
  duration_ms: 81.0768
  type: 'test'
  ...
# C5 CLI root: {"event":"created","path":"C:\\\\Users\\\\b_a_s\\\\AppData\\\\Local\\\\Temp\\\\aiboard-historical-schema-1zDWGE"}
# C5 CLI root: {"event":"created","path":"C:\\\\Users\\\\b_a_s\\\\AppData\\\\Local\\\\Temp\\\\aiboard-historical-sqlite-5Rq5DZ"}
# C5 CLI root: {"event":"created","path":"C:\\\\Users\\\\b_a_s\\\\AppData\\\\Local\\\\Temp\\\\aiboard-historical-schema-fxsU9L"}
# C5 CLI root: {"event":"created","path":"C:\\\\Users\\\\b_a_s\\\\AppData\\\\Local\\\\Temp\\\\aiboard-native-capabilities-historical-wal-observation-4AmtZl"}
# C5 CLI root: {"event":"created","path":"C:\\\\Users\\\\b_a_s\\\\AppData\\\\Local\\\\Temp\\\\aiboard-historical-schema-Pg6yNZ"}
# Subtest: NativeBuildFactory replays a present but partial terminal transcript projection without writes
ok 222 - NativeBuildFactory replays a present but partial terminal transcript projection without writes
  ---
  duration_ms: 68.5731
  type: 'test'
  ...
# C5 CLI root: {"event":"created","path":"C:\\\\Users\\\\b_a_s\\\\AppData\\\\Local\\\\Temp\\\\aiboard-historical-sqlite-bfaraG"}
# C5 CLI root: {"event":"created","path":"C:\\\\Users\\\\b_a_s\\\\AppData\\\\Local\\\\Temp\\\\aiboard-historical-schema-vAGwOF"}
# C5 CLI root: {"event":"created","path":"C:\\\\Users\\\\b_a_s\\\\AppData\\\\Local\\\\Temp\\\\aiboard-native-capabilities-historical-terminal-failed-RbwCL4"}
# Subtest: NativeBuildFactory historical copies preserve WAL-visible durable observations
ok 223 - NativeBuildFactory historical copies preserve WAL-visible durable observations
  ---
  duration_ms: 38.217
  type: 'test'
  ...
# C5 CLI root: {"event":"created","path":"C:\\\\Users\\\\b_a_s\\\\AppData\\\\Local\\\\Temp\\\\aiboard-native-capabilities-historical-terminal-stopped-0rSY2v"}
# C5 CLI root: {"event":"created","path":"C:\\\\Users\\\\b_a_s\\\\AppData\\\\Local\\\\Temp\\\\p6-git-mcp-census-Zu2KDX"}
# Subtest: NativeBuildFactory preserves the authoritative terminal state when scheduler history is absent
ok 224 - NativeBuildFactory preserves the authoritative terminal state when scheduler history is absent
  ---
  duration_ms: 1413.7166
  type: 'test'
  ...
# Subtest: MCP ownership census excludes only durably released Git records
ok 225 - MCP ownership census excludes only durably released Git records
  ---
  duration_ms: 10.0467
  type: 'test'
  ...
# C5 CLI root: {"event":"exit","path":"C:\\\\Users\\\\b_a_s\\\\AppData\\\\Local\\\\Temp\\\\aiboard-native-capabilities-execution-host-mcp-order-qe7dEb","existsAtExit":false}
# C5 CLI root: {"event":"exit","path":"C:\\\\Users\\\\b_a_s\\\\AppData\\\\Local\\\\Temp\\\\aiboard-windows-semantic-duplex-2f91jW","existsAtExit":false}
# C5 CLI root: {"event":"exit","path":"C:\\\\Users\\\\b_a_s\\\\AppData\\\\Local\\\\Temp\\\\aiboard-windows-semantic-batch-PXgVHF","existsAtExit":false}
# C5 CLI root: {"event":"exit","path":"C:\\\\Users\\\\b_a_s\\\\AppData\\\\Local\\\\Temp\\\\aiboard-windows-semantic-tree-gPKZhz","existsAtExit":false}
# C5 CLI root: {"event":"exit","path":"C:\\\\Users\\\\b_a_s\\\\AppData\\\\Local\\\\Temp\\\\aiboard-native-capabilities-metadata-ZoUMef","existsAtExit":false}
# C5 CLI root: {"event":"exit","path":"C:\\\\Users\\\\b_a_s\\\\AppData\\\\Local\\\\Temp\\\\aiboard-native-capabilities-metadata-ZoUMef\\\\state\\\\capability-snapshots\\\\.staging-X476YY","existsAtExit":false}
# C5 CLI root: {"event":"exit","path":"C:\\\\Users\\\\b_a_s\\\\AppData\\\\Local\\\\Temp\\\\aiboard-native-capabilities-metadata-ZoUMef\\\\state\\\\builds\\\\capability-metadata-9edcc03a39\\\\extension-executions\\\\.0677af4400a8cb12-95bB2J","existsAtExit":false}
# C5 CLI root: {"event":"exit","path":"C:\\\\Users\\\\b_a_s\\\\AppData\\\\Local\\\\Temp\\\\aiboard-windows-semantic-duplex-dhuaB8","existsAtExit":false}
# C5 CLI root: {"event":"exit","path":"C:\\\\Users\\\\b_a_s\\\\AppData\\\\Local\\\\Temp\\\\aiboard-windows-semantic-batch-TdeHfJ","existsAtExit":false}
# C5 CLI root: {"event":"exit","path":"C:\\\\Users\\\\b_a_s\\\\AppData\\\\Local\\\\Temp\\\\aiboard-windows-semantic-tree-hijrxA","existsAtExit":false}
# C5 CLI root: {"event":"exit","path":"C:\\\\Users\\\\b_a_s\\\\AppData\\\\Local\\\\Temp\\\\aiboard-native-capabilities-recovery-preflight-start-cleanup-sab8PS","existsAtExit":false}
# C5 CLI root: {"event":"exit","path":"C:\\\\Users\\\\b_a_s\\\\AppData\\\\Local\\\\Temp\\\\aiboard-native-capabilities-recovery-preflight-start-cleanup-sab8PS\\\\state\\\\capability-snapshots\\\\.staging-IvcVT9","existsAtExit":false}
# C5 CLI root: {"event":"exit","path":"C:\\\\Users\\\\b_a_s\\\\AppData\\\\Local\\\\Temp\\\\aiboard-native-capabilities-standalone-preflight-close-retry-3dkrTN","existsAtExit":false}
# C5 CLI root: {"event":"exit","path":"C:\\\\Users\\\\b_a_s\\\\AppData\\\\Local\\\\Temp\\\\aiboard-native-capabilities-standalone-preflight-close-retry-3dkrTN\\\\state\\\\extension-executions\\\\.3ceaab75a4e558c2-DTM2hC","existsAtExit":false}
# C5 CLI root: {"event":"exit","path":"C:\\\\Users\\\\b_a_s\\\\AppData\\\\Local\\\\Temp\\\\aiboard-native-capabilities-partial-start-disposer-retry-Jx6XGm","existsAtExit":false}
# C5 CLI root: {"event":"exit","path":"C:\\\\Users\\\\b_a_s\\\\AppData\\\\Local\\\\Temp\\\\aiboard-native-capabilities-partial-start-disposer-retry-Jx6XGm\\\\state\\\\extension-executions\\\\.bef6069c44697cb9-sp6Y1a","existsAtExit":false}
# C5 CLI root: {"event":"exit","path":"C:\\\\Users\\\\b_a_s\\\\AppData\\\\Local\\\\Temp\\\\aiboard-native-capabilities-router-collision-disposer-retry-PddvQz","existsAtExit":false}
# C5 CLI root: {"event":"exit","path":"C:\\\\Users\\\\b_a_s\\\\AppData\\\\Local\\\\Temp\\\\aiboard-native-capabilities-router-collision-disposer-retry-PddvQz\\\\state\\\\extension-executions\\\\.f3d7786ed56e164e-3HSvax","existsAtExit":false}
# C5 CLI root: {"event":"exit","path":"C:\\\\Users\\\\b_a_s\\\\AppData\\\\Local\\\\Temp\\\\aiboard-native-capabilities-recovery-preflight-evaluation-FUC0Jx","existsAtExit":false}
# C5 CLI root: {"event":"exit","path":"C:\\\\Users\\\\b_a_s\\\\AppData\\\\Local\\\\Temp\\\\aiboard-native-capabilities-recovery-preflight-evaluation-FUC0Jx\\\\state\\\\capability-snapshots\\\\.staging-gB4pP9","existsAtExit":false}
# C5 CLI root: {"event":"exit","path":"C:\\\\Users\\\\b_a_s\\\\AppData\\\\Local\\\\Temp\\\\aiboard-native-capabilities-recovery-preflight-factory-bnvSMu","existsAtExit":false}
# C5 CLI root: {"event":"exit","path":"C:\\\\Users\\\\b_a_s\\\\AppData\\\\Local\\\\Temp\\\\aiboard-native-capabilities-recovery-preflight-factory-bnvSMu\\\\state\\\\capability-snapshots\\\\.staging-ONG9x8","existsAtExit":false}
# C5 CLI root: {"event":"exit","path":"C:\\\\Users\\\\b_a_s\\\\AppData\\\\Local\\\\Temp\\\\aiboard-native-capabilities-recovery-preflight-missing-snapshot-VpBUrw","existsAtExit":false}
# C5 CLI root: {"event":"exit","path":"C:\\\\Users\\\\b_a_s\\\\AppData\\\\Local\\\\Temp\\\\aiboard-native-capabilities-recovery-preflight-missing-snapshot-VpBUrw\\\\state\\\\capability-snapshots\\\\.staging-ks6Lnh","existsAtExit":false}
# C5 CLI root: {"event":"exit","path":"C:\\\\Users\\\\b_a_s\\\\AppData\\\\Local\\\\Temp\\\\aiboard-native-capabilities-recovery-preflight-corrupt-snapshot-NthTZo","existsAtExit":false}
# C5 CLI root: {"event":"exit","path":"C:\\\\Users\\\\b_a_s\\\\AppData\\\\Local\\\\Temp\\\\aiboard-native-capabilities-recovery-preflight-corrupt-snapshot-NthTZo\\\\state\\\\capability-snapshots\\\\.staging-Iwihd3","existsAtExit":false}
# C5 CLI root: {"event":"exit","path":"C:\\\\Users\\\\b_a_s\\\\AppData\\\\Local\\\\Temp\\\\aiboard-native-capabilities-recovery-preflight-lsp-LZcnvC","existsAtExit":false}
# C5 CLI root: {"event":"exit","path":"C:\\\\Users\\\\b_a_s\\\\AppData\\\\Local\\\\Temp\\\\aiboard-native-capabilities-recovery-contract-Aq4cpD","existsAtExit":false}
# C5 CLI root: {"event":"exit","path":"C:\\\\Users\\\\b_a_s\\\\AppData\\\\Local\\\\Temp\\\\aiboard-native-capabilities-recovery-contract-Aq4cpD\\\\state\\\\capability-snapshots\\\\.staging-VDkXXh","existsAtExit":false}
# C5 CLI root: {"event":"exit","path":"C:\\\\Users\\\\b_a_s\\\\AppData\\\\Local\\\\Temp\\\\aiboard-native-capabilities-helper-dependency-contract-Z8gpLW","existsAtExit":false}
# C5 CLI root: {"event":"exit","path":"C:\\\\Users\\\\b_a_s\\\\AppData\\\\Local\\\\Temp\\\\aiboard-native-capabilities-helper-dependency-contract-Z8gpLW\\\\state\\\\capability-snapshots\\\\.staging-56Sbw3","existsAtExit":false}
# C5 CLI root: {"event":"exit","path":"C:\\\\Users\\\\b_a_s\\\\AppData\\\\Local\\\\Temp\\\\aiboard-native-capabilities-legacy-capability-contract-TRCieH","existsAtExit":false}
# C5 CLI root: {"event":"exit","path":"C:\\\\Users\\\\b_a_s\\\\AppData\\\\Local\\\\Temp\\\\aiboard-native-capabilities-legacy-capability-contract-TRCieH\\\\state\\\\capability-snapshots\\\\.staging-oXBIXI","existsAtExit":false}
# C5 CLI root: {"event":"exit","path":"C:\\\\Users\\\\b_a_s\\\\AppData\\\\Local\\\\Temp\\\\aiboard-native-capabilities-historical-execution-safety-contract-RlCqWz","existsAtExit":false}
# C5 CLI root: {"event":"exit","path":"C:\\\\Users\\\\b_a_s\\\\AppData\\\\Local\\\\Temp\\\\aiboard-native-capabilities-extension-snapshot-replacement-WAQJKc","existsAtExit":false}
# C5 CLI root: {"event":"exit","path":"C:\\\\Users\\\\b_a_s\\\\AppData\\\\Local\\\\Temp\\\\aiboard-native-capabilities-extension-snapshot-replacement-WAQJKc\\\\state\\\\capability-snapshots\\\\.staging-aEmp8d","existsAtExit":false}
# C5 CLI root: {"event":"exit","path":"C:\\\\Users\\\\b_a_s\\\\AppData\\\\Local\\\\Temp\\\\aiboard-native-capabilities-extension-snapshot-replacement-WAQJKc\\\\state\\\\builds\\\\capability-extension-snapshot-replacemen-ac50b6f312\\\\extension-executions\\\\.02add0e1b1838345-CYvTeG","existsAtExit":false}
# C5 CLI root: {"event":"exit","path":"C:\\\\Users\\\\b_a_s\\\\AppData\\\\Local\\\\Temp\\\\aiboard-windows-semantic-duplex-2Hj6e4","existsAtExit":false}
# C5 CLI root: {"event":"exit","path":"C:\\\\Users\\\\b_a_s\\\\AppData\\\\Local\\\\Temp\\\\aiboard-windows-semantic-batch-IIlx1f","existsAtExit":false}
# C5 CLI root: {"event":"exit","path":"C:\\\\Users\\\\b_a_s\\\\AppData\\\\Local\\\\Temp\\\\aiboard-windows-semantic-tree-kSt260","existsAtExit":false}
# C5 CLI root: {"event":"exit","path":"C:\\\\Users\\\\b_a_s\\\\AppData\\\\Local\\\\Temp\\\\aiboard-native-capabilities-extension-tool-observation-qwiUhV","existsAtExit":false}
# C5 CLI root: {"event":"exit","path":"C:\\\\Users\\\\b_a_s\\\\AppData\\\\Local\\\\Temp\\\\aiboard-native-capabilities-extension-tool-observation-qwiUhV\\\\state\\\\capability-snapshots\\\\.staging-VlyqsR","existsAtExit":false}
# C5 CLI root: {"event":"exit","path":"C:\\\\Users\\\\b_a_s\\\\AppData\\\\Local\\\\Temp\\\\aiboard-native-capabilities-extension-tool-observation-qwiUhV\\\\state\\\\builds\\\\capability-extension-tool-observation-5edb5eb1bf\\\\extension-executions\\\\.0677af4400a8cb12-dowYa0","existsAtExit":false}
# C5 CLI root: {"event":"exit","path":"C:\\\\Users\\\\b_a_s\\\\AppData\\\\Local\\\\Temp\\\\aiboard-windows-semantic-duplex-ECIjpg","existsAtExit":false}
# C5 CLI root: {"event":"exit","path":"C:\\\\Users\\\\b_a_s\\\\AppData\\\\Local\\\\Temp\\\\aiboard-windows-semantic-batch-ffHDmc","existsAtExit":false}
# C5 CLI root: {"event":"exit","path":"C:\\\\Users\\\\b_a_s\\\\AppData\\\\Local\\\\Temp\\\\aiboard-windows-semantic-tree-IEpwXW","existsAtExit":false}
# C5 CLI root: {"event":"exit","path":"C:\\\\Users\\\\b_a_s\\\\AppData\\\\Local\\\\Temp\\\\aiboard-native-capabilities-extension-language-close-RMc2ia","existsAtExit":false}
# C5 CLI root: {"event":"exit","path":"C:\\\\Users\\\\b_a_s\\\\AppData\\\\Local\\\\Temp\\\\aiboard-native-capabilities-extension-language-close-RMc2ia\\\\state\\\\capability-snapshots\\\\.staging-NeYzpR","existsAtExit":false}
# C5 CLI root: {"event":"exit","path":"C:\\\\Users\\\\b_a_s\\\\AppData\\\\Local\\\\Temp\\\\aiboard-native-capabilities-extension-language-close-RMc2ia\\\\state\\\\builds\\\\capability-extension-language-close-a6f485b07d\\\\extension-executions\\\\.3c5f4d73efafb169-TfJyJl","existsAtExit":false}
# C5 CLI root: {"event":"exit","path":"C:\\\\Users\\\\b_a_s\\\\AppData\\\\Local\\\\Temp\\\\aiboard-windows-semantic-duplex-DWbeB6","existsAtExit":false}
# C5 CLI root: {"event":"exit","path":"C:\\\\Users\\\\b_a_s\\\\AppData\\\\Local\\\\Temp\\\\aiboard-windows-semantic-batch-IVctyr","existsAtExit":false}
# C5 CLI root: {"event":"exit","path":"C:\\\\Users\\\\b_a_s\\\\AppData\\\\Local\\\\Temp\\\\aiboard-windows-semantic-tree-Fo0WZd","existsAtExit":false}
# C5 CLI root: {"event":"exit","path":"C:\\\\Users\\\\b_a_s\\\\AppData\\\\Local\\\\Temp\\\\aiboard-native-capabilities-atomic-F55ezq","existsAtExit":false}
# C5 CLI root: {"event":"exit","path":"C:\\\\Users\\\\b_a_s\\\\AppData\\\\Local\\\\Temp\\\\aiboard-native-capabilities-atomic-F55ezq\\\\state\\\\capability-snapshots\\\\.staging-9TpoU4","existsAtExit":false}
# C5 CLI root: {"event":"exit","path":"C:\\\\Users\\\\b_a_s\\\\AppData\\\\Local\\\\Temp\\\\aiboard-native-capabilities-atomic-F55ezq\\\\state\\\\builds\\\\capability-atomic-f3e56529da\\\\extension-executions\\\\.4a1ebe8af4c5b5b1-Fy3ykF","existsAtExit":false}
# C5 CLI root: {"event":"exit","path":"C:\\\\Users\\\\b_a_s\\\\AppData\\\\Local\\\\Temp\\\\aiboard-native-capabilities-reserved-oLx6kL","existsAtExit":false}
# C5 CLI root: {"event":"exit","path":"C:\\\\Users\\\\b_a_s\\\\AppData\\\\Local\\\\Temp\\\\aiboard-native-capabilities-reserved-oLx6kL\\\\state\\\\capability-snapshots\\\\.staging-fIRhiW","existsAtExit":false}
# C5 CLI root: {"event":"exit","path":"C:\\\\Users\\\\b_a_s\\\\AppData\\\\Local\\\\Temp\\\\aiboard-native-capabilities-reserved-oLx6kL\\\\state\\\\builds\\\\capability-reserved-3f9cfa92ac\\\\extension-executions\\\\.4bdbf80681b45464-GL4Xdi","existsAtExit":false}
# C5 CLI root: {"event":"exit","path":"C:\\\\Users\\\\b_a_s\\\\AppData\\\\Local\\\\Temp\\\\aiboard-native-capabilities-runtime-construction-execution_isolation-s6w3ZZ","existsAtExit":false}
# C5 CLI root: {"event":"exit","path":"C:\\\\Users\\\\b_a_s\\\\AppData\\\\Local\\\\Temp\\\\aiboard-native-capabilities-runtime-construction-execution_isolation-s6w3ZZ\\\\state\\\\capability-snapshots\\\\.staging-y1otZE","existsAtExit":false}
# C5 CLI root: {"event":"exit","path":"C:\\\\Users\\\\b_a_s\\\\AppData\\\\Local\\\\Temp\\\\aiboard-native-capabilities-runtime-construction-capabilities-ZZPkTC","existsAtExit":false}
# C5 CLI root: {"event":"exit","path":"C:\\\\Users\\\\b_a_s\\\\AppData\\\\Local\\\\Temp\\\\aiboard-native-capabilities-runtime-construction-capabilities-ZZPkTC\\\\state\\\\capability-snapshots\\\\.staging-KUilmb","existsAtExit":false}
# C5 CLI root: {"event":"exit","path":"C:\\\\Users\\\\b_a_s\\\\AppData\\\\Local\\\\Temp\\\\aiboard-native-capabilities-runtime-construction-capabilities-ZZPkTC\\\\state\\\\builds\\\\runtime-construction-capabilities-c2144e95b5\\\\extension-executions\\\\.0677af4400a8cb12-djRdGg","existsAtExit":false}
# C5 CLI root: {"event":"exit","path":"C:\\\\Users\\\\b_a_s\\\\AppData\\\\Local\\\\Temp\\\\aiboard-native-capabilities-runtime-construction-evidence_store-fFFA96","existsAtExit":false}
# C5 CLI root: {"event":"exit","path":"C:\\\\Users\\\\b_a_s\\\\AppData\\\\Local\\\\Temp\\\\aiboard-native-capabilities-runtime-construction-evidence_store-fFFA96\\\\state\\\\capability-snapshots\\\\.staging-h0HCYZ","existsAtExit":false}
# C5 CLI root: {"event":"exit","path":"C:\\\\Users\\\\b_a_s\\\\AppData\\\\Local\\\\Temp\\\\aiboard-native-capabilities-runtime-construction-evidence_store-fFFA96\\\\state\\\\builds\\\\runtime-construction-evidence-store-18e527f405\\\\extension-executions\\\\.0677af4400a8cb12-ePaCZc","existsAtExit":false}
# C5 CLI root: {"event":"exit","path":"C:\\\\Users\\\\b_a_s\\\\AppData\\\\Local\\\\Temp\\\\aiboard-native-capabilities-runtime-construction-scheduler_store-OicmQL","existsAtExit":false}
# C5 CLI root: {"event":"exit","path":"C:\\\\Users\\\\b_a_s\\\\AppData\\\\Local\\\\Temp\\\\aiboard-native-capabilities-runtime-construction-scheduler_store-OicmQL\\\\state\\\\capability-snapshots\\\\.staging-zWv3ut","existsAtExit":false}
# C5 CLI root: {"event":"exit","path":"C:\\\\Users\\\\b_a_s\\\\AppData\\\\Local\\\\Temp\\\\aiboard-native-capabilities-runtime-construction-scheduler_store-OicmQL\\\\state\\\\builds\\\\runtime-construction-scheduler-store-c4cfcb6c97\\\\extension-executions\\\\.0677af4400a8cb12-lVRJWy","existsAtExit":false}
# C5 CLI root: {"event":"exit","path":"C:\\\\Users\\\\b_a_s\\\\AppData\\\\Local\\\\Temp\\\\aiboard-native-capabilities-runtime-construction-session_store-QwkmC2","existsAtExit":false}
# C5 CLI root: {"event":"exit","path":"C:\\\\Users\\\\b_a_s\\\\AppData\\\\Local\\\\Temp\\\\aiboard-native-capabilities-runtime-construction-session_store-QwkmC2\\\\state\\\\capability-snapshots\\\\.staging-xH9nsH","existsAtExit":false}
# C5 CLI root: {"event":"exit","path":"C:\\\\Users\\\\b_a_s\\\\AppData\\\\Local\\\\Temp\\\\aiboard-native-capabilities-runtime-construction-session_store-QwkmC2\\\\state\\\\builds\\\\runtime-construction-session-store-86eaeb0ad5\\\\extension-executions\\\\.0677af4400a8cb12-EVRTgq","existsAtExit":false}
# C5 CLI root: {"event":"exit","path":"C:\\\\Users\\\\b_a_s\\\\AppData\\\\Local\\\\Temp\\\\aiboard-native-capabilities-runtime-construction-tool_ledger-LU5CSF","existsAtExit":false}
# C5 CLI root: {"event":"exit","path":"C:\\\\Users\\\\b_a_s\\\\AppData\\\\Local\\\\Temp\\\\aiboard-native-capabilities-runtime-construction-tool_ledger-LU5CSF\\\\state\\\\capability-snapshots\\\\.staging-7C69UV","existsAtExit":false}
# C5 CLI root: {"event":"exit","path":"C:\\\\Users\\\\b_a_s\\\\AppData\\\\Local\\\\Temp\\\\aiboard-native-capabilities-runtime-construction-tool_ledger-LU5CSF\\\\state\\\\builds\\\\runtime-construction-tool-ledger-29381f9a8e\\\\extension-executions\\\\.0677af4400a8cb12-EVmu7n","existsAtExit":false}
# C5 CLI root: {"event":"exit","path":"C:\\\\Users\\\\b_a_s\\\\AppData\\\\Local\\\\Temp\\\\aiboard-native-capabilities-runtime-construction-budget_ledger-tlbgfm","existsAtExit":false}
# C5 CLI root: {"event":"exit","path":"C:\\\\Users\\\\b_a_s\\\\AppData\\\\Local\\\\Temp\\\\aiboard-native-capabilities-runtime-construction-budget_ledger-tlbgfm\\\\state\\\\capability-snapshots\\\\.staging-Bt3jNx","existsAtExit":false}
# C5 CLI root: {"event":"exit","path":"C:\\\\Users\\\\b_a_s\\\\AppData\\\\Local\\\\Temp\\\\aiboard-native-capabilities-runtime-construction-budget_ledger-tlbgfm\\\\state\\\\builds\\\\runtime-construction-budget-ledger-0779643d62\\\\extension-executions\\\\.0677af4400a8cb12-ySOQ5p","existsAtExit":false}
# C5 CLI root: {"event":"exit","path":"C:\\\\Users\\\\b_a_s\\\\AppData\\\\Local\\\\Temp\\\\aiboard-native-capabilities-runtime-construction-workspace_manager-9lJpuO","existsAtExit":false}
# C5 CLI root: {"event":"exit","path":"C:\\\\Users\\\\b_a_s\\\\AppData\\\\Local\\\\Temp\\\\aiboard-native-capabilities-runtime-construction-workspace_manager-9lJpuO\\\\state\\\\capability-snapshots\\\\.staging-Rkbh4a","existsAtExit":false}
# C5 CLI root: {"event":"exit","path":"C:\\\\Users\\\\b_a_s\\\\AppData\\\\Local\\\\Temp\\\\aiboard-native-capabilities-runtime-construction-workspace_manager-9lJpuO\\\\state\\\\builds\\\\runtime-construction-workspace-manager-0d5c1a0cd6\\\\extension-executions\\\\.0677af4400a8cb12-eJWBBM","existsAtExit":false}
# C5 CLI root: {"event":"exit","path":"C:\\\\Users\\\\b_a_s\\\\AppData\\\\Local\\\\Temp\\\\aiboard-native-capabilities-runtime-construction-integration_workspace-dmJzlN","existsAtExit":false}
# C5 CLI root: {"event":"exit","path":"C:\\\\Users\\\\b_a_s\\\\AppData\\\\Local\\\\Temp\\\\aiboard-native-capabilities-runtime-construction-integration_workspace-dmJzlN\\\\state\\\\capability-snapshots\\\\.staging-wLTpT3","existsAtExit":false}
# C5 CLI root: {"event":"exit","path":"C:\\\\Users\\\\b_a_s\\\\AppData\\\\Local\\\\Temp\\\\aiboard-native-capabilities-runtime-construction-integration_workspace-dmJzlN\\\\state\\\\builds\\\\runtime-construction-integration-workspa-efec5553ad\\\\extension-executions\\\\.0677af4400a8cb12-Dj0mVm","existsAtExit":false}
# C5 CLI root: {"event":"exit","path":"C:\\\\Users\\\\b_a_s\\\\AppData\\\\Local\\\\Temp\\\\aiboard-native-capabilities-runtime-construction-verification_workspace-PIQnrb","existsAtExit":false}
# C5 CLI root: {"event":"exit","path":"C:\\\\Users\\\\b_a_s\\\\AppData\\\\Local\\\\Temp\\\\aiboard-native-capabilities-runtime-construction-verification_workspace-PIQnrb\\\\state\\\\capability-snapshots\\\\.staging-D1G86q","existsAtExit":false}
# C5 CLI root: {"event":"exit","path":"C:\\\\Users\\\\b_a_s\\\\AppData\\\\Local\\\\Temp\\\\aiboard-native-capabilities-runtime-construction-verification_workspace-PIQnrb\\\\state\\\\builds\\\\runtime-construction-verification-worksp-b289e3e05a\\\\extension-executions\\\\.0677af4400a8cb12-6tHIea","existsAtExit":false}
# C5 CLI root: {"event":"exit","path":"C:\\\\Users\\\\b_a_s\\\\AppData\\\\Local\\\\Temp\\\\aiboard-native-capabilities-runtime-construction-independent_verifier_workspace-7xQQCp","existsAtExit":false}
# C5 CLI root: {"event":"exit","path":"C:\\\\Users\\\\b_a_s\\\\AppData\\\\Local\\\\Temp\\\\aiboard-native-capabilities-runtime-construction-independent_verifier_workspace-7xQQCp\\\\state\\\\capability-snapshots\\\\.staging-8Fuc3p","existsAtExit":false}
# C5 CLI root: {"event":"exit","path":"C:\\\\Users\\\\b_a_s\\\\AppData\\\\Local\\\\Temp\\\\aiboard-native-capabilities-runtime-construction-independent_verifier_workspace-7xQQCp\\\\state\\\\builds\\\\runtime-construction-independent-verifie-3fd6daeb82\\\\extension-executions\\\\.0677af4400a8cb12-8REcDM","existsAtExit":false}
# C5 CLI root: {"event":"exit","path":"C:\\\\Users\\\\b_a_s\\\\AppData\\\\Local\\\\Temp\\\\aiboard-native-capabilities-runtime-construction-memory_store-NbsVCm","existsAtExit":false}
# C5 CLI root: {"event":"exit","path":"C:\\\\Users\\\\b_a_s\\\\AppData\\\\Local\\\\Temp\\\\aiboard-native-capabilities-runtime-construction-memory_store-NbsVCm\\\\state\\\\capability-snapshots\\\\.staging-ZQiD8E","existsAtExit":false}
# C5 CLI root: {"event":"exit","path":"C:\\\\Users\\\\b_a_s\\\\AppData\\\\Local\\\\Temp\\\\aiboard-native-capabilities-runtime-construction-memory_store-NbsVCm\\\\state\\\\builds\\\\runtime-construction-memory-store-440a0a3e6c\\\\extension-executions\\\\.0677af4400a8cb12-lmqnK9","existsAtExit":false}
# C5 CLI root: {"event":"exit","path":"C:\\\\Users\\\\b_a_s\\\\AppData\\\\Local\\\\Temp\\\\aiboard-native-capabilities-runtime-construction-managed_process_service-klK3o2","existsAtExit":false}
# C5 CLI root: {"event":"exit","path":"C:\\\\Users\\\\b_a_s\\\\AppData\\\\Local\\\\Temp\\\\aiboard-native-capabilities-runtime-construction-managed_process_service-klK3o2\\\\state\\\\capability-snapshots\\\\.staging-sWUScu","existsAtExit":false}
# C5 CLI root: {"event":"exit","path":"C:\\\\Users\\\\b_a_s\\\\AppData\\\\Local\\\\Temp\\\\aiboard-native-capabilities-runtime-construction-managed_process_service-klK3o2\\\\state\\\\builds\\\\runtime-construction-managed-process-ser-fccb111fe3\\\\extension-executions\\\\.0677af4400a8cb12-LHY7hJ","existsAtExit":false}
# C5 CLI root: {"event":"exit","path":"C:\\\\Users\\\\b_a_s\\\\AppData\\\\Local\\\\Temp\\\\aiboard-native-capabilities-runtime-handle-close-ownership-HpoN1I","existsAtExit":false}
# C5 CLI root: {"event":"exit","path":"C:\\\\Users\\\\b_a_s\\\\AppData\\\\Local\\\\Temp\\\\aiboard-native-capabilities-runtime-handle-close-ownership-HpoN1I\\\\state\\\\capability-snapshots\\\\.staging-Jui541","existsAtExit":false}
# C5 CLI root: {"event":"exit","path":"C:\\\\Users\\\\b_a_s\\\\AppData\\\\Local\\\\Temp\\\\aiboard-native-capabilities-runtime-handle-close-ownership-HpoN1I\\\\state\\\\builds\\\\runtime-handle-close-ownership-da59f740f0\\\\extension-executions\\\\.0677af4400a8cb12-NFoHnd","existsAtExit":false}
# C5 CLI root: {"event":"exit","path":"C:\\\\Users\\\\b_a_s\\\\AppData\\\\Local\\\\Temp\\\\aiboard-windows-semantic-duplex-dEnoVu","existsAtExit":false}
# C5 CLI root: {"event":"exit","path":"C:\\\\Users\\\\b_a_s\\\\AppData\\\\Local\\\\Temp\\\\aiboard-windows-semantic-batch-YYdh8T","existsAtExit":false}
# C5 CLI root: {"event":"exit","path":"C:\\\\Users\\\\b_a_s\\\\AppData\\\\Local\\\\Temp\\\\aiboard-windows-semantic-tree-SBO4CO","existsAtExit":false}
# C5 CLI root: {"event":"exit","path":"C:\\\\Users\\\\b_a_s\\\\AppData\\\\Local\\\\Temp\\\\aiboard-native-capabilities-runtime-construction-cleanup-retry-ZU9HOm","existsAtExit":false}
# C5 CLI root: {"event":"exit","path":"C:\\\\Users\\\\b_a_s\\\\AppData\\\\Local\\\\Temp\\\\aiboard-native-capabilities-runtime-construction-cleanup-retry-ZU9HOm\\\\state\\\\capability-snapshots\\\\.staging-KHtjnB","existsAtExit":false}
# C5 CLI root: {"event":"exit","path":"C:\\\\Users\\\\b_a_s\\\\AppData\\\\Local\\\\Temp\\\\aiboard-native-capabilities-runtime-construction-cleanup-retry-ZU9HOm\\\\state\\\\builds\\\\runtime-construction-cleanup-retry-12e687607c\\\\extension-executions\\\\.0677af4400a8cb12-NLmiPe","existsAtExit":false}
# C5 CLI root: {"event":"exit","path":"C:\\\\Users\\\\b_a_s\\\\AppData\\\\Local\\\\Temp\\\\aiboard-native-capabilities-runtime-capability-close-retry-MLecaE","existsAtExit":false}
# C5 CLI root: {"event":"exit","path":"C:\\\\Users\\\\b_a_s\\\\AppData\\\\Local\\\\Temp\\\\aiboard-native-capabilities-runtime-capability-close-retry-MLecaE\\\\state\\\\capability-snapshots\\\\.staging-CCj6zO","existsAtExit":false}
# C5 CLI root: {"event":"exit","path":"C:\\\\Users\\\\b_a_s\\\\AppData\\\\Local\\\\Temp\\\\aiboard-native-capabilities-runtime-capability-close-retry-MLecaE\\\\state\\\\builds\\\\runtime-capability-close-retry-ca6246e4c5\\\\extension-executions\\\\.3ceaab75a4e558c2-GsGCrT","existsAtExit":false}
# C5 CLI root: {"event":"exit","path":"C:\\\\Users\\\\b_a_s\\\\AppData\\\\Local\\\\Temp\\\\aiboard-native-capabilities-pre-handle-disposer-retention-nMRm8j","existsAtExit":false}
# C5 CLI root: {"event":"exit","path":"C:\\\\Users\\\\b_a_s\\\\AppData\\\\Local\\\\Temp\\\\aiboard-native-capabilities-pre-handle-disposer-retention-nMRm8j\\\\state\\\\capability-snapshots\\\\.staging-SguvXH","existsAtExit":false}
# C5 CLI root: {"event":"exit","path":"C:\\\\Users\\\\b_a_s\\\\AppData\\\\Local\\\\Temp\\\\aiboard-native-capabilities-pre-handle-disposer-retention-nMRm8j\\\\state\\\\builds\\\\pre-handle-disposer-retention-df2c4dd6e9\\\\extension-executions\\\\.17d7b351aeed3c25-3dDx4R","existsAtExit":false}
# C5 CLI root: {"event":"exit","path":"C:\\\\Users\\\\b_a_s\\\\AppData\\\\Local\\\\Temp\\\\aiboard-native-capabilities-provider-owner-BzfhU8","existsAtExit":false}
# C5 CLI root: {"event":"exit","path":"C:\\\\Users\\\\b_a_s\\\\AppData\\\\Local\\\\Temp\\\\aiboard-native-capabilities-historical-terminal-gTXKds","existsAtExit":false}
# C5 CLI root: {"event":"exit","path":"C:\\\\Users\\\\b_a_s\\\\AppData\\\\Local\\\\Temp\\\\aiboard-native-capabilities-historical-terminal-gTXKds\\\\state\\\\capability-snapshots\\\\.staging-d7XRrh","existsAtExit":false}
# C5 CLI root: {"event":"exit","path":"C:\\\\Users\\\\b_a_s\\\\AppData\\\\Local\\\\Temp\\\\aiboard-historical-sqlite-BuyknY","existsAtExit":false}
# C5 CLI root: {"event":"exit","path":"C:\\\\Users\\\\b_a_s\\\\AppData\\\\Local\\\\Temp\\\\aiboard-historical-sqlite-9cX3mp","existsAtExit":false}
# C5 CLI root: {"event":"exit","path":"C:\\\\Users\\\\b_a_s\\\\AppData\\\\Local\\\\Temp\\\\aiboard-historical-sqlite-Ue5mLh","existsAtExit":false}
# C5 CLI root: {"event":"exit","path":"C:\\\\Users\\\\b_a_s\\\\AppData\\\\Local\\\\Temp\\\\aiboard-historical-sqlite-bcyvvS","existsAtExit":false}
# C5 CLI root: {"event":"exit","path":"C:\\\\Users\\\\b_a_s\\\\AppData\\\\Local\\\\Temp\\\\aiboard-historical-sqlite-E3RU3d","existsAtExit":false}
# C5 CLI root: {"event":"exit","path":"C:\\\\Users\\\\b_a_s\\\\AppData\\\\Local\\\\Temp\\\\aiboard-native-capabilities-historical-missing-stores-2TEeLI","existsAtExit":false}
# C5 CLI root: {"event":"exit","path":"C:\\\\Users\\\\b_a_s\\\\AppData\\\\Local\\\\Temp\\\\aiboard-native-capabilities-historical-no-global-authority-yaCcmO","existsAtExit":false}
# C5 CLI root: {"event":"exit","path":"C:\\\\Users\\\\b_a_s\\\\AppData\\\\Local\\\\Temp\\\\aiboard-native-capabilities-historical-close-retry-5S1yNP","existsAtExit":false}
# C5 CLI root: {"event":"exit","path":"C:\\\\Users\\\\b_a_s\\\\AppData\\\\Local\\\\Temp\\\\aiboard-historical-sqlite-VUXHyn","existsAtExit":false}
# C5 CLI root: {"event":"exit","path":"C:\\\\Users\\\\b_a_s\\\\AppData\\\\Local\\\\Temp\\\\aiboard-native-capabilities-historical-snapshot-removal-retry-RoUyor","existsAtExit":false}
# C5 CLI root: {"event":"exit","path":"C:\\\\Users\\\\b_a_s\\\\AppData\\\\Local\\\\Temp\\\\aiboard-historical-sqlite-dKlq79","existsAtExit":false}
# C5 CLI root: {"event":"exit","path":"C:\\\\Users\\\\b_a_s\\\\AppData\\\\Local\\\\Temp\\\\aiboard-historical-sqlite-ZconEB","existsAtExit":false}
# C5 CLI root: {"event":"exit","path":"C:\\\\Users\\\\b_a_s\\\\AppData\\\\Local\\\\Temp\\\\aiboard-native-capabilities-historical-construction-cleanup-7sbhEi","existsAtExit":false}
# C5 CLI root: {"event":"exit","path":"C:\\\\Users\\\\b_a_s\\\\AppData\\\\Local\\\\Temp\\\\aiboard-historical-sqlite-Ag8nIW","existsAtExit":false}
# C5 CLI root: {"event":"exit","path":"C:\\\\Users\\\\b_a_s\\\\AppData\\\\Local\\\\Temp\\\\aiboard-native-capabilities-historical-durable-observations-Zg31TB","existsAtExit":false}
# C5 CLI root: {"event":"exit","path":"C:\\\\Users\\\\b_a_s\\\\AppData\\\\Local\\\\Temp\\\\aiboard-historical-schema-xLDh7A","existsAtExit":false}
# C5 CLI root: {"event":"exit","path":"C:\\\\Users\\\\b_a_s\\\\AppData\\\\Local\\\\Temp\\\\aiboard-historical-schema-DFwtMY","existsAtExit":false}
# C5 CLI root: {"event":"exit","path":"C:\\\\Users\\\\b_a_s\\\\AppData\\\\Local\\\\Temp\\\\aiboard-historical-schema-RM26Co","existsAtExit":false}
# C5 CLI root: {"event":"exit","path":"C:\\\\Users\\\\b_a_s\\\\AppData\\\\Local\\\\Temp\\\\aiboard-historical-schema-jRKEpN","existsAtExit":false}
# C5 CLI root: {"event":"exit","path":"C:\\\\Users\\\\b_a_s\\\\AppData\\\\Local\\\\Temp\\\\aiboard-historical-schema-RJMfzy","existsAtExit":false}
# C5 CLI root: {"event":"exit","path":"C:\\\\Users\\\\b_a_s\\\\AppData\\\\Local\\\\Temp\\\\aiboard-historical-schema-cuZT5U","existsAtExit":false}
# C5 CLI root: {"event":"exit","path":"C:\\\\Users\\\\b_a_s\\\\AppData\\\\Local\\\\Temp\\\\aiboard-historical-sqlite-vS0hxs","existsAtExit":false}
# C5 CLI root: {"event":"exit","path":"C:\\\\Users\\\\b_a_s\\\\AppData\\\\Local\\\\Temp\\\\aiboard-historical-sqlite-hCWM62","existsAtExit":false}
# C5 CLI root: {"event":"exit","path":"C:\\\\Users\\\\b_a_s\\\\AppData\\\\Local\\\\Temp\\\\aiboard-historical-sqlite-OyCxId","existsAtExit":false}
# C5 CLI root: {"event":"exit","path":"C:\\\\Users\\\\b_a_s\\\\AppData\\\\Local\\\\Temp\\\\aiboard-historical-sqlite-0XmGQk","existsAtExit":false}
# C5 CLI root: {"event":"exit","path":"C:\\\\Users\\\\b_a_s\\\\AppData\\\\Local\\\\Temp\\\\aiboard-historical-sqlite-dESd0F","existsAtExit":false}
# C5 CLI root: {"event":"exit","path":"C:\\\\Users\\\\b_a_s\\\\AppData\\\\Local\\\\Temp\\\\aiboard-historical-sqlite-uPIFzY","existsAtExit":false}
# C5 CLI root: {"event":"exit","path":"C:\\\\Users\\\\b_a_s\\\\AppData\\\\Local\\\\Temp\\\\aiboard-historical-schema-HnahMh","existsAtExit":false}
# C5 CLI root: {"event":"exit","path":"C:\\\\Users\\\\b_a_s\\\\AppData\\\\Local\\\\Temp\\\\aiboard-historical-schema-gnydpN","existsAtExit":false}
# C5 CLI root: {"event":"exit","path":"C:\\\\Users\\\\b_a_s\\\\AppData\\\\Local\\\\Temp\\\\aiboard-historical-schema-CnUN2p","existsAtExit":false}
# C5 CLI root: {"event":"exit","path":"C:\\\\Users\\\\b_a_s\\\\AppData\\\\Local\\\\Temp\\\\aiboard-historical-schema-W4aO6C","existsAtExit":false}
# C5 CLI root: {"event":"exit","path":"C:\\\\Users\\\\b_a_s\\\\AppData\\\\Local\\\\Temp\\\\aiboard-historical-schema-TcrcW2","existsAtExit":false}
# C5 CLI root: {"event":"exit","path":"C:\\\\Users\\\\b_a_s\\\\AppData\\\\Local\\\\Temp\\\\aiboard-historical-schema-OFr0Y9","existsAtExit":false}
# C5 CLI root: {"event":"exit","path":"C:\\\\Users\\\\b_a_s\\\\AppData\\\\Local\\\\Temp\\\\aiboard-native-capabilities-historical-frozen-non-sqlite-observations-kgsdkB","existsAtExit":false}
# C5 CLI root: {"event":"exit","path":"C:\\\\Users\\\\b_a_s\\\\AppData\\\\Local\\\\Temp\\\\aiboard-historical-sqlite-txhSWb","existsAtExit":false}
# C5 CLI root: {"event":"exit","path":"C:\\\\Users\\\\b_a_s\\\\AppData\\\\Local\\\\Temp\\\\aiboard-historical-sqlite-GIax7B","existsAtExit":false}
# C5 CLI root: {"event":"exit","path":"C:\\\\Users\\\\b_a_s\\\\AppData\\\\Local\\\\Temp\\\\aiboard-historical-sqlite-RDWggv","existsAtExit":false}
# C5 CLI root: {"event":"exit","path":"C:\\\\Users\\\\b_a_s\\\\AppData\\\\Local\\\\Temp\\\\aiboard-historical-sqlite-6MBtBf","existsAtExit":false}
# C5 CLI root: {"event":"exit","path":"C:\\\\Users\\\\b_a_s\\\\AppData\\\\Local\\\\Temp\\\\aiboard-historical-sqlite-45ELeb","existsAtExit":false}
# C5 CLI root: {"event":"exit","path":"C:\\\\Users\\\\b_a_s\\\\AppData\\\\Local\\\\Temp\\\\aiboard-historical-sqlite-ptRWrM","existsAtExit":false}
# C5 CLI root: {"event":"exit","path":"C:\\\\Users\\\\b_a_s\\\\AppData\\\\Local\\\\Temp\\\\aiboard-historical-sqlite-SpjcH7","existsAtExit":false}
# C5 CLI root: {"event":"exit","path":"C:\\\\Users\\\\b_a_s\\\\AppData\\\\Local\\\\Temp\\\\aiboard-historical-sqlite-QWxoMT","existsAtExit":false}
# C5 CLI root: {"event":"exit","path":"C:\\\\Users\\\\b_a_s\\\\AppData\\\\Local\\\\Temp\\\\aiboard-historical-schema-YBhExN","existsAtExit":false}
# C5 CLI root: {"event":"exit","path":"C:\\\\Users\\\\b_a_s\\\\AppData\\\\Local\\\\Temp\\\\aiboard-historical-schema-RSDfIO","existsAtExit":false}
# C5 CLI root: {"event":"exit","path":"C:\\\\Users\\\\b_a_s\\\\AppData\\\\Local\\\\Temp\\\\aiboard-historical-schema-aIMCgP","existsAtExit":false}
# C5 CLI root: {"event":"exit","path":"C:\\\\Users\\\\b_a_s\\\\AppData\\\\Local\\\\Temp\\\\aiboard-historical-schema-bwZN6P","existsAtExit":false}
# C5 CLI root: {"event":"exit","path":"C:\\\\Users\\\\b_a_s\\\\AppData\\\\Local\\\\Temp\\\\aiboard-historical-schema-Y8gi6o","existsAtExit":false}
# C5 CLI root: {"event":"exit","path":"C:\\\\Users\\\\b_a_s\\\\AppData\\\\Local\\\\Temp\\\\aiboard-historical-schema-yC79jr","existsAtExit":false}
# C5 CLI root: {"event":"exit","path":"C:\\\\Users\\\\b_a_s\\\\AppData\\\\Local\\\\Temp\\\\aiboard-historical-schema-L3eQPa","existsAtExit":false}
# C5 CLI root: {"event":"exit","path":"C:\\\\Users\\\\b_a_s\\\\AppData\\\\Local\\\\Temp\\\\aiboard-historical-schema-E5W6zP","existsAtExit":false}
# C5 CLI root: {"event":"exit","path":"C:\\\\Users\\\\b_a_s\\\\AppData\\\\Local\\\\Temp\\\\aiboard-historical-schema-ttGzuy","existsAtExit":false}
# C5 CLI root: {"event":"exit","path":"C:\\\\Users\\\\b_a_s\\\\AppData\\\\Local\\\\Temp\\\\aiboard-historical-schema-YlLmTN","existsAtExit":false}
# C5 CLI root: {"event":"exit","path":"C:\\\\Users\\\\b_a_s\\\\AppData\\\\Local\\\\Temp\\\\aiboard-native-capabilities-historical-unmigrated-observations-6djoNj","existsAtExit":false}
# C5 CLI root: {"event":"exit","path":"C:\\\\Users\\\\b_a_s\\\\AppData\\\\Local\\\\Temp\\\\aiboard-historical-schema-ZBQnc8","existsAtExit":false}
# C5 CLI root: {"event":"exit","path":"C:\\\\Users\\\\b_a_s\\\\AppData\\\\Local\\\\Temp\\\\aiboard-historical-schema-4vVbBI","existsAtExit":false}
# C5 CLI root: {"event":"exit","path":"C:\\\\Users\\\\b_a_s\\\\AppData\\\\Local\\\\Temp\\\\aiboard-historical-sqlite-84nDSM","existsAtExit":false}
# C5 CLI root: {"event":"exit","path":"C:\\\\Users\\\\b_a_s\\\\AppData\\\\Local\\\\Temp\\\\aiboard-historical-sqlite-7JzKGc","existsAtExit":false}
# C5 CLI root: {"event":"exit","path":"C:\\\\Users\\\\b_a_s\\\\AppData\\\\Local\\\\Temp\\\\aiboard-historical-schema-gPI1qB","existsAtExit":false}
# C5 CLI root: {"event":"exit","path":"C:\\\\Users\\\\b_a_s\\\\AppData\\\\Local\\\\Temp\\\\aiboard-historical-schema-XXapkC","existsAtExit":false}
# C5 CLI root: {"event":"exit","path":"C:\\\\Users\\\\b_a_s\\\\AppData\\\\Local\\\\Temp\\\\aiboard-native-capabilities-historical-partial-transcript-P20A20","existsAtExit":false}
# C5 CLI root: {"event":"exit","path":"C:\\\\Users\\\\b_a_s\\\\AppData\\\\Local\\\\Temp\\\\aiboard-historical-schema-1zDWGE","existsAtExit":false}
# C5 CLI root: {"event":"exit","path":"C:\\\\Users\\\\b_a_s\\\\AppData\\\\Local\\\\Temp\\\\aiboard-historical-sqlite-5Rq5DZ","existsAtExit":false}
# C5 CLI root: {"event":"exit","path":"C:\\\\Users\\\\b_a_s\\\\AppData\\\\Local\\\\Temp\\\\aiboard-historical-schema-fxsU9L","existsAtExit":false}
# C5 CLI root: {"event":"exit","path":"C:\\\\Users\\\\b_a_s\\\\AppData\\\\Local\\\\Temp\\\\aiboard-native-capabilities-historical-wal-observation-4AmtZl","existsAtExit":false}
# C5 CLI root: {"event":"exit","path":"C:\\\\Users\\\\b_a_s\\\\AppData\\\\Local\\\\Temp\\\\aiboard-historical-schema-Pg6yNZ","existsAtExit":false}
# C5 CLI root: {"event":"exit","path":"C:\\\\Users\\\\b_a_s\\\\AppData\\\\Local\\\\Temp\\\\aiboard-historical-sqlite-bfaraG","existsAtExit":false}
# C5 CLI root: {"event":"exit","path":"C:\\\\Users\\\\b_a_s\\\\AppData\\\\Local\\\\Temp\\\\aiboard-historical-schema-vAGwOF","existsAtExit":false}
# C5 CLI root: {"event":"exit","path":"C:\\\\Users\\\\b_a_s\\\\AppData\\\\Local\\\\Temp\\\\aiboard-native-capabilities-historical-terminal-failed-RbwCL4","existsAtExit":false}
# C5 CLI root: {"event":"exit","path":"C:\\\\Users\\\\b_a_s\\\\AppData\\\\Local\\\\Temp\\\\aiboard-native-capabilities-historical-terminal-stopped-0rSY2v","existsAtExit":false}
# C5 CLI root: {"event":"exit","path":"C:\\\\Users\\\\b_a_s\\\\AppData\\\\Local\\\\Temp\\\\p6-git-mcp-census-Zu2KDX","existsAtExit":false}
# C5 CLI root: {"event":"created","path":"C:\\\\Users\\\\b_a_s\\\\AppData\\\\Local\\\\Temp\\\\aiboard native final verification factory EqU36x"}
# C5 CLI root: {"event":"created","path":"C:\\\\Users\\\\b_a_s\\\\AppData\\\\Local\\\\Temp\\\\aiboard-windows-semantic-duplex-GpkIfj"}
# C5 CLI root: {"event":"created","path":"C:\\\\Users\\\\b_a_s\\\\AppData\\\\Local\\\\Temp\\\\aiboard-windows-semantic-batch-7lul40"}
# C5 CLI root: {"event":"created","path":"C:\\\\Users\\\\b_a_s\\\\AppData\\\\Local\\\\Temp\\\\aiboard-windows-semantic-tree-QAuHnN"}
# C5 CLI root: {"event":"created","path":"C:\\\\Users\\\\b_a_s\\\\AppData\\\\Local\\\\Temp\\\\playwright-artifacts-wBXUle"}
# C5 CLI root: {"event":"created","path":"C:\\\\Users\\\\b_a_s\\\\AppData\\\\Local\\\\Temp\\\\playwright_chromiumdev_profile-bxRRHz"}
# Subtest: NativeBuildFactory executes all four bound categories from clean integration state while user checkout is dirty
ok 226 - NativeBuildFactory executes all four bound categories from clean integration state while user checkout is dirty
  ---
  duration_ms: 95532.7616
  type: 'test'
  ...
# C5 CLI root: {"event":"exit","path":"C:\\\\Users\\\\b_a_s\\\\AppData\\\\Local\\\\Temp\\\\aiboard native final verification factory EqU36x","existsAtExit":false}
# C5 CLI root: {"event":"exit","path":"C:\\\\Users\\\\b_a_s\\\\AppData\\\\Local\\\\Temp\\\\aiboard-windows-semantic-duplex-GpkIfj","existsAtExit":false}
# C5 CLI root: {"event":"exit","path":"C:\\\\Users\\\\b_a_s\\\\AppData\\\\Local\\\\Temp\\\\aiboard-windows-semantic-batch-7lul40","existsAtExit":false}
# C5 CLI root: {"event":"exit","path":"C:\\\\Users\\\\b_a_s\\\\AppData\\\\Local\\\\Temp\\\\aiboard-windows-semantic-tree-QAuHnN","existsAtExit":false}
# C5 CLI root: {"event":"exit","path":"C:\\\\Users\\\\b_a_s\\\\AppData\\\\Local\\\\Temp\\\\playwright-artifacts-wBXUle","existsAtExit":false}
# C5 CLI root: {"event":"exit","path":"C:\\\\Users\\\\b_a_s\\\\AppData\\\\Local\\\\Temp\\\\playwright_chromiumdev_profile-bxRRHz","existsAtExit":false}
# C5 CLI root: {"event":"created","path":"C:\\\\Users\\\\b_a_s\\\\AppData\\\\Local\\\\Temp\\\\aiboard-native-verifier-preferred-zRaZU3"}
# C5 CLI root: {"event":"created","path":"C:\\\\Users\\\\b_a_s\\\\AppData\\\\Local\\\\Temp\\\\aiboard-native-verifier-provider-fallback-MONV3s"}
# Subtest: typed user selection constrains verifier routing to the preferred candidate
ok 227 - typed user selection constrains verifier routing to the preferred candidate
  ---
  duration_ms: 76.1522
  type: 'test'
  ...
# C5 CLI root: {"event":"created","path":"C:\\\\Users\\\\b_a_s\\\\AppData\\\\Local\\\\Temp\\\\aiboard-native-verifier-context-DCFx7A"}
# Subtest: restart excludes a provider-failed pending verifier session and selects fallback
ok 228 - restart excludes a provider-failed pending verifier session and selects fallback
  ---
  duration_ms: 62.9181
  type: 'test'
  ...
# C5 CLI root: {"event":"created","path":"C:\\\\Users\\\\b_a_s\\\\AppData\\\\Local\\\\Temp\\\\aiboard-native-verifier-budget-attribution-P5Ie9T"}
# Subtest: verifier receives complete revision-bound context in a separate read-only session
ok 229 - verifier receives complete revision-bound context in a separate read-only session
  ---
  duration_ms: 60.6683
  type: 'test'
  ...
# C5 CLI root: {"event":"created","path":"C:\\\\Users\\\\b_a_s\\\\AppData\\\\Local\\\\Temp\\\\aiboard-native-verifier-authority-7gqA2n"}
# Subtest: verifier model calls and evidence inspections consume the governed run budget
ok 230 - verifier model calls and evidence inspections consume the governed run budget
  ---
  duration_ms: 116.5557
  type: 'test'
  ...
# C5 CLI root: {"event":"created","path":"C:\\\\Users\\\\b_a_s\\\\AppData\\\\Local\\\\Temp\\\\aiboard-native-verifier-stale-ZHIdLa"}
# C5 CLI root: {"event":"created","path":"C:\\\\Users\\\\b_a_s\\\\AppData\\\\Local\\\\Temp\\\\aiboard-native-verifier-verdict-OwxQgR"}
# Subtest: verifier cannot invoke write, commit, lifecycle, or completion tools
ok 231 - verifier cannot invoke write, commit, lifecycle, or completion tools
  ---
  duration_ms: 84.1586
  type: 'test'
  ...
# Subtest: verifier refuses a workspace whose revision differs from the requested integration snapshot
ok 232 - verifier refuses a workspace whose revision differs from the requested integration snapshot
  ---
  duration_ms: 46.7383
  type: 'test'
  ...
# C5 CLI root: {"event":"created","path":"C:\\\\Users\\\\b_a_s\\\\AppData\\\\Local\\\\Temp\\\\aiboard-native-verifier-verdict-replay-4GxOxC"}
# C5 CLI root: {"event":"created","path":"C:\\\\Users\\\\b_a_s\\\\AppData\\\\Local\\\\Temp\\\\aiboard-native-verifier-verdict-pending-fYFuZW"}
# Subtest: verifier submits one typed criterion-complete lifecycle verdict with kernel-bound identity
ok 233 - verifier submits one typed criterion-complete lifecycle verdict with kernel-bound identity
  ---
  duration_ms: 63.6768
  type: 'test'
  ...
# Subtest: persisted verifier verdict resumes without a duplicate model call
ok 234 - persisted verifier verdict resumes without a duplicate model call
  ---
  duration_ms: 50.008
  type: 'test'
  ...
# Subtest: restart after a durable model response executes its pending verdict without another model call
ok 235 - restart after a durable model response executes its pending verdict without another model call
  ---
  duration_ms: 67.2846
  type: 'test'
  ...
# C5 CLI root: {"event":"exit","path":"C:\\\\Users\\\\b_a_s\\\\AppData\\\\Local\\\\Temp\\\\aiboard-native-verifier-preferred-zRaZU3","existsAtExit":false}
# C5 CLI root: {"event":"exit","path":"C:\\\\Users\\\\b_a_s\\\\AppData\\\\Local\\\\Temp\\\\aiboard-native-verifier-provider-fallback-MONV3s","existsAtExit":false}
# C5 CLI root: {"event":"exit","path":"C:\\\\Users\\\\b_a_s\\\\AppData\\\\Local\\\\Temp\\\\aiboard-native-verifier-context-DCFx7A","existsAtExit":false}
# C5 CLI root: {"event":"exit","path":"C:\\\\Users\\\\b_a_s\\\\AppData\\\\Local\\\\Temp\\\\aiboard-native-verifier-budget-attribution-P5Ie9T","existsAtExit":false}
# C5 CLI root: {"event":"exit","path":"C:\\\\Users\\\\b_a_s\\\\AppData\\\\Local\\\\Temp\\\\aiboard-native-verifier-authority-7gqA2n","existsAtExit":false}
# C5 CLI root: {"event":"exit","path":"C:\\\\Users\\\\b_a_s\\\\AppData\\\\Local\\\\Temp\\\\aiboard-native-verifier-stale-ZHIdLa","existsAtExit":false}
# C5 CLI root: {"event":"exit","path":"C:\\\\Users\\\\b_a_s\\\\AppData\\\\Local\\\\Temp\\\\aiboard-native-verifier-verdict-OwxQgR","existsAtExit":false}
# C5 CLI root: {"event":"exit","path":"C:\\\\Users\\\\b_a_s\\\\AppData\\\\Local\\\\Temp\\\\aiboard-native-verifier-verdict-replay-4GxOxC","existsAtExit":false}
# C5 CLI root: {"event":"exit","path":"C:\\\\Users\\\\b_a_s\\\\AppData\\\\Local\\\\Temp\\\\aiboard-native-verifier-verdict-pending-fYFuZW","existsAtExit":false}
# C5 CLI root: {"event":"created","path":"C:\\\\Users\\\\b_a_s\\\\AppData\\\\Local\\\\Temp\\\\aiboard-native-worker-9Zpk5D"}
# Subtest: worker model calls carry direct durable role and task attribution
ok 236 - worker model calls carry direct durable role and task attribution
  ---
  duration_ms: 0.804
  type: 'test'
  ...
# Subtest: steering reassignment gets a distinct session while ordinary and recovered sessions stay compatible
ok 237 - steering reassignment gets a distinct session while ordinary and recovered sessions stay compatible
  ---
  duration_ms: 0.2162
  type: 'test'
  ...
# Subtest: invalid worker requests fail once instead of cycling through runtimes
ok 238 - invalid worker requests fail once instead of cycling through runtimes
  ---
  duration_ms: 0.0781
  type: 'test'
  ...
# Subtest: worker lifecycle no-ops preserve the attempt and receive a fresh resume reminder
ok 239 - worker lifecycle no-ops preserve the attempt and receive a fresh resume reminder
  ---
  duration_ms: 0.2112
  type: 'test'
  ...
# C5 CLI root: {"event":"created","path":"C:\\\\Users\\\\b_a_s\\\\AppData\\\\Local\\\\Temp\\\\aiboard-production-one-shot-jI43go"}
# C5 CLI root: {"event":"created","path":"C:\\\\Users\\\\b_a_s\\\\AppData\\\\Local\\\\Temp\\\\aiboard-native-worker-cancel-WbNngA"}
# Subtest: native worker fails over with the same session, context, tools, and evidence
ok 240 - native worker fails over with the same session, context, tools, and evidence
  ---
  duration_ms: 5357.7965
  type: 'test'
  ...
# Subtest: native worker cancellation interrupts an admitted provider retry sleep
ok 241 - native worker cancellation interrupts an admitted provider retry sleep
  ---
  duration_ms: 1633.9776
  type: 'test'
  ...
# Subtest: worker skill routing prefers required capability skills over generic description overlap
ok 242 - worker skill routing prefers required capability skills over generic description overlap
  ---
  duration_ms: 0.783
  type: 'test'
  ...
# C5 CLI root: {"event":"exit","path":"C:\\\\Users\\\\b_a_s\\\\AppData\\\\Local\\\\Temp\\\\aiboard-native-worker-9Zpk5D","existsAtExit":false}
# C5 CLI root: {"event":"exit","path":"C:\\\\Users\\\\b_a_s\\\\AppData\\\\Local\\\\Temp\\\\aiboard-production-one-shot-jI43go","existsAtExit":false}
# C5 CLI root: {"event":"exit","path":"C:\\\\Users\\\\b_a_s\\\\AppData\\\\Local\\\\Temp\\\\aiboard-native-worker-cancel-WbNngA","existsAtExit":false}
# C5 CLI root: {"event":"created","path":"C:\\\\Users\\\\b_a_s\\\\AppData\\\\Local\\\\Temp\\\\aiboard-readonly-subagent-evBCDd"}
# C5 CLI root: {"event":"created","path":"C:\\\\Users\\\\b_a_s\\\\AppData\\\\Local\\\\Temp\\\\aiboard-subagent-language-R1ZMgI"}
# Subtest: read-only subagents expose no workspace mutation tools and are concurrency-safe
ok 243 - read-only subagents expose no workspace mutation tools and are concurrency-safe
  ---
  duration_ms: 88.6515
  type: 'test'
  ...
# C5 CLI root: {"event":"created","path":"C:\\\\Users\\\\b_a_s\\\\AppData\\\\Local\\\\Temp\\\\aiboard-attributed-subagent-Rh6ntY"}
# Subtest: subagents route code intelligence through the supplied shared language router
ok 244 - subagents route code intelligence through the supplied shared language router
  ---
  duration_ms: 85.5403
  type: 'test'
  ...
# Subtest: subagent model calls use child role and session attribution
ok 245 - subagent model calls use child role and session attribution
  ---
  duration_ms: 99.6128
  type: 'test'
  ...
# C5 CLI root: {"event":"exit","path":"C:\\\\Users\\\\b_a_s\\\\AppData\\\\Local\\\\Temp\\\\aiboard-readonly-subagent-evBCDd","existsAtExit":false}
# C5 CLI root: {"event":"exit","path":"C:\\\\Users\\\\b_a_s\\\\AppData\\\\Local\\\\Temp\\\\aiboard-subagent-language-R1ZMgI","existsAtExit":false}
# C5 CLI root: {"event":"exit","path":"C:\\\\Users\\\\b_a_s\\\\AppData\\\\Local\\\\Temp\\\\aiboard-attributed-subagent-Rh6ntY","existsAtExit":false}
# C5 CLI root: {"event":"created","path":"C:\\\\Users\\\\b_a_s\\\\AppData\\\\Local\\\\Temp\\\\aiboard-broker-paths-MwJC6O"}
# C5 CLI root: {"event":"created","path":"C:\\\\Users\\\\b_a_s\\\\AppData\\\\Local\\\\Temp\\\\aiboard-broker-permission-VpFscA"}
# Subtest: project profile allows contained writes but blocks traversal and symlink escape
ok 246 - project profile allows contained writes but blocks traversal and symlink escape
  ---
  duration_ms: 9.443
  type: 'test'
  ...
# C5 CLI root: {"event":"created","path":"C:\\\\Users\\\\b_a_s\\\\AppData\\\\Local\\\\Temp\\\\aiboard-broker-external-7QtDnt"}
# C5 CLI root: {"event":"created","path":"C:\\\\Users\\\\b_a_s\\\\AppData\\\\Local\\\\Temp\\\\aiboard-broker-idempotency-dxekFv"}
# Subtest: guarded approvals and full access follow the configured permission ceiling
ok 247 - guarded approvals and full access follow the configured permission ceiling
  ---
  duration_ms: 5.7344
  type: 'test'
  ...
# Subtest: project profile never treats an external effect as an ordinary workspace action
ok 248 - project profile never treats an external effect as an ordinary workspace action
  ---
  duration_ms: 0.7619
  type: 'test'
  ...
# C5 CLI root: {"event":"created","path":"C:\\\\Users\\\\b_a_s\\\\AppData\\\\Local\\\\Temp\\\\aiboard-broker-budget-DIBLPA"}
# Subtest: call identity prevents duplicate or conflicting side effects
ok 249 - call identity prevents duplicate or conflicting side effects
  ---
  duration_ms: 2.0345
  type: 'test'
  ...
# C5 CLI root: {"event":"created","path":"C:\\\\Users\\\\b_a_s\\\\AppData\\\\Local\\\\Temp\\\\aiboard-broker-output-4Nkp8Z"}
# Subtest: tool execution reserves the hard tool-call budget before side effects
ok 250 - tool execution reserves the hard tool-call budget before side effects
  ---
  duration_ms: 24.9727
  type: 'test'
  ...
# C5 CLI root: {"event":"created","path":"C:\\\\Users\\\\b_a_s\\\\AppData\\\\Local\\\\Temp\\\\aiboard-broker-grant-4mT4qD"}
# Subtest: large outputs become artifacts and timeouts abort the tool
ok 251 - large outputs become artifacts and timeouts abort the tool
  ---
  duration_ms: 63.4846
  type: 'test'
  ...
# Subtest: authorization attaches one Runner-created call-bound grant and revokes leftovers
ok 252 - authorization attaches one Runner-created call-bound grant and revokes leftovers
  ---
  duration_ms: 108.4006
  type: 'test'
  ...
# C5 CLI root: {"event":"exit","path":"C:\\\\Users\\\\b_a_s\\\\AppData\\\\Local\\\\Temp\\\\aiboard-broker-paths-MwJC6O","existsAtExit":false}
# C5 CLI root: {"event":"exit","path":"C:\\\\Users\\\\b_a_s\\\\AppData\\\\Local\\\\Temp\\\\aiboard-broker-permission-VpFscA","existsAtExit":false}
# C5 CLI root: {"event":"exit","path":"C:\\\\Users\\\\b_a_s\\\\AppData\\\\Local\\\\Temp\\\\aiboard-broker-external-7QtDnt","existsAtExit":false}
# C5 CLI root: {"event":"exit","path":"C:\\\\Users\\\\b_a_s\\\\AppData\\\\Local\\\\Temp\\\\aiboard-broker-idempotency-dxekFv","existsAtExit":false}
# C5 CLI root: {"event":"exit","path":"C:\\\\Users\\\\b_a_s\\\\AppData\\\\Local\\\\Temp\\\\aiboard-broker-budget-DIBLPA","existsAtExit":false}
# C5 CLI root: {"event":"exit","path":"C:\\\\Users\\\\b_a_s\\\\AppData\\\\Local\\\\Temp\\\\aiboard-broker-output-4Nkp8Z","existsAtExit":false}
# C5 CLI root: {"event":"exit","path":"C:\\\\Users\\\\b_a_s\\\\AppData\\\\Local\\\\Temp\\\\aiboard-broker-grant-4mT4qD","existsAtExit":false}
# C5 CLI root: {"event":"created","path":"C:\\\\Users\\\\b_a_s\\\\AppData\\\\Local\\\\Temp\\\\aiboard-tool-ledger-replay-JAr7UG"}
# C5 CLI root: {"event":"created","path":"C:\\\\Users\\\\b_a_s\\\\AppData\\\\Local\\\\Temp\\\\aiboard-tool-ledger-doubt-6ei3Kr"}
# Subtest: completed side effects replay their durable result after broker restart
ok 253 - completed side effects replay their durable result after broker restart
  ---
  duration_ms: 34.0817
  type: 'test'
  ...
# Subtest: in-doubt mutation is not repeated and conflicting reuse is rejected
ok 254 - in-doubt mutation is not repeated and conflicting reuse is rejected
  ---
  duration_ms: 19.3476
  type: 'test'
  ...
# C5 CLI root: {"event":"exit","path":"C:\\\\Users\\\\b_a_s\\\\AppData\\\\Local\\\\Temp\\\\aiboard-tool-ledger-replay-JAr7UG","existsAtExit":false}
# C5 CLI root: {"event":"exit","path":"C:\\\\Users\\\\b_a_s\\\\AppData\\\\Local\\\\Temp\\\\aiboard-tool-ledger-doubt-6ei3Kr","existsAtExit":false}
# C5 CLI root: {"event":"created","path":"C:\\\\Users\\\\b_a_s\\\\AppData\\\\Local\\\\Temp\\\\aiboard-verification-create exact-yqYsJu"}
# C5 CLI root: {"event":"created","path":"C:\\\\Users\\\\b_a_s\\\\AppData\\\\Local\\\\Temp\\\\aiboard-verification-independent-verifier-L29DzJ"}
# Subtest: creates a detached verification worktree at the exact integration revision
ok 255 - creates a detached verification worktree at the exact integration revision
  ---
  duration_ms: 2632.4456
  type: 'test'
  ...
# C5 CLI root: {"event":"created","path":"C:\\\\Users\\\\b_a_s\\\\AppData\\\\Local\\\\Temp\\\\aiboard-verification-reopen-AciW8S"}
# Subtest: independent verifier owns a clean workspace separate from final verification
ok 256 - independent verifier owns a clean workspace separate from final verification
  ---
  duration_ms: 3124.235
  type: 'test'
  ...
# C5 CLI root: {"event":"created","path":"C:\\\\Users\\\\b_a_s\\\\AppData\\\\Local\\\\Temp\\\\aiboard-verification-containment-ja5fPk"}
# Subtest: reopens the same valid workspace and rejects dirty or wrong-revision workspaces
ok 257 - reopens the same valid workspace and rejects dirty or wrong-revision workspaces
  ---
  duration_ms: 3701.6682
  type: 'test'
  ...
# C5 CLI root: {"event":"created","path":"C:\\\\Users\\\\b_a_s\\\\AppData\\\\Local\\\\Temp\\\\aiboard-verification-outside-8agZhE"}
# C5 CLI root: {"event":"created","path":"C:\\\\Users\\\\b_a_s\\\\AppData\\\\Local\\\\Temp\\\\aiboard-verification-dirty-canonical-tv7ToY"}
# Subtest: rejects a symlink, path escape, and unexpected existing verification directory
ok 258 - rejects a symlink, path escape, and unexpected existing verification directory
  ---
  duration_ms: 1590.5967
  type: 'test'
  ...
# C5 CLI root: {"event":"created","path":"C:\\\\Users\\\\b_a_s\\\\AppData\\\\Local\\\\Temp\\\\aiboard-verification-cleanup-ykIa7o"}
# Subtest: refuses a dirty canonical checkout before creating verification state
ok 259 - refuses a dirty canonical checkout before creating verification state
  ---
  duration_ms: 1681.2337
  type: 'test'
  ...
# Subtest: cleanup removes only the owned verification worktree and preserves integration history
ok 260 - cleanup removes only the owned verification worktree and preserves integration history
  ---
  duration_ms: 2691.1498
  type: 'test'
  ...
# C5 CLI root: {"event":"exit","path":"C:\\\\Users\\\\b_a_s\\\\AppData\\\\Local\\\\Temp\\\\aiboard-verification-create exact-yqYsJu","existsAtExit":false}
# C5 CLI root: {"event":"exit","path":"C:\\\\Users\\\\b_a_s\\\\AppData\\\\Local\\\\Temp\\\\aiboard-verification-independent-verifier-L29DzJ","existsAtExit":false}
# C5 CLI root: {"event":"exit","path":"C:\\\\Users\\\\b_a_s\\\\AppData\\\\Local\\\\Temp\\\\aiboard-verification-reopen-AciW8S","existsAtExit":false}
# C5 CLI root: {"event":"exit","path":"C:\\\\Users\\\\b_a_s\\\\AppData\\\\Local\\\\Temp\\\\aiboard-verification-containment-ja5fPk","existsAtExit":false}
# C5 CLI root: {"event":"exit","path":"C:\\\\Users\\\\b_a_s\\\\AppData\\\\Local\\\\Temp\\\\aiboard-verification-outside-8agZhE","existsAtExit":false}
# C5 CLI root: {"event":"exit","path":"C:\\\\Users\\\\b_a_s\\\\AppData\\\\Local\\\\Temp\\\\aiboard-verification-dirty-canonical-tv7ToY","existsAtExit":false}
# C5 CLI root: {"event":"exit","path":"C:\\\\Users\\\\b_a_s\\\\AppData\\\\Local\\\\Temp\\\\aiboard-verification-cleanup-ykIa7o","existsAtExit":false}
# C5 CLI root: {"event":"created","path":"C:\\\\Users\\\\b_a_s\\\\AppData\\\\Local\\\\Temp\\\\aiboard-worker-extension-live-Vdy2aF"}
# C5 CLI root: {"event":"created","path":"C:\\\\Users\\\\b_a_s\\\\AppData\\\\Local\\\\Temp\\\\aiboard-worker-language-live-rLE3Ku"}
# Subtest: worker runtime runs mutating extension tools inside its isolated workspace
ok 261 - worker runtime runs mutating extension tools inside its isolated workspace
  ---
  duration_ms: 1229.3855
  type: 'test'
  ...
# C5 CLI root: {"event":"created","path":"C:\\\\Users\\\\b_a_s\\\\AppData\\\\Local\\\\Temp\\\\aiboard-worker-runtime-KshGyL"}
# Subtest: worker runtime routes code tools through the supplied shared language router
ok 262 - worker runtime routes code tools through the supplied shared language router
  ---
  duration_ms: 1147.3293
  type: 'test'
  ...
# C5 CLI root: {"event":"created","path":"C:\\\\Users\\\\b_a_s\\\\AppData\\\\Local\\\\Temp\\\\aiboard-production-one-shot-C4Pdge"}
# C5 CLI root: {"event":"created","path":"C:\\\\Users\\\\b_a_s\\\\AppData\\\\Local\\\\Temp\\\\aiboard-worker-browser-evidence-IohOcT"}
# Subtest: worker inspects, edits, tests, diffs, restarts, and submits a typed change set
ok 263 - worker inspects, edits, tests, diffs, restarts, and submits a typed change set
  ---
  duration_ms: 6263.267
  type: 'test'
  ...
# C5 CLI root: {"event":"created","path":"C:\\\\Users\\\\b_a_s\\\\AppData\\\\Local\\\\Temp\\\\aiboard-worker-no-change-JEFoyP"}
# Subtest: worker submits automatically recorded browser facts as durable review evidence
ok 264 - worker submits automatically recorded browser facts as durable review evidence
  ---
  duration_ms: 1571.593
  type: 'test'
  ...
# C5 CLI root: {"event":"created","path":"C:\\\\Users\\\\b_a_s\\\\AppData\\\\Local\\\\Temp\\\\aiboard-production-one-shot-qWkBfu"}
# C5 CLI root: {"event":"created","path":"C:\\\\Users\\\\b_a_s\\\\AppData\\\\Local\\\\Temp\\\\aiboard-worker-subagent-ISV1vh"}
# Subtest: worker can submit an evidence-backed inspection task without fabricating a commit
ok 265 - worker can submit an evidence-backed inspection task without fabricating a commit
  ---
  duration_ms: 5891.8655
  type: 'test'
  ...
# C5 CLI root: {"event":"created","path":"C:\\\\Users\\\\b_a_s\\\\AppData\\\\Local\\\\Temp\\\\aiboard-production-one-shot-rWx48q"}
# C5 CLI root: {"event":"created","path":"C:\\\\Users\\\\b_a_s\\\\AppData\\\\Local\\\\Temp\\\\aiboard-worker-criterion-contract-5TELXa"}
# Subtest: worker subagent edits the shared task workspace and returns without parent lifecycle authority
ok 266 - worker subagent edits the shared task workspace and returns without parent lifecycle authority
  ---
  duration_ms: 3952.2863
  type: 'test'
  ...
# Subtest: worker submission cannot bypass exact criterion evidence coverage
ok 267 - worker submission cannot bypass exact criterion evidence coverage
  ---
  duration_ms: 1512.8597
  type: 'test'
  ...
# C5 CLI root: {"event":"exit","path":"C:\\\\Users\\\\b_a_s\\\\AppData\\\\Local\\\\Temp\\\\aiboard-worker-extension-live-Vdy2aF","existsAtExit":false}
# C5 CLI root: {"event":"exit","path":"C:\\\\Users\\\\b_a_s\\\\AppData\\\\Local\\\\Temp\\\\aiboard-worker-language-live-rLE3Ku","existsAtExit":false}
# C5 CLI root: {"event":"exit","path":"C:\\\\Users\\\\b_a_s\\\\AppData\\\\Local\\\\Temp\\\\aiboard-worker-runtime-KshGyL","existsAtExit":false}
# C5 CLI root: {"event":"exit","path":"C:\\\\Users\\\\b_a_s\\\\AppData\\\\Local\\\\Temp\\\\aiboard-production-one-shot-C4Pdge","existsAtExit":false}
# C5 CLI root: {"event":"exit","path":"C:\\\\Users\\\\b_a_s\\\\AppData\\\\Local\\\\Temp\\\\aiboard-worker-browser-evidence-IohOcT","existsAtExit":false}
# C5 CLI root: {"event":"exit","path":"C:\\\\Users\\\\b_a_s\\\\AppData\\\\Local\\\\Temp\\\\aiboard-worker-no-change-JEFoyP","existsAtExit":false}
# C5 CLI root: {"event":"exit","path":"C:\\\\Users\\\\b_a_s\\\\AppData\\\\Local\\\\Temp\\\\aiboard-production-one-shot-qWkBfu","existsAtExit":false}
# C5 CLI root: {"event":"exit","path":"C:\\\\Users\\\\b_a_s\\\\AppData\\\\Local\\\\Temp\\\\aiboard-worker-subagent-ISV1vh","existsAtExit":false}
# C5 CLI root: {"event":"exit","path":"C:\\\\Users\\\\b_a_s\\\\AppData\\\\Local\\\\Temp\\\\aiboard-production-one-shot-rWx48q","existsAtExit":false}
# C5 CLI root: {"event":"exit","path":"C:\\\\Users\\\\b_a_s\\\\AppData\\\\Local\\\\Temp\\\\aiboard-worker-criterion-contract-5TELXa","existsAtExit":false}
# C5 CLI root: {"event":"created","path":"C:\\\\Users\\\\b_a_s\\\\AppData\\\\Local\\\\Temp\\\\aiboard-workspaces-CCFBwu"}
# C5 CLI root: {"event":"created","path":"C:\\\\Users\\\\b_a_s\\\\AppData\\\\Local\\\\Temp\\\\aiboard-workspace-clean-WeYNeC"}
# Subtest: task worktrees isolate concurrent edits and create attributable commits
ok 268 - task worktrees isolate concurrent edits and create attributable commits
  ---
  duration_ms: 3089.991
  type: 'test'
  ...
# C5 CLI root: {"event":"created","path":"C:\\\\Users\\\\b_a_s\\\\AppData\\\\Local\\\\Temp\\\\aiboard-workspace-bounded-JALr6F"}
# Subtest: committing an unchanged task produces a typed mechanical error
ok 269 - committing an unchanged task produces a typed mechanical error
  ---
  duration_ms: 1340.0339
  type: 'test'
  ...
# C5 CLI root: {"event":"created","path":"C:\\\\Users\\\\b_a_s\\\\AppData\\\\Local\\\\Temp\\\\aiboard-workspace-retries-gtTebJ"}
# Subtest: long run and task identifiers use bounded worktree and branch segments
ok 270 - long run and task identifiers use bounded worktree and branch segments
  ---
  duration_ms: 1195.5203
  type: 'test'
  ...
# C5 CLI root: {"event":"created","path":"C:\\\\Users\\\\b_a_s\\\\AppData\\\\Local\\\\Temp\\\\aiboard-workspace-cleanup-TiKHtC"}
# Subtest: retries use fresh worktrees based on the current integration revision
ok 271 - retries use fresh worktrees based on the current integration revision
  ---
  duration_ms: 2147.0134
  type: 'test'
  ...
# C5 CLI root: {"event":"created","path":"C:\\\\Users\\\\b_a_s\\\\AppData\\\\Local\\\\Temp\\\\aiboard-workspace-root-race-R4DtSP"}
# Subtest: cleanup removes every owned task worktree and branch, prunes, and is idempotent
ok 272 - cleanup removes every owned task worktree and branch, prunes, and is idempotent
  ---
  duration_ms: 2456.818
  type: 'test'
  ...
# C5 CLI root: {"event":"created","path":"C:\\\\Users\\\\b_a_s\\\\AppData\\\\Local\\\\Temp\\\\aiboard-workspace-empty-stale-IP4oxh"}
# Subtest: cleanup preserves a file created immediately before workspace root removal
ok 273 - cleanup preserves a file created immediately before workspace root removal
  ---
  duration_ms: 1621.9591
  type: 'test'
  ...
# C5 CLI root: {"event":"created","path":"C:\\\\Users\\\\b_a_s\\\\AppData\\\\Local\\\\Temp\\\\aiboard-workspace-nonempty-stale-YukVpP"}
# Subtest: cleanup removes an empty task directory after its stale worktree record was pruned
ok 274 - cleanup removes an empty task directory after its stale worktree record was pruned
  ---
  duration_ms: 1706.7875
  type: 'test'
  ...
# C5 CLI root: {"event":"created","path":"C:\\\\Users\\\\b_a_s\\\\AppData\\\\Local\\\\Temp\\\\aiboard-workspace-owner-uMbGbc"}
# Subtest: cleanup refuses a nonempty invalid task directory with a stale worktree record
ok 275 - cleanup refuses a nonempty invalid task directory with a stale worktree record
  ---
  duration_ms: 1470.2549
  type: 'test'
  ...
# C5 CLI root: {"event":"created","path":"C:\\\\Users\\\\b_a_s\\\\AppData\\\\Local\\\\Temp\\\\aiboard-workspace-associated-YHXlzx"}
# Subtest: cleanup rejects a task worktree whose ownership no longer matches
ok 276 - cleanup rejects a task worktree whose ownership no longer matches
  ---
  duration_ms: 1579.2311
  type: 'test'
  ...
# Subtest: cleanup rejects a missing descriptor associated with another worktree path
ok 277 - cleanup rejects a missing descriptor associated with another worktree path
  ---
  duration_ms: 1424.6449
  type: 'test'
  ...
# C5 CLI root: {"event":"exit","path":"C:\\\\Users\\\\b_a_s\\\\AppData\\\\Local\\\\Temp\\\\aiboard-workspaces-CCFBwu","existsAtExit":false}
# C5 CLI root: {"event":"exit","path":"C:\\\\Users\\\\b_a_s\\\\AppData\\\\Local\\\\Temp\\\\aiboard-workspace-clean-WeYNeC","existsAtExit":false}
# C5 CLI root: {"event":"exit","path":"C:\\\\Users\\\\b_a_s\\\\AppData\\\\Local\\\\Temp\\\\aiboard-workspace-bounded-JALr6F","existsAtExit":false}
# C5 CLI root: {"event":"exit","path":"C:\\\\Users\\\\b_a_s\\\\AppData\\\\Local\\\\Temp\\\\aiboard-workspace-retries-gtTebJ","existsAtExit":false}
# C5 CLI root: {"event":"exit","path":"C:\\\\Users\\\\b_a_s\\\\AppData\\\\Local\\\\Temp\\\\aiboard-workspace-cleanup-TiKHtC","existsAtExit":false}
# C5 CLI root: {"event":"exit","path":"C:\\\\Users\\\\b_a_s\\\\AppData\\\\Local\\\\Temp\\\\aiboard-workspace-root-race-R4DtSP","existsAtExit":false}
# C5 CLI root: {"event":"exit","path":"C:\\\\Users\\\\b_a_s\\\\AppData\\\\Local\\\\Temp\\\\aiboard-workspace-empty-stale-IP4oxh","existsAtExit":false}
# C5 CLI root: {"event":"exit","path":"C:\\\\Users\\\\b_a_s\\\\AppData\\\\Local\\\\Temp\\\\aiboard-workspace-nonempty-stale-YukVpP","existsAtExit":false}
# C5 CLI root: {"event":"exit","path":"C:\\\\Users\\\\b_a_s\\\\AppData\\\\Local\\\\Temp\\\\aiboard-workspace-owner-uMbGbc","existsAtExit":false}
# C5 CLI root: {"event":"exit","path":"C:\\\\Users\\\\b_a_s\\\\AppData\\\\Local\\\\Temp\\\\aiboard-workspace-associated-YHXlzx","existsAtExit":false}
1..277
# tests 282
# suites 0
# pass 281
# fail 1
# cancelled 0
# skipped 0
# todo 0
# duration_ms 941766.9584
